stage,batch_index,s_partial,batch_size,sigma,curve_index,BITS,TPI,word0,word1,word2,word3,word4
begin,0,1,200,1566377599,0,1024,8,0x000000007fffffffffffffffffffffffffffffffffffffffffffffffffffffffffffffffffffffffffffffffffffffffffffffffffffffffffffffffffffffffffffffffffffffffffffffffffffffffffffffffffffffffffffffffffffffffffffffffffffffffffffffffffffffffffffffffffffffffffffffffffffffff,0x0000000000000000000000000000000000000000000000000000000000000000000000000000000000000000000000000000000000000000000000000000000000000000000000000000000000000000000000000000000000000000000000000000000000000000000000000000000000000000000000000000000000000002,0x0000000000000000000000000000000000000000000000000000000000000000000000000000000000000000000000000000000000000000000000000000000000000000000000000000000000000000000000000000000000000000000000000000000000000000000000000000000000000000000000000000000000000001,0x0000000000000000000000000000000000000000000000000000000000000000000000000000000000000000000000000000000000000000000000000000000000000000000000000000000000000000000000000000000000000000000000000000000000000000000000000000000000000000000000000000000000000009,0x000000002ba0cfe000000000000000000000000000000000000000000000000000000000000000000000000000000000000000000000000000000000000000000000000000000000000000000000000000000000000000000000000000000000000000000000000000000000000000000000000000000000000000000000001f
begin,0,1,200,1566377599,1,1024,8,0x000000007fffffffffffffffffffffffffffffffffffffffffffffffffffffffffffffffffffffffffffffffffffffffffffffffffffffffffffffffffffffffffffffffffffffffffffffffffffffffffffffffffffffffffffffffffffffffffffffffffffffffffffffffffffffffffffffffffffffffffffffffffffffff,0x0000000000000000000000000000000000000000000000000000000000000000000000000000000000000000000000000000000000000000000000000000000000000000000000000000000000000000000000000000000000000000000000000000000000000000000000000000000000000000000000000000000000000002,0x0000000000000000000000000000000000000000000000000000000000000000000000000000000000000000000000000000000000000000000000000000000000000000000000000000000000000000000000000000000000000000000000000000000000000000000000000000000000000000000000000000000000000001,0x0000000000000000000000000000000000000000000000000000000000000000000000000000000000000000000000000000000000000000000000000000000000000000000000000000000000000000000000000000000000000000000000000000000000000000000000000000000000000000000000000000000000000009,0x000000002ba0d00000000000000000000000000000000000000000000000000000000000000000000000000000000000000000000000000000000000000000000000000000000000000000000000000000000000000000000000000000000000000000000000000000000000000000000000000000000000000000000000001f
begin,0,1,200,1566377599,2,1024,8,0x000000007fffffffffffffffffffffffffffffffffffffffffffffffffffffffffffffffffffffffffffffffffffffffffffffffffffffffffffffffffffffffffffffffffffffffffffffffffffffffffffffffffffffffffffffffffffffffffffffffffffffffffffffffffffffffffffffffffffffffffffffffffffffff,0x0000000000000000000000000000000000000000000000000000000000000000000000000000000000000000000000000000000000000000000000000000000000000000000000000000000000000000000000000000000000000000000000000000000000000000000000000000000000000000000000000000000000000002,0x0000000000000000000000000000000000000000000000000000000000000000000000000000000000000000000000000000000000000000000000000000000000000000000000000000000000000000000000000000000000000000000000000000000000000000000000000000000000000000000000000000000000000001,0x0000000000000000000000000000000000000000000000000000000000000000000000000000000000000000000000000000000000000000000000000000000000000000000000000000000000000000000000000000000000000000000000000000000000000000000000000000000000000000000000000000000000000009,0x000000002ba0d02000000000000000000000000000000000000000000000000000000000000000000000000000000000000000000000000000000000000000000000000000000000000000000000000000000000000000000000000000000000000000000000000000000000000000000000000000000000000000000000001f
begin,0,1,200,1566377599,3,1024,8,0x000000007fffffffffffffffffffffffffffffffffffffffffffffffffffffffffffffffffffffffffffffffffffffffffffffffffffffffffffffffffffffffffffffffffffffffffffffffffffffffffffffffffffffffffffffffffffffffffffffffffffffffffffffffffffffffffffffffffffffffffffffffffffffff,0x0000000000000000000000000000000000000000000000000000000000000000000000000000000000000000000000000000000000000000000000000000000000000000000000000000000000000000000000000000000000000000000000000000000000000000000000000000000000000000000000000000000000000002,0x0000000000000000000000000000000000000000000000000000000000000000000000000000000000000000000000000000000000000000000000000000000000000000000000000000000000000000000000000000000000000000000000000000000000000000000000000000000000000000000000000000000000000001,0x0000000000000000000000000000000000000000000000000000000000000000000000000000000000000000000000000000000000000000000000000000000000000000000000000000000000000000000000000000000000000000000000000000000000000000000000000000000000000000000000000000000000000009,0x000000002ba0d04000000000000000000000000000000000000000000000000000000000000000000000000000000000000000000000000000000000000000000000000000000000000000000000000000000000000000000000000000000000000000000000000000000000000000000000000000000000000000000000001f
begin,0,1,200,1566377599,4,1024,8,0x000000007fffffffffffffffffffffffffffffffffffffffffffffffffffffffffffffffffffffffffffffffffffffffffffffffffffffffffffffffffffffffffffffffffffffffffffffffffffffffffffffffffffffffffffffffffffffffffffffffffffffffffffffffffffffffffffffffffffffffffffffffffffffff,0x0000000000000000000000000000000000000000000000000000000000000000000000000000000000000000000000000000000000000000000000000000000000000000000000000000000000000000000000000000000000000000000000000000000000000000000000000000000000000000000000000000000000000002,0x0000000000000000000000000000000000000000000000000000000000000000000000000000000000000000000000000000000000000000000000000000000000000000000000000000000000000000000000000000000000000000000000000000000000000000000000000000000000000000000000000000000000000001,0x0000000000000000000000000000000000000000000000000000000000000000000000000000000000000000000000000000000000000000000000000000000000000000000000000000000000000000000000000000000000000000000000000000000000000000000000000000000000000000000000000000000000000009,0x000000002ba0d06000000000000000000000000000000000000000000000000000000000000000000000000000000000000000000000000000000000000000000000000000000000000000000000000000000000000000000000000000000000000000000000000000000000000000000000000000000000000000000000001f
begin,0,1,200,1566377599,5,1024,8,0x000000007fffffffffffffffffffffffffffffffffffffffffffffffffffffffffffffffffffffffffffffffffffffffffffffffffffffffffffffffffffffffffffffffffffffffffffffffffffffffffffffffffffffffffffffffffffffffffffffffffffffffffffffffffffffffffffffffffffffffffffffffffffffff,0x0000000000000000000000000000000000000000000000000000000000000000000000000000000000000000000000000000000000000000000000000000000000000000000000000000000000000000000000000000000000000000000000000000000000000000000000000000000000000000000000000000000000000002,0x0000000000000000000000000000000000000000000000000000000000000000000000000000000000000000000000000000000000000000000000000000000000000000000000000000000000000000000000000000000000000000000000000000000000000000000000000000000000000000000000000000000000000001,0x0000000000000000000000000000000000000000000000000000000000000000000000000000000000000000000000000000000000000000000000000000000000000000000000000000000000000000000000000000000000000000000000000000000000000000000000000000000000000000000000000000000000000009,0x000000002ba0d08000000000000000000000000000000000000000000000000000000000000000000000000000000000000000000000000000000000000000000000000000000000000000000000000000000000000000000000000000000000000000000000000000000000000000000000000000000000000000000000001f
begin,0,1,200,1566377599,6,1024,8,0x000000007fffffffffffffffffffffffffffffffffffffffffffffffffffffffffffffffffffffffffffffffffffffffffffffffffffffffffffffffffffffffffffffffffffffffffffffffffffffffffffffffffffffffffffffffffffffffffffffffffffffffffffffffffffffffffffffffffffffffffffffffffffffff,0x0000000000000000000000000000000000000000000000000000000000000000000000000000000000000000000000000000000000000000000000000000000000000000000000000000000000000000000000000000000000000000000000000000000000000000000000000000000000000000000000000000000000000002,0x0000000000000000000000000000000000000000000000000000000000000000000000000000000000000000000000000000000000000000000000000000000000000000000000000000000000000000000000000000000000000000000000000000000000000000000000000000000000000000000000000000000000000001,0x0000000000000000000000000000000000000000000000000000000000000000000000000000000000000000000000000000000000000000000000000000000000000000000000000000000000000000000000000000000000000000000000000000000000000000000000000000000000000000000000000000000000000009,0x000000002ba0d0a000000000000000000000000000000000000000000000000000000000000000000000000000000000000000000000000000000000000000000000000000000000000000000000000000000000000000000000000000000000000000000000000000000000000000000000000000000000000000000000001f
begin,0,1,200,1566377599,7,1024,8,0x000000007fffffffffffffffffffffffffffffffffffffffffffffffffffffffffffffffffffffffffffffffffffffffffffffffffffffffffffffffffffffffffffffffffffffffffffffffffffffffffffffffffffffffffffffffffffffffffffffffffffffffffffffffffffffffffffffffffffffffffffffffffffffff,0x0000000000000000000000000000000000000000000000000000000000000000000000000000000000000000000000000000000000000000000000000000000000000000000000000000000000000000000000000000000000000000000000000000000000000000000000000000000000000000000000000000000000000002,0x0000000000000000000000000000000000000000000000000000000000000000000000000000000000000000000000000000000000000000000000000000000000000000000000000000000000000000000000000000000000000000000000000000000000000000000000000000000000000000000000000000000000000001,0x0000000000000000000000000000000000000000000000000000000000000000000000000000000000000000000000000000000000000000000000000000000000000000000000000000000000000000000000000000000000000000000000000000000000000000000000000000000000000000000000000000000000000009,0x000000002ba0d0c000000000000000000000000000000000000000000000000000000000000000000000000000000000000000000000000000000000000000000000000000000000000000000000000000000000000000000000000000000000000000000000000000000000000000000000000000000000000000000000001f
begin,0,1,200,1566377599,8,1024,8,0x000000007fffffffffffffffffffffffffffffffffffffffffffffffffffffffffffffffffffffffffffffffffffffffffffffffffffffffffffffffffffffffffffffffffffffffffffffffffffffffffffffffffffffffffffffffffffffffffffffffffffffffffffffffffffffffffffffffffffffffffffffffffffffff,0x0000000000000000000000000000000000000000000000000000000000000000000000000000000000000000000000000000000000000000000000000000000000000000000000000000000000000000000000000000000000000000000000000000000000000000000000000000000000000000000000000000000000000002,0x0000000000000000000000000000000000000000000000000000000000000000000000000000000000000000000000000000000000000000000000000000000000000000000000000000000000000000000000000000000000000000000000000000000000000000000000000000000000000000000000000000000000000001,0x0000000000000000000000000000000000000000000000000000000000000000000000000000000000000000000000000000000000000000000000000000000000000000000000000000000000000000000000000000000000000000000000000000000000000000000000000000000000000000000000000000000000000009,0x000000002ba0d0e000000000000000000000000000000000000000000000000000000000000000000000000000000000000000000000000000000000000000000000000000000000000000000000000000000000000000000000000000000000000000000000000000000000000000000000000000000000000000000000001f
begin,0,1,200,1566377599,9,1024,8,0x000000007fffffffffffffffffffffffffffffffffffffffffffffffffffffffffffffffffffffffffffffffffffffffffffffffffffffffffffffffffffffffffffffffffffffffffffffffffffffffffffffffffffffffffffffffffffffffffffffffffffffffffffffffffffffffffffffffffffffffffffffffffffffff,0x0000000000000000000000000000000000000000000000000000000000000000000000000000000000000000000000000000000000000000000000000000000000000000000000000000000000000000000000000000000000000000000000000000000000000000000000000000000000000000000000000000000000000002,0x0000000000000000000000000000000000000000000000000000000000000000000000000000000000000000000000000000000000000000000000000000000000000000000000000000000000000000000000000000000000000000000000000000000000000000000000000000000000000000000000000000000000000001,0x0000000000000000000000000000000000000000000000000000000000000000000000000000000000000000000000000000000000000000000000000000000000000000000000000000000000000000000000000000000000000000000000000000000000000000000000000000000000000000000000000000000000000009,0x000000002ba0d10000000000000000000000000000000000000000000000000000000000000000000000000000000000000000000000000000000000000000000000000000000000000000000000000000000000000000000000000000000000000000000000000000000000000000000000000000000000000000000000001f
begin,0,1,200,1566377599,10,1024,8,0x000000007fffffffffffffffffffffffffffffffffffffffffffffffffffffffffffffffffffffffffffffffffffffffffffffffffffffffffffffffffffffffffffffffffffffffffffffffffffffffffffffffffffffffffffffffffffffffffffffffffffffffffffffffffffffffffffffffffffffffffffffffffffffff,0x0000000000000000000000000000000000000000000000000000000000000000000000000000000000000000000000000000000000000000000000000000000000000000000000000000000000000000000000000000000000000000000000000000000000000000000000000000000000000000000000000000000000000002,0x0000000000000000000000000000000000000000000000000000000000000000000000000000000000000000000000000000000000000000000000000000000000000000000000000000000000000000000000000000000000000000000000000000000000000000000000000000000000000000000000000000000000000001,0x0000000000000000000000000000000000000000000000000000000000000000000000000000000000000000000000000000000000000000000000000000000000000000000000000000000000000000000000000000000000000000000000000000000000000000000000000000000000000000000000000000000000000009,0x000000002ba0d12000000000000000000000000000000000000000000000000000000000000000000000000000000000000000000000000000000000000000000000000000000000000000000000000000000000000000000000000000000000000000000000000000000000000000000000000000000000000000000000001f
begin,0,1,200,1566377599,11,1024,8,0x000000007fffffffffffffffffffffffffffffffffffffffffffffffffffffffffffffffffffffffffffffffffffffffffffffffffffffffffffffffffffffffffffffffffffffffffffffffffffffffffffffffffffffffffffffffffffffffffffffffffffffffffffffffffffffffffffffffffffffffffffffffffffffff,0x0000000000000000000000000000000000000000000000000000000000000000000000000000000000000000000000000000000000000000000000000000000000000000000000000000000000000000000000000000000000000000000000000000000000000000000000000000000000000000000000000000000000000002,0x0000000000000000000000000000000000000000000000000000000000000000000000000000000000000000000000000000000000000000000000000000000000000000000000000000000000000000000000000000000000000000000000000000000000000000000000000000000000000000000000000000000000000001,0x0000000000000000000000000000000000000000000000000000000000000000000000000000000000000000000000000000000000000000000000000000000000000000000000000000000000000000000000000000000000000000000000000000000000000000000000000000000000000000000000000000000000000009,0x000000002ba0d14000000000000000000000000000000000000000000000000000000000000000000000000000000000000000000000000000000000000000000000000000000000000000000000000000000000000000000000000000000000000000000000000000000000000000000000000000000000000000000000001f
begin,0,1,200,1566377599,12,1024,8,0x000000007fffffffffffffffffffffffffffffffffffffffffffffffffffffffffffffffffffffffffffffffffffffffffffffffffffffffffffffffffffffffffffffffffffffffffffffffffffffffffffffffffffffffffffffffffffffffffffffffffffffffffffffffffffffffffffffffffffffffffffffffffffffff,0x0000000000000000000000000000000000000000000000000000000000000000000000000000000000000000000000000000000000000000000000000000000000000000000000000000000000000000000000000000000000000000000000000000000000000000000000000000000000000000000000000000000000000002,0x0000000000000000000000000000000000000000000000000000000000000000000000000000000000000000000000000000000000000000000000000000000000000000000000000000000000000000000000000000000000000000000000000000000000000000000000000000000000000000000000000000000000000001,0x0000000000000000000000000000000000000000000000000000000000000000000000000000000000000000000000000000000000000000000000000000000000000000000000000000000000000000000000000000000000000000000000000000000000000000000000000000000000000000000000000000000000000009,0x000000002ba0d16000000000000000000000000000000000000000000000000000000000000000000000000000000000000000000000000000000000000000000000000000000000000000000000000000000000000000000000000000000000000000000000000000000000000000000000000000000000000000000000001f
begin,0,1,200,1566377599,13,1024,8,0x000000007fffffffffffffffffffffffffffffffffffffffffffffffffffffffffffffffffffffffffffffffffffffffffffffffffffffffffffffffffffffffffffffffffffffffffffffffffffffffffffffffffffffffffffffffffffffffffffffffffffffffffffffffffffffffffffffffffffffffffffffffffffffff,0x0000000000000000000000000000000000000000000000000000000000000000000000000000000000000000000000000000000000000000000000000000000000000000000000000000000000000000000000000000000000000000000000000000000000000000000000000000000000000000000000000000000000000002,0x0000000000000000000000000000000000000000000000000000000000000000000000000000000000000000000000000000000000000000000000000000000000000000000000000000000000000000000000000000000000000000000000000000000000000000000000000000000000000000000000000000000000000001,0x0000000000000000000000000000000000000000000000000000000000000000000000000000000000000000000000000000000000000000000000000000000000000000000000000000000000000000000000000000000000000000000000000000000000000000000000000000000000000000000000000000000000000009,0x000000002ba0d18000000000000000000000000000000000000000000000000000000000000000000000000000000000000000000000000000000000000000000000000000000000000000000000000000000000000000000000000000000000000000000000000000000000000000000000000000000000000000000000001f
begin,0,1,200,1566377599,14,1024,8,0x000000007fffffffffffffffffffffffffffffffffffffffffffffffffffffffffffffffffffffffffffffffffffffffffffffffffffffffffffffffffffffffffffffffffffffffffffffffffffffffffffffffffffffffffffffffffffffffffffffffffffffffffffffffffffffffffffffffffffffffffffffffffffffff,0x0000000000000000000000000000000000000000000000000000000000000000000000000000000000000000000000000000000000000000000000000000000000000000000000000000000000000000000000000000000000000000000000000000000000000000000000000000000000000000000000000000000000000002,0x0000000000000000000000000000000000000000000000000000000000000000000000000000000000000000000000000000000000000000000000000000000000000000000000000000000000000000000000000000000000000000000000000000000000000000000000000000000000000000000000000000000000000001,0x0000000000000000000000000000000000000000000000000000000000000000000000000000000000000000000000000000000000000000000000000000000000000000000000000000000000000000000000000000000000000000000000000000000000000000000000000000000000000000000000000000000000000009,0x000000002ba0d1a000000000000000000000000000000000000000000000000000000000000000000000000000000000000000000000000000000000000000000000000000000000000000000000000000000000000000000000000000000000000000000000000000000000000000000000000000000000000000000000001f
begin,0,1,200,1566377599,15,1024,8,0x000000007fffffffffffffffffffffffffffffffffffffffffffffffffffffffffffffffffffffffffffffffffffffffffffffffffffffffffffffffffffffffffffffffffffffffffffffffffffffffffffffffffffffffffffffffffffffffffffffffffffffffffffffffffffffffffffffffffffffffffffffffffffffff,0x0000000000000000000000000000000000000000000000000000000000000000000000000000000000000000000000000000000000000000000000000000000000000000000000000000000000000000000000000000000000000000000000000000000000000000000000000000000000000000000000000000000000000002,0x0000000000000000000000000000000000000000000000000000000000000000000000000000000000000000000000000000000000000000000000000000000000000000000000000000000000000000000000000000000000000000000000000000000000000000000000000000000000000000000000000000000000000001,0x0000000000000000000000000000000000000000000000000000000000000000000000000000000000000000000000000000000000000000000000000000000000000000000000000000000000000000000000000000000000000000000000000000000000000000000000000000000000000000000000000000000000000009,0x000000002ba0d1c000000000000000000000000000000000000000000000000000000000000000000000000000000000000000000000000000000000000000000000000000000000000000000000000000000000000000000000000000000000000000000000000000000000000000000000000000000000000000000000001f
begin,0,1,200,1566377599,16,1024,8,0x000000007fffffffffffffffffffffffffffffffffffffffffffffffffffffffffffffffffffffffffffffffffffffffffffffffffffffffffffffffffffffffffffffffffffffffffffffffffffffffffffffffffffffffffffffffffffffffffffffffffffffffffffffffffffffffffffffffffffffffffffffffffffffff,0x0000000000000000000000000000000000000000000000000000000000000000000000000000000000000000000000000000000000000000000000000000000000000000000000000000000000000000000000000000000000000000000000000000000000000000000000000000000000000000000000000000000000000002,0x0000000000000000000000000000000000000000000000000000000000000000000000000000000000000000000000000000000000000000000000000000000000000000000000000000000000000000000000000000000000000000000000000000000000000000000000000000000000000000000000000000000000000001,0x0000000000000000000000000000000000000000000000000000000000000000000000000000000000000000000000000000000000000000000000000000000000000000000000000000000000000000000000000000000000000000000000000000000000000000000000000000000000000000000000000000000000000009,0x000000002ba0d1e000000000000000000000000000000000000000000000000000000000000000000000000000000000000000000000000000000000000000000000000000000000000000000000000000000000000000000000000000000000000000000000000000000000000000000000000000000000000000000000001f
begin,0,1,200,1566377599,17,1024,8,0x000000007fffffffffffffffffffffffffffffffffffffffffffffffffffffffffffffffffffffffffffffffffffffffffffffffffffffffffffffffffffffffffffffffffffffffffffffffffffffffffffffffffffffffffffffffffffffffffffffffffffffffffffffffffffffffffffffffffffffffffffffffffffffff,0x0000000000000000000000000000000000000000000000000000000000000000000000000000000000000000000000000000000000000000000000000000000000000000000000000000000000000000000000000000000000000000000000000000000000000000000000000000000000000000000000000000000000000002,0x0000000000000000000000000000000000000000000000000000000000000000000000000000000000000000000000000000000000000000000000000000000000000000000000000000000000000000000000000000000000000000000000000000000000000000000000000000000000000000000000000000000000000001,0x0000000000000000000000000000000000000000000000000000000000000000000000000000000000000000000000000000000000000000000000000000000000000000000000000000000000000000000000000000000000000000000000000000000000000000000000000000000000000000000000000000000000000009,0x000000002ba0d20000000000000000000000000000000000000000000000000000000000000000000000000000000000000000000000000000000000000000000000000000000000000000000000000000000000000000000000000000000000000000000000000000000000000000000000000000000000000000000000001f
begin,0,1,200,1566377599,18,1024,8,0x000000007fffffffffffffffffffffffffffffffffffffffffffffffffffffffffffffffffffffffffffffffffffffffffffffffffffffffffffffffffffffffffffffffffffffffffffffffffffffffffffffffffffffffffffffffffffffffffffffffffffffffffffffffffffffffffffffffffffffffffffffffffffffff,0x0000000000000000000000000000000000000000000000000000000000000000000000000000000000000000000000000000000000000000000000000000000000000000000000000000000000000000000000000000000000000000000000000000000000000000000000000000000000000000000000000000000000000002,0x0000000000000000000000000000000000000000000000000000000000000000000000000000000000000000000000000000000000000000000000000000000000000000000000000000000000000000000000000000000000000000000000000000000000000000000000000000000000000000000000000000000000000001,0x0000000000000000000000000000000000000000000000000000000000000000000000000000000000000000000000000000000000000000000000000000000000000000000000000000000000000000000000000000000000000000000000000000000000000000000000000000000000000000000000000000000000000009,0x000000002ba0d22000000000000000000000000000000000000000000000000000000000000000000000000000000000000000000000000000000000000000000000000000000000000000000000000000000000000000000000000000000000000000000000000000000000000000000000000000000000000000000000001f
begin,0,1,200,1566377599,19,1024,8,0x000000007fffffffffffffffffffffffffffffffffffffffffffffffffffffffffffffffffffffffffffffffffffffffffffffffffffffffffffffffffffffffffffffffffffffffffffffffffffffffffffffffffffffffffffffffffffffffffffffffffffffffffffffffffffffffffffffffffffffffffffffffffffffff,0x0000000000000000000000000000000000000000000000000000000000000000000000000000000000000000000000000000000000000000000000000000000000000000000000000000000000000000000000000000000000000000000000000000000000000000000000000000000000000000000000000000000000000002,0x0000000000000000000000000000000000000000000000000000000000000000000000000000000000000000000000000000000000000000000000000000000000000000000000000000000000000000000000000000000000000000000000000000000000000000000000000000000000000000000000000000000000000001,0x0000000000000000000000000000000000000000000000000000000000000000000000000000000000000000000000000000000000000000000000000000000000000000000000000000000000000000000000000000000000000000000000000000000000000000000000000000000000000000000000000000000000000009,0x000000002ba0d24000000000000000000000000000000000000000000000000000000000000000000000000000000000000000000000000000000000000000000000000000000000000000000000000000000000000000000000000000000000000000000000000000000000000000000000000000000000000000000000001f
begin,0,1,200,1566377599,20,1024,8,0x000000007fffffffffffffffffffffffffffffffffffffffffffffffffffffffffffffffffffffffffffffffffffffffffffffffffffffffffffffffffffffffffffffffffffffffffffffffffffffffffffffffffffffffffffffffffffffffffffffffffffffffffffffffffffffffffffffffffffffffffffffffffffffff,0x0000000000000000000000000000000000000000000000000000000000000000000000000000000000000000000000000000000000000000000000000000000000000000000000000000000000000000000000000000000000000000000000000000000000000000000000000000000000000000000000000000000000000002,0x0000000000000000000000000000000000000000000000000000000000000000000000000000000000000000000000000000000000000000000000000000000000000000000000000000000000000000000000000000000000000000000000000000000000000000000000000000000000000000000000000000000000000001,0x0000000000000000000000000000000000000000000000000000000000000000000000000000000000000000000000000000000000000000000000000000000000000000000000000000000000000000000000000000000000000000000000000000000000000000000000000000000000000000000000000000000000000009,0x000000002ba0d26000000000000000000000000000000000000000000000000000000000000000000000000000000000000000000000000000000000000000000000000000000000000000000000000000000000000000000000000000000000000000000000000000000000000000000000000000000000000000000000001f
begin,0,1,200,1566377599,21,1024,8,0x000000007fffffffffffffffffffffffffffffffffffffffffffffffffffffffffffffffffffffffffffffffffffffffffffffffffffffffffffffffffffffffffffffffffffffffffffffffffffffffffffffffffffffffffffffffffffffffffffffffffffffffffffffffffffffffffffffffffffffffffffffffffffffff,0x0000000000000000000000000000000000000000000000000000000000000000000000000000000000000000000000000000000000000000000000000000000000000000000000000000000000000000000000000000000000000000000000000000000000000000000000000000000000000000000000000000000000000002,0x0000000000000000000000000000000000000000000000000000000000000000000000000000000000000000000000000000000000000000000000000000000000000000000000000000000000000000000000000000000000000000000000000000000000000000000000000000000000000000000000000000000000000001,0x0000000000000000000000000000000000000000000000000000000000000000000000000000000000000000000000000000000000000000000000000000000000000000000000000000000000000000000000000000000000000000000000000000000000000000000000000000000000000000000000000000000000000009,0x000000002ba0d28000000000000000000000000000000000000000000000000000000000000000000000000000000000000000000000000000000000000000000000000000000000000000000000000000000000000000000000000000000000000000000000000000000000000000000000000000000000000000000000001f
begin,0,1,200,1566377599,22,1024,8,0x000000007fffffffffffffffffffffffffffffffffffffffffffffffffffffffffffffffffffffffffffffffffffffffffffffffffffffffffffffffffffffffffffffffffffffffffffffffffffffffffffffffffffffffffffffffffffffffffffffffffffffffffffffffffffffffffffffffffffffffffffffffffffffff,0x0000000000000000000000000000000000000000000000000000000000000000000000000000000000000000000000000000000000000000000000000000000000000000000000000000000000000000000000000000000000000000000000000000000000000000000000000000000000000000000000000000000000000002,0x0000000000000000000000000000000000000000000000000000000000000000000000000000000000000000000000000000000000000000000000000000000000000000000000000000000000000000000000000000000000000000000000000000000000000000000000000000000000000000000000000000000000000001,0x0000000000000000000000000000000000000000000000000000000000000000000000000000000000000000000000000000000000000000000000000000000000000000000000000000000000000000000000000000000000000000000000000000000000000000000000000000000000000000000000000000000000000009,0x000000002ba0d2a000000000000000000000000000000000000000000000000000000000000000000000000000000000000000000000000000000000000000000000000000000000000000000000000000000000000000000000000000000000000000000000000000000000000000000000000000000000000000000000001f
begin,0,1,200,1566377599,23,1024,8,0x000000007fffffffffffffffffffffffffffffffffffffffffffffffffffffffffffffffffffffffffffffffffffffffffffffffffffffffffffffffffffffffffffffffffffffffffffffffffffffffffffffffffffffffffffffffffffffffffffffffffffffffffffffffffffffffffffffffffffffffffffffffffffffff,0x0000000000000000000000000000000000000000000000000000000000000000000000000000000000000000000000000000000000000000000000000000000000000000000000000000000000000000000000000000000000000000000000000000000000000000000000000000000000000000000000000000000000000002,0x0000000000000000000000000000000000000000000000000000000000000000000000000000000000000000000000000000000000000000000000000000000000000000000000000000000000000000000000000000000000000000000000000000000000000000000000000000000000000000000000000000000000000001,0x0000000000000000000000000000000000000000000000000000000000000000000000000000000000000000000000000000000000000000000000000000000000000000000000000000000000000000000000000000000000000000000000000000000000000000000000000000000000000000000000000000000000000009,0x000000002ba0d2c000000000000000000000000000000000000000000000000000000000000000000000000000000000000000000000000000000000000000000000000000000000000000000000000000000000000000000000000000000000000000000000000000000000000000000000000000000000000000000000001f
begin,0,1,200,1566377599,24,1024,8,0x000000007fffffffffffffffffffffffffffffffffffffffffffffffffffffffffffffffffffffffffffffffffffffffffffffffffffffffffffffffffffffffffffffffffffffffffffffffffffffffffffffffffffffffffffffffffffffffffffffffffffffffffffffffffffffffffffffffffffffffffffffffffffffff,0x0000000000000000000000000000000000000000000000000000000000000000000000000000000000000000000000000000000000000000000000000000000000000000000000000000000000000000000000000000000000000000000000000000000000000000000000000000000000000000000000000000000000000002,0x0000000000000000000000000000000000000000000000000000000000000000000000000000000000000000000000000000000000000000000000000000000000000000000000000000000000000000000000000000000000000000000000000000000000000000000000000000000000000000000000000000000000000001,0x0000000000000000000000000000000000000000000000000000000000000000000000000000000000000000000000000000000000000000000000000000000000000000000000000000000000000000000000000000000000000000000000000000000000000000000000000000000000000000000000000000000000000009,0x000000002ba0d2e000000000000000000000000000000000000000000000000000000000000000000000000000000000000000000000000000000000000000000000000000000000000000000000000000000000000000000000000000000000000000000000000000000000000000000000000000000000000000000000001f
begin,0,1,200,1566377599,25,1024,8,0x000000007fffffffffffffffffffffffffffffffffffffffffffffffffffffffffffffffffffffffffffffffffffffffffffffffffffffffffffffffffffffffffffffffffffffffffffffffffffffffffffffffffffffffffffffffffffffffffffffffffffffffffffffffffffffffffffffffffffffffffffffffffffffff,0x0000000000000000000000000000000000000000000000000000000000000000000000000000000000000000000000000000000000000000000000000000000000000000000000000000000000000000000000000000000000000000000000000000000000000000000000000000000000000000000000000000000000000002,0x0000000000000000000000000000000000000000000000000000000000000000000000000000000000000000000000000000000000000000000000000000000000000000000000000000000000000000000000000000000000000000000000000000000000000000000000000000000000000000000000000000000000000001,0x0000000000000000000000000000000000000000000000000000000000000000000000000000000000000000000000000000000000000000000000000000000000000000000000000000000000000000000000000000000000000000000000000000000000000000000000000000000000000000000000000000000000000009,0x000000002ba0d30000000000000000000000000000000000000000000000000000000000000000000000000000000000000000000000000000000000000000000000000000000000000000000000000000000000000000000000000000000000000000000000000000000000000000000000000000000000000000000000001f
begin,0,1,200,1566377599,26,1024,8,0x000000007fffffffffffffffffffffffffffffffffffffffffffffffffffffffffffffffffffffffffffffffffffffffffffffffffffffffffffffffffffffffffffffffffffffffffffffffffffffffffffffffffffffffffffffffffffffffffffffffffffffffffffffffffffffffffffffffffffffffffffffffffffffff,0x0000000000000000000000000000000000000000000000000000000000000000000000000000000000000000000000000000000000000000000000000000000000000000000000000000000000000000000000000000000000000000000000000000000000000000000000000000000000000000000000000000000000000002,0x0000000000000000000000000000000000000000000000000000000000000000000000000000000000000000000000000000000000000000000000000000000000000000000000000000000000000000000000000000000000000000000000000000000000000000000000000000000000000000000000000000000000000001,0x0000000000000000000000000000000000000000000000000000000000000000000000000000000000000000000000000000000000000000000000000000000000000000000000000000000000000000000000000000000000000000000000000000000000000000000000000000000000000000000000000000000000000009,0x000000002ba0d32000000000000000000000000000000000000000000000000000000000000000000000000000000000000000000000000000000000000000000000000000000000000000000000000000000000000000000000000000000000000000000000000000000000000000000000000000000000000000000000001f
begin,0,1,200,1566377599,27,1024,8,0x000000007fffffffffffffffffffffffffffffffffffffffffffffffffffffffffffffffffffffffffffffffffffffffffffffffffffffffffffffffffffffffffffffffffffffffffffffffffffffffffffffffffffffffffffffffffffffffffffffffffffffffffffffffffffffffffffffffffffffffffffffffffffffff,0x0000000000000000000000000000000000000000000000000000000000000000000000000000000000000000000000000000000000000000000000000000000000000000000000000000000000000000000000000000000000000000000000000000000000000000000000000000000000000000000000000000000000000002,0x0000000000000000000000000000000000000000000000000000000000000000000000000000000000000000000000000000000000000000000000000000000000000000000000000000000000000000000000000000000000000000000000000000000000000000000000000000000000000000000000000000000000000001,0x0000000000000000000000000000000000000000000000000000000000000000000000000000000000000000000000000000000000000000000000000000000000000000000000000000000000000000000000000000000000000000000000000000000000000000000000000000000000000000000000000000000000000009,0x000000002ba0d34000000000000000000000000000000000000000000000000000000000000000000000000000000000000000000000000000000000000000000000000000000000000000000000000000000000000000000000000000000000000000000000000000000000000000000000000000000000000000000000001f
begin,0,1,200,1566377599,28,1024,8,0x000000007fffffffffffffffffffffffffffffffffffffffffffffffffffffffffffffffffffffffffffffffffffffffffffffffffffffffffffffffffffffffffffffffffffffffffffffffffffffffffffffffffffffffffffffffffffffffffffffffffffffffffffffffffffffffffffffffffffffffffffffffffffffff,0x0000000000000000000000000000000000000000000000000000000000000000000000000000000000000000000000000000000000000000000000000000000000000000000000000000000000000000000000000000000000000000000000000000000000000000000000000000000000000000000000000000000000000002,0x0000000000000000000000000000000000000000000000000000000000000000000000000000000000000000000000000000000000000000000000000000000000000000000000000000000000000000000000000000000000000000000000000000000000000000000000000000000000000000000000000000000000000001,0x0000000000000000000000000000000000000000000000000000000000000000000000000000000000000000000000000000000000000000000000000000000000000000000000000000000000000000000000000000000000000000000000000000000000000000000000000000000000000000000000000000000000000009,0x000000002ba0d36000000000000000000000000000000000000000000000000000000000000000000000000000000000000000000000000000000000000000000000000000000000000000000000000000000000000000000000000000000000000000000000000000000000000000000000000000000000000000000000001f
begin,0,1,200,1566377599,29,1024,8,0x000000007fffffffffffffffffffffffffffffffffffffffffffffffffffffffffffffffffffffffffffffffffffffffffffffffffffffffffffffffffffffffffffffffffffffffffffffffffffffffffffffffffffffffffffffffffffffffffffffffffffffffffffffffffffffffffffffffffffffffffffffffffffffff,0x0000000000000000000000000000000000000000000000000000000000000000000000000000000000000000000000000000000000000000000000000000000000000000000000000000000000000000000000000000000000000000000000000000000000000000000000000000000000000000000000000000000000000002,0x0000000000000000000000000000000000000000000000000000000000000000000000000000000000000000000000000000000000000000000000000000000000000000000000000000000000000000000000000000000000000000000000000000000000000000000000000000000000000000000000000000000000000001,0x0000000000000000000000000000000000000000000000000000000000000000000000000000000000000000000000000000000000000000000000000000000000000000000000000000000000000000000000000000000000000000000000000000000000000000000000000000000000000000000000000000000000000009,0x000000002ba0d38000000000000000000000000000000000000000000000000000000000000000000000000000000000000000000000000000000000000000000000000000000000000000000000000000000000000000000000000000000000000000000000000000000000000000000000000000000000000000000000001f
begin,0,1,200,1566377599,30,1024,8,0x000000007fffffffffffffffffffffffffffffffffffffffffffffffffffffffffffffffffffffffffffffffffffffffffffffffffffffffffffffffffffffffffffffffffffffffffffffffffffffffffffffffffffffffffffffffffffffffffffffffffffffffffffffffffffffffffffffffffffffffffffffffffffffff,0x0000000000000000000000000000000000000000000000000000000000000000000000000000000000000000000000000000000000000000000000000000000000000000000000000000000000000000000000000000000000000000000000000000000000000000000000000000000000000000000000000000000000000002,0x0000000000000000000000000000000000000000000000000000000000000000000000000000000000000000000000000000000000000000000000000000000000000000000000000000000000000000000000000000000000000000000000000000000000000000000000000000000000000000000000000000000000000001,0x0000000000000000000000000000000000000000000000000000000000000000000000000000000000000000000000000000000000000000000000000000000000000000000000000000000000000000000000000000000000000000000000000000000000000000000000000000000000000000000000000000000000000009,0x000000002ba0d3a000000000000000000000000000000000000000000000000000000000000000000000000000000000000000000000000000000000000000000000000000000000000000000000000000000000000000000000000000000000000000000000000000000000000000000000000000000000000000000000001f
begin,0,1,200,1566377599,31,1024,8,0x000000007fffffffffffffffffffffffffffffffffffffffffffffffffffffffffffffffffffffffffffffffffffffffffffffffffffffffffffffffffffffffffffffffffffffffffffffffffffffffffffffffffffffffffffffffffffffffffffffffffffffffffffffffffffffffffffffffffffffffffffffffffffffff,0x0000000000000000000000000000000000000000000000000000000000000000000000000000000000000000000000000000000000000000000000000000000000000000000000000000000000000000000000000000000000000000000000000000000000000000000000000000000000000000000000000000000000000002,0x0000000000000000000000000000000000000000000000000000000000000000000000000000000000000000000000000000000000000000000000000000000000000000000000000000000000000000000000000000000000000000000000000000000000000000000000000000000000000000000000000000000000000001,0x0000000000000000000000000000000000000000000000000000000000000000000000000000000000000000000000000000000000000000000000000000000000000000000000000000000000000000000000000000000000000000000000000000000000000000000000000000000000000000000000000000000000000009,0x000000002ba0d3c000000000000000000000000000000000000000000000000000000000000000000000000000000000000000000000000000000000000000000000000000000000000000000000000000000000000000000000000000000000000000000000000000000000000000000000000000000000000000000000001f
end,1,201,200,1566377599,0,1024,8,0x000000007fffffffffffffffffffffffffffffffffffffffffffffffffffffffffffffffffffffffffffffffffffffffffffffffffffffffffffffffffffffffffffffffffffffffffffffffffffffffffffffffffffffffffffffffffffffffffffffffffffffffffffffffffffffffffffffffffffffffffffffffffffffff,0x000000000b7bc2df3439c639d4c4910311f3beb3f3732d69a2eda6920cd407912831138305cfc4f4dc107c74abfe6d54e5303b9de76b481293a092184bd1dbfb45d20490713c2026b836a75248c4b46d4ae7f2abfd170f19de46e91ec2548645c590d2e0273584ea84fb1b5c6032915cfb6f086660dd2f38e9a944917f66cb14,0x000000002bbad963fa72bda371474cb4e76468d5030bd8e93767c86ddc1c8d8e03aba123ebc2d7e9ed07e56a4c4b1523b21fe9e804c7b8e269101fb9b8a85a8952bca4ebc6952195ca160f26450973a6e7eb546b348d2f55a3ef6e7b6d3e92e9aa3d544d35d406c5e4d1e0de3b7c8332b9a849c6ff0ef5b791a6a706fcad3cb8,0x000000004f2aa62d220ba00d8ed8f03c0a89cc47020a6fccffe5a8fab1ccc226d1708a60f6f3ed94307534ca7c2e4c15ff0c0d9adeda75fbabeed85894bd87965a269e08f49fd016bc63483e931d73c176eaa88e65899d69fedce0b885750ee79847916110c6638a627147b1f22c1a65c99202693edd68a3e4c0c4efe372a63f,0x0000000032e55f80a77fed0e100990d166132a05ad292c1ccdefdd1e59e63b506cdbcbb909b05cfe2b0c166183a277fc7f02b63bd04541c1af1587eaebd0a14bee46aa4eafea0fc06e81532f55b2a2c78ba28d4c92dd9b251577a58b375584238bcb62b3e4b23ee4147c1c2fb9c4daa4b72dc1651c36b4398e10673cfd436f50
end,1,201,200,1566377599,1,1024,8,0x000000007fffffffffffffffffffffffffffffffffffffffffffffffffffffffffffffffffffffffffffffffffffffffffffffffffffffffffffffffffffffffffffffffffffffffffffffffffffffffffffffffffffffffffffffffffffffffffffffffffffffffffffffffffffffffffffffffffffffffffffffffffffffff,0x0000000041de17273854940cd8945c123deae55c151dc2b3c5f3e2dc49b259514988068f14df06c5b55889b02bbe0a135c149751ec8db79c3d411e988b10c61c706642cbc98c55aef78395a0603aa485ab2676f89275c09055129324d789a8d2f8f9d0b3d95bc46841946ce00d1d419ca3012d47a7313776968f4b66d121a9aa,0x00000000096260ca7c27de55ea527b7bc5f8a9716c7e4577fb4c90ab3fb289b1ff42e61b6905adc72308854196af6248a164b6cd20beffb2c4371c5f41bc383caad204135dab20cb1a875d11415c14cc07628ff640cd6140501c402c496fb51db17b7f40bdc018f00509c8b935f4eea8bec1f968862705b383fb6ede8d068f5c,0x0000000030e6a1d6d6ab6cf82705a6181acc856e2eb6e7ea8d49da8c4826008e7eb1a6ab62b466d67ba776bccca3d2890ae806ef138edc8ee01546a9114c3a7703d88c49d58cc79622f15139388718f722ca89eb3025910e6206f7298e1cd335baac4a8c2db187ef1343675cee5b32fa250e145cbcb32b907519e79091a89e2d,0x00000000600111fa22e2d7228798d2ebeaa3c748f55be468d0fc253ba446a3cb765d78770a9dabe210fd9c5232663bff8c59021bca2cce1343e78b3dce84e838009339105bc010d8fefdb0746349e07a31087b0d684c4fa7877385e75e4a3fd4d8616bf1cfe0c4756971ee7d0927a2df3b2def1b454e570355e4d322c85858ae
end,1,201,200,1566377599,2,1024,8,0x000000007fffffffffffffffffffffffffffffffffffffffffffffffffffffffffffffffffffffffffffffffffffffffffffffffffffffffffffffffffffffffffffffffffffffffffffffffffffffffffffffffffffffffffffffffffffffffffffffffffffffffffffffffffffffffffffffffffffffffffffffffffffffff,0x0000000040a837df8d3c3ae5b61a40cceb5738d5e3f55b0baa64a09f070b3f9b3dfff6b483abd5c2bd6ca0815234b6bda46df4ff46a3062377db93d88354909790e30cb37f8de2d2d744fb9e8c82f76437215efb32357c83bbee55be771249c5711f9e3900ffa16650d7194b07e7dae00114af98422ba7ebfdc7ae0b3da54587,0x0000000012d04d76fce7e7b05f89ba4f4dc2d21f1e2022181805dcce1b7d9694de9dd6f6ef0a23a9c9727fd1e3f4fabb1204b6e0dff7c89be5c9211040c0165abdb4a109e91d6527a1a7f187b161a492cb892f90511cd52d0f48bcf49804609e0431849e4e5bab1630249568b0250b5a955c0c80e19c878be529ddc7ffa439d8,0x000000007d189f4775ce7683c3e2d7c0550401049619e77a306910cf035db99800b5ffb36914f4e01f5605f0e68bf41fd32720b18b3b8e3b7780bbe062998c4d5a802d4458a0894ce25cd14ac8a28284d6d3a7423cb055b913932ccc1b97ba0363e7f6133fdb527f61ce48a687f675d2702d59db6e1a6e1156bde3359d87a4d2,0x0000000014ded284b7d36e621a0f98f86f7972bc6c96423d6783299c631c178c3fb4033921205cc0208befd7aeca3c984622b71eb807f57678c71fbcf1fd9a2d5ade93e343d88f8cab4ecd43a526e95cf5a9746733e519a44e8f59058a80490e5b4769248c25891b459a7a8e2a1d581a24b0383db1cfdec6acf2c96f404493b3
end,1,201,200,1566377599,3,1024,8,0x000000007fffffffffffffffffffffffffffffffffffffffffffffffffffffffffffffffffffffffffffffffffffffffffffffffffffffffffffffffffffffffffffffffffffffffffffffffffffffffffffffffffffffffffffffffffffffffffffffffffffffffffffffffffffffffffffffffffffffffffffffffffffffff,0x000000003c477eab4c5d350a80e6d38f351f934b88005e30695db6c8b3cb552877d129c509e661cdde7dfb00dd0015c92c953811cefd7d2f897a706481eefebf502c11a346096de9ff3676a8942ec58d721ebeb2cdd06d1846924ef5b1e723492ca1cf677a6cb90309f7ccfc19d101a32e569aba3e8657bcf556a38fda64ba25,0x00000000714067a08ed3361c26128e7bbf6b66f62e8e66c67d044d9c1bb0110fd882cf7da9bf4b4743e7bc3fa6b99e6d0648ad40eb86c985a85c7043466b2c810e993ff92306e37cf201a8ccc6f530eda4b32e7f290224d1c9206789a7b9fc6295c3ccb16546b6a186eee1c94458ee2eea93e55ee00bbd4bd131990aabff5431,0x000000005179372da7f5887b6f2186064cd5bc14512569574df3c078092533663b1fa5d760adf50f83dd8ef12771be51519ba955eeb17d51bac9050bca941505df71cad9e840b035911de74ccb7227195e4fe67a921f6820c7fcc70f73ddec9acada42f383b4163ee52ecca314ba7878b06d12031151ece2736a1a1d2308217e,0x00000000036130abaaea91fc0c54178455656fb87a93d2120cd2c683011a5a60928faa18c02540ee8e6d8a1e05cc8366b7abeeda95f6800d5a4db14a51b66d8dc5bca4761631132f39fc8f0de020c94c967e21f3232ed2aa5cc5a9a64c550f1f5a97c0bf27888834404abae8d20978211adf443c7ddcd8053dda474b0409934b
end,1,201,200,1566377599,4,1024,8,0x000000007fffffffffffffffffffffffffffffffffffffffffffffffffffffffffffffffffffffffffffffffffffffffffffffffffffffffffffffffffffffffffffffffffffffffffffffffffffffffffffffffffffffffffffffffffffffffffffffffffffffffffffffffffffffffffffffffffffffffffffffffffffffff,0x000000002aa11086e861f53a442947a53b93b5859fc5f6220dce034ec2076f52f2a3612c5c25aaedd7c08702235a2a793a25ed4d9a28db1d547395bd6176fe9bdad0a4fb64c1309c37707bbf8cf3712a79da7cee1826389ddf1584055f169a090c88f2ae4fc13ab8f6b574230ceeb3d09665d91d85e40f99e9d8c7180ec8438e,0x000000000eaa8d85d74ef8de558334f0d038a4c1153b1a06f43d68b7480eba0778f0bc9870edfeaf126e49481bc124dc942d8a77b0fd0b03f79c6518cf0834fb33ff5814a51f5da4e86fd22a01fe9176b9c02b995ce25ad414920f365252c7b4b96dffa15d438abe4897e81a7075bbed3364fe2782c409a8e013b44fb6c72742,0x000000002731202e96cb1cf2341ca9c783dec572cbe780a4af09ca808bdc6ad0bfeb6df7562c2be249499718df320c0296e21615abbe9724e933d6a0d84f5e1d7a7bcbbb585f5d1e4dfcefc09ce3dca82356c552d77ec4bb6e1b0f3f041c94f3ee5dadd7357cc7e15bb36fbac79bedf11e428ae6d5d03b66cad8bf1e29f8e0b4,0x00000000497fbe3f6e5566f061fa5ba3a96a1cfed4c429608ea05f2aa4bbf65846d827ae6d040eec00499137b8a07bc2d16ca562ff25876c3d06653328b2fa714d4f53391f5fe0e4150d9c5b7749df0e246eef6f673b8ea681ba47c4f1bc39c381b239cafce834f75874a1a25f89cf3472053b78a99413a745b917bcea8e0b58
end,1,201,200,1566377599,5,1024,8,0x000000007fffffffffffffffffffffffffffffffffffffffffffffffffffffffffffffffffffffffffffffffffffffffffffffffffffffffffffffffffffffffffffffffffffffffffffffffffffffffffffffffffffffffffffffffffffffffffffffffffffffffffffffffffffffffffffffffffffffffffffffffffffffff,0x000000000dc228043cc5f9b03cc7b61403f278a88fcd0adbbf63642375fbefc5938ee0a47bd664bcd57dbfd34f43c230e12c8d5e6ddcb75c2417f5cf6162c5f824cc447622f34f74409814a77caaedcc8eeb8a6bc385dc4fbcc820cd8330962a4a342d08ac4d6289779f6e51620de2d1bb330211b67863ee84d75550d14f45fb,0x00000000504653c9f38c20de30d3b9b50634385d3eec22222260d868c96fe61a7485c699f77f5ade035ea15c33d3298064212bbe4c359ba063bbe02def7363c3ee7a494f6a5122fc7360bacb397fd0bf7fa775cf7770c7c767638929de3b9f50da93a60f09f081273fa7df0494dc9beeefbf2bfb1f1ba7dce825c9071b1223af,0x000000006a4ae2cb3e4bc39fc50fc4cdec1c912115a1c47b0ce6cc17e31bcd5c2c3cfb2379b1e799af89dbbd8af15ff2ca61180463f92bb28c7ce2cc23e5e8ee64495612ebfb556aa7cc3875a0be904313f76f3bcbe2db27551e05a3b78cf0d0e9ea11cd8e21f677407c352b45cce06197870781e41763af84a69e88031d5934,0x00000000344f2f7a99b043dc0ab40db9108008c79ba592f73eaf72c59a68b5b4c638ffae9ec28a349976aea4bc7714fc953c1202877a3cf6c0684ed5ad6e276b4e90b0c8d3d20aa51f2da0ead1a8f14c6bd94670ac024c761f09e7723ec63b328db68cf7bbef3679cf7ff58b3accdf5a5bcff8ad488a4617cbe57976cf37b347
end,1,201,200,1566377599,6,1024,8,0x000000007fffffffffffffffffffffffffffffffffffffffffffffffffffffffffffffffffffffffffffffffffffffffffffffffffffffffffffffffffffffffffffffffffffffffffffffffffffffffffffffffffffffffffffffffffffffffffffffffffffffffffffffffffffffffffffffffffffffffffffffffffffffff,0x00000000548ef6499d9d2b8f6a1072e698f48a5e94a066b559c5c2130dfaa532252d587af098bef775de618ea37181fbd28ede220d45d0f540794a048f47f9b0178133443463c26443391719cba3eaa48fca0f235fa324e189f5a158882a772de24961cde964079917983a086a12a3270aff4e767bab731a5bf6b861685c2b65,0x0000000036f77c8db2135a4a2de10f151fa0783154b7bc1a001e8c4342d40c55e6e6dae161f8c651c9bb2d65784f2f56579c03783c8cac139006a7ab8d42e57c8f3388a4ba49dc129149db4795ce3084c8862d60d4659000f451b2ebd1f6dfa826496a454a6cb7b9cda4479aecce78e6d35fe68209bb4e753b6b6fcd527b21df,0x000000003ff932ac19a142a46cf9121df5bd1d1783349857433e0e44fada57d81c74ef97dceff8522de477ed63a8d831b1e8384ad5326277ce7605e00c4bf9b02ad8a6f5c30ebdd7de61242cc8775fb57194a4ab9d8fe23e805140e5e2e9f71ac82e06414a0e7e585b7852bfa929b0819bc78e6e135b17cb8052e44e3a0f9c19,0x000000006de114c76ce9404f42bd78065c884404b2a0e8a06315dc94fffbd004a17df0b5e8bdd44d8d231a14c45f7f3adb6f43fd2b4332ff420be9eb70bceae7b31e9aaed9b3544304a778a2e18d9463f4d7ff517da4d6cb9010b9bce0cc29751dbbfe14eb61865025ead6df8c9e8ab990f86b4795116570c3662367cdae24f7
end,1,201,200,1566377599,7,1024,8,0x000000007fffffffffffffffffffffffffffffffffffffffffffffffffffffffffffffffffffffffffffffffffffffffffffffffffffffffffffffffffffffffffffffffffffffffffffffffffffffffffffffffffffffffffffffffffffffffffffffffffffffffffffffffffffffffffffffffffffffffffffffffffffffff,0x00000000361edaba2dbc4404eed8adae52feb8a3b3340929950a1967b313f53c279943bc5ae8b2d26d421bf4fc2afb46253d998475ea00ad2f1bc94aaf69534da3317daf88e4d92092032d703eb2b3f8a936068bf15f9aac17f5ca304f5bb82555dab07343bc4c32d66fab0d7a648300de78c737b3d6d655b65c139e4a114f3d,0x000000005819578a712c60a8100a9a2f4ae1b8146268ed60689d4afd7ae2036b9f799fc79f331e27377a746bc66de7e69d9102f2f3b8add9aee7d0154e70da86357318c118dd010d2de7cdbfa994b12fd0b75073a5ca2cb6417ccda51b5defcd5e929ae6c673f66c6524f02a25bb834550c8d45b147fd7886c36323e78ac9dbb,0x0000000035981a2061e444b060a0573a4e2c7e232d739263b286f3e18ed59707ae35a209d18a8c9636ca128523f9c60828e16a8a19055311f78eb95da25ea24458b8ad0193e9f3a5ccd8fb030e05cae558c6ac5900af77a76ae39ccd11821456f4a120d35300284d42f9f63061b6c93655afc7521f9006bd41e11e8647b39c60,0x000000002e80a447bd538ba3bf28eb3a01b4dfbc762365a5242154ec929f7ccf3e83f51b1538769bb41dffad4f44755e0417ca39722f1c078c5417d198c6ed7ff65c587750b41dcd64a62deb5bc34c4747ad06e32f1a5299e89f7fddb1b4f39fa9d61f3e767e91f79c4b3fc730c20b28cba6fc986ff9e56fe54dd1fed0163daf
end,1,201,200,1566377599,8,1024,8,0x000000007fffffffffffffffffffffffffffffffffffffffffffffffffffffffffffffffffffffffffffffffffffffffffffffffffffffffffffffffffffffffffffffffffffffffffffffffffffffffffffffffffffffffffffffffffffffffffffffffffffffffffffffffffffffffffffffffffffffffffffffffffffffff,0x00000000041ae293a8daae2c21e2624c82b770ee4b0127659058d2fe9cb5612747ae2ee87e83b11abd5eabb09fac46886bddb21a59fe1ff5ee7d0bc6fc331c7998e5aa615b18a27534b3ee5e1d836327fa40031e8d172dcfc6d3fed562e4c2f906b81fa753b69cf39548ae185de6de3701e1ef50ef6773734eed029a4ba525a8,0x000000002b94a4704f53ae3eee852610093a42165fdef8ae15fcf32254dfbb8e29077696d08307afc81bdba8323e28e710671b9d3e7f33bd3825cbe84eb3aacb42517a7a4ae9bdfb514d0b93e5e02c4c3b115bf8e836f128dd36925f33099df165012b81745a0ef034d260ba0a49054adeba5105cca1d2b4387ede9cf2c57c15,0x000000000641604148ce63cf4fcb1962deebbdd15f6914db4dcf4f51f6a97ac7c34c8c703ebaf5004b9bee1c67df59d5f2c1c334c8424d19b2179a33b1ef85731d578156b9456283f81050cfcbc2e00707b7008a7aefa9cffe11443f20063bfab0e19cdeee24da8be4f04c6a5b6830816112e6be2fb736bce92e2211714f574e,0x000000000dfc3eee2b969b3ff845e0d079e15ceee1c59a6bbb6fc7f430fe168336bfe2d6f3772b765db378653dbb11257621ccbdc5ba003bc7063bae8110b81ca7a60e2943fbf4a88aab1275b8db65f31b0deb6ccc56abb8b91db45053539b8da1f166598b5c7883d5b37edc3532e22ccfa37f45593c6bf887e54bf166950ac5
end,1,201,200,1566377599,9,1024,8,0x000000007fffffffffffffffffffffffffffffffffffffffffffffffffffffffffffffffffffffffffffffffffffffffffffffffffffffffffffffffffffffffffffffffffffffffffffffffffffffffffffffffffffffffffffffffffffffffffffffffffffffffffffffffffffffffffffffffffffffffffffffffffffffff,0x000000006ac06d14c793effa0297495f9e90a2e460370572a86e6eb6c0ce0b91676c620e4e265ebbecc007968789549efb186f82cc431b0fa7914c04b85738af65db1b04fa267798b95a1567f77d5937992f559db7fa3d8d9a7d7fde999265369ab487e49790b3de454371a75cc82b47a36b32609ba9a03a70895ccc47e39a1f,0x000000001248921203eed62a73878d96beb35aa3142daff2ff2b193c192e6dfc022c8ebbe8857b32ea0d92f426f34259f8d0bc067a8f3a9432ec721af4c4f971569221c01490cef000b2243b831ae7b2356a0fe750a692af8db2bb658d0180a905de98b8d0fcf55251e7d6c19ccdfa28f97737a940fa47f73d1ca9f5bfb124de,0x0000000045f3f163cf38c147f346ccbda9a393d92f8a7aa1623b20a15be41edcecdc4324aefc51c6f117eb8e230cd27c93415e772ad356393b8b10cdca486badccf4675c971e0b290bd174aef96d8a97d8c17097316802c6fa7646530d79c6cfd4a6b7cb57bd0fbf5c697512284d8de1aa73100fca396f1600f66e3105631ac5,0x0000000048721aef9fb5a84e1d751bfd20a736ac4bd5614edd72e692977b838687b4c6f0de3c6d6cf65cdae472c29e5b27ceacd6fbe0dcd1abab430cb7fcd3085cd388c72862bc892f7c8bbb7f8a77dc00b884fd82cb55134a2f7ea65452bc78e2aceb3a6bfd80020809968c6406e84889eb2eb0c14b7625de9accd789d1dfe4
end,1,201,200,1566377599,10,1024,8,0x000000007fffffffffffffffffffffffffffffffffffffffffffffffffffffffffffffffffffffffffffffffffffffffffffffffffffffffffffffffffffffffffffffffffffffffffffffffffffffffffffffffffffffffffffffffffffffffffffffffffffffffffffffffffffffffffffffffffffffffffffffffffffffff,0x0000000018a0928e7993a78894065b0f3a422d85b757d7ec140d2a537e12eaa3d32e03e147673297a5866c248e3aca9090fa92c949217bd31a62a8344d3d49aea5bee0f9e140fdef7abdc9b003fa1761319ddb72aba3088d67aa3927939373682fa72b228397e3aae0a9468bb0f96eb77dd8daa86ef05967706bd64254587dac,0x00000000186d304f085c6e76d3dc0f22bbadab15f40ad74053a95c47dd9f712879ea0707e9bd2cc04c0ab5cfab82ba95b0341701c80df167814fc642b0411901d81370c06e3d5e6ad63e5d1979ed919e9af453a40bd7a25c2a193cf73e3bbf0c83e37f7b2ec6126aa757cbffd8e8592298aac67766a015368703bb3bde4384c7,0x0000000048bddb59e223f83655e57008bca2ba80850d93b1988cc594ff2a94ac04b67612682992631a6770b952790d729e747a8e06739978d332342112ce1400fc44d065a607bb8811086eb706d3b6d2eb3b3009b92fdf83e552cce028d4a3f567aec0f16d89a4df8a3fa3afe8ddc871a85dc925898b99d8ad07a260854b9069,0x000000005eb923bbd87683784e8e76df685c2de1076c4ff72c444982cd8f5c968af5d936eb0b27dc4da7c481cc4e2775530761d258e8c33c2b44c143af8dcd9690bcb9e0fa5a2b3066770ca389aeb10c50d580a945d464a16064f3ccd6c30f365a915d752bbe39acea3685d3912af2b7c55f780d397ad1b94a728ff5d54fee18
end,1,201,200,1566377599,11,1024,8,0x000000007fffffffffffffffffffffffffffffffffffffffffffffffffffffffffffffffffffffffffffffffffffffffffffffffffffffffffffffffffffffffffffffffffffffffffffffffffffffffffffffffffffffffffffffffffffffffffffffffffffffffffffffffffffffffffffffffffffffffffffffffffffffff,0x000000004fb707b7f618571b5668c1f1d2e35b5c2d1ed579665226a8d05f897dfeed230d8e867b9e438328ad6434dc8a6d38bc2280c361a9acde4843f34b565bbe45dc0d94364c5c931b1828cb3f28579a938e24ff6408c5a2afcb121aa6063b9ad26c43f297c0e50bdf5d384da6fec0b700c8d03210097a748c282689fe536f,0x0000000050c4e0bd21d2e0737fa36d8f5fe5fb4670e4ed6ed5b9ba2521fead3ecd27b247268e0088f40edf0189d017a345e3a1ee7fdf40787200eaeb9ad7ea596333a01a34fdf6ea78230a722416bdce166a140085673f812ebe746a8efd80d87318029ce29fe10958c2d8984cfaa952ca4ec39e17f7d604c88b5fa610e52d22,0x00000000232da7b374172b2b520200d38d4769bc899f1c67832fd91d127daba95a2b2f7fb5268b8d4af09e0faef227d854846b9e0d6a3e06e04f95536001f96625d2f75286dc9053c459036333e5df2114e73ac3b9aee6087d9ef04b9bc422e4239b447539078feb5c1b5e636a19546268c0b00aff7d599ad534cf30571d48cc,0x000000005690485409400c390d2fea2954ef181f5b256b205c8a71457bfcc7f41f8fc1c568bcffb819e107776e886beec481692d3ca46a5aa55c63364a113bd23498e89296a3d4472a3859b12ae0691f5eca003608e0ad3e833b91ec370e3bcfdfd108ddfd7b622465e748ba6a1de11db88c19848a64b7504889910ab726e052
end,1,201,200,1566377599,12,1024,8,0x000000007fffffffffffffffffffffffffffffffffffffffffffffffffffffffffffffffffffffffffffffffffffffffffffffffffffffffffffffffffffffffffffffffffffffffffffffffffffffffffffffffffffffffffffffffffffffffffffffffffffffffffffffffffffffffffffffffffffffffffffffffffffffff,0x000000005c28ae25c5d2a8dc2db51bca65436b2fd160e6f324eb2d32aec7caf6eb8490ef737a9bb64b0694266a3ccb4076e7db2c8e219d1c97d20123052f08fbf13a2b990f9cf89ff51c4dcfda4ef5ff3bbbee278bc26f4fdd05ca7ec40662385344e766fad94a646da8e061a3f2c79bc6fbf70456405620ac9de595ff6057e4,0x0000000040d85476501f02ce2f2276ff1b9654b13a62a8129de2bed91ab7ddf0cf6402d96c140ee6d8bb47e3ff5b2a82ec01487fb25bd3358a97ede19fcb987d1aad82cf8ddeab4e9bad0731a98e599e549136032c877b44dc0f2bf019684f7ba7c7d89c2fa06c7be23edf6bbafee9ef67d16648e177004fbe55e196bd6a0059,0x0000000007eb4ba5f3a7d1c7b8a53c25ff48d05945b334fc2ea97b10e219a279a79900a4b2c6cca29e76bf85e053e5c94dc93a30bdc533626cf8605974525f169c82427665f557b0105d7d766b7259ec7cba4c638491fff8d3d534014abbf847e541de492ba9d0ed38e13066ce2c1cc66454b59aee9790552ac43923a3207230,0x000000000d403ee89efad2897235c85a36290ebd1e118eacc1f4f443d8d9b9c7f14197ce1ea2ad6840d052d868946977dfe3cc8eef7ea1d11eefa1de3dd2e7e7a2505b5e62957bb538bb4dc63b33cd785cd182f157a93519b47f535db473eeebbbbb09f76498bb613acdc4d07e81f3281f69a0ab1f1949a3feef31e78d549d3e
end,1,201,200,1566377599,13,1024,8,0x000000007fffffffffffffffffffffffffffffffffffffffffffffffffffffffffffffffffffffffffffffffffffffffffffffffffffffffffffffffffffffffffffffffffffffffffffffffffffffffffffffffffffffffffffffffffffffffffffffffffffffffffffffffffffffffffffffffffffffffffffffffffffffff,0x000000007399402c58832865b3cf6b458d942977676ea6b9abccb261cabeb4c3c8901f31c2498a7a41ef680bb57950801013e65536fb9ab639f9d136e738a94ada3e34cbdc7ef331c6d3732312dd552b6612177944a8e099ecad9b55ec5755b66240e13877d36e324d5989b3e9e3bf5477d1c5712276c5726fe2ec8763cec7b7,0x000000006549dc9318d1469ed717d141f359503f48c49c9d1d40d9ecd0108e0272710e6d4ff7c8732479bc15b8f54084dd395ebd115fd1c4d3c174830ed07884923d58896abe86cceefb11d7776a89840195c9fd7efa70c5720b41bc59c6d4e648cc1e0676919c5fac62a9f4fd199aeaccce015bdd1f242b597720dd4193b9f7,0x000000007f80b779a19c165f32be2d1d55371da7fd6d115b6a013c283908558797b2826efbaf9a2399cfaeb2b9b3452bc9ca5a17cc6072871a67362074fdf3b5aa5af48f1e22958a59479afc65e927c230045c10dc0a5bbee44b74bfa2224fbffa98e1ae2cc94c3586a0312e1df67d01b2578faad3b9a7078962b4a297c02615,0x000000005babc32ff661bc9840d57b8e5e305814c28cdba537fd6f602e1046ddb7fe9eee51cf9fcd3c77066001d403a13741637fd4909178d6819b56508078ae25fb34e0e8a9f9c96284b987b12ddd05b225d1a835ae63f3c9ae461ce4e3032c3f5aad72e2270c3b7c7c05bfa0fd1a3654148d53e284f7c73172a70845df999c
end,1,201,200,1566377599,14,1024,8,0x000000007fffffffffffffffffffffffffffffffffffffffffffffffffffffffffffffffffffffffffffffffffffffffffffffffffffffffffffffffffffffffffffffffffffffffffffffffffffffffffffffffffffffffffffffffffffffffffffffffffffffffffffffffffffffffffffffffffffffffffffffffffffffff,0x000000006bef7a10b642a535204711e64b3cc7333f4009cd47e12fa8c5c815f32359a255db1162a556177b090633ddab2dcb6dc1576ffb0e284512bcb254121740162bf8048b885273282cb4af1e77114ee307dcfb4c8e82cd401379691a65e4705b2f88abe41decca59ba9d4bcc96f66698752adb01f6a1e553cae76fb9903b,0x0000000056c9c77da50c37493b7417d82a3b187d5192a5362ea58e3605f2e4046f95cd0dc89da702362df8ee9c678922749a89489d3fb390a5fc4d681e3cc06a2f87598353331fefba3778a28cfd04232a9ac04968fad7d480d10834c9f5246db5bf2878c03b3253ff934a5d3f43d0ad0fa997060b61e3bd58ac9dfbb87c3ab7,0x0000000049bd92a39e79a027e11db89e543971158112a6e2c45b99a268557c00c97d72477dcf9776667776f010053f0eba3badfa864f1fcbbaf0c594b8cfa7fd5542b23063c1d0bd34fb861bb45b956d383fbad7717073dd5733c1f0fd2635f05737953f54ad9f2c2486bdc8f32580a24fbca56bf7444cd3eebf63555c5a2424,0x000000005bfcb1008ae3c89cbb2afb0ae82ee1a54c6ac82d88668213e65ef3a896fec59fd5ae970c1b49ed40615999bafd30cc023938cf47138d72c524391fe72f1517ec8c8166e83b909dc2670b8c417339461d95f9f6a890fb585b9879f14e259f1e8c7d7302aeef55d914cfbab328bac73988035e4cebf3b45a75062949e6
end,1,201,200,1566377599,15,1024,8,0x000000007fffffffffffffffffffffffffffffffffffffffffffffffffffffffffffffffffffffffffffffffffffffffffffffffffffffffffffffffffffffffffffffffffffffffffffffffffffffffffffffffffffffffffffffffffffffffffffffffffffffffffffffffffffffffffffffffffffffffffffffffffffffff,0x0000000019d80a1fe0ece181d053ffb3e82e7d6f220a9b03f4287624a80575e19b91b725caabd508454e17033056fd5a391a281fac6a602c4e6ba91a4a62c1e344e28b2a5095aedeff10795e0f8c701c073a0a57fc5bdc8f55d32c70bb6e586158d56f64f8981c80a8f4c13fac423b0e0974529e2315aced2278281b3cf9c303,0x000000002e27ad04c821e509fd9b46e1793fec2c41eca02a0921105f623002a660d414349c42b3f43f9a1191d57a580090af8299d007652bf696abaec7ad9d0cecdf7e84a0cdba0214b9ae661bda5029b6103350a7409f30884f939ef093ef3d2b900eb561164b7ab8a2b5771b392da5bf657eafe3185b1296dbbb9ad359f58a,0x00000000410706fc935612cbbaaf782ec931559e96940606c1afb36b699bb8256110f08852147971e4eed587d6e354769198cd4e4119f84aa1913e4fae0f511443533612240040168c39c7bfa96bdccf2ee54a5342842ab6aa7ec6fdbb286957365b297ba77f5fdb00f1aa1e232d29d545ad982a252fb780ff19c4e65d1659d0,0x00000000508670a6525dc77753c3e7f8dd130ead6a4922a4eb59fe20222d6d8e8b42e1ee1069c3b6eae7cee79171dea4cd2fcbf7e6b366801ad00f1ad4cfbcaf4a4e2c51c8ce8f228fc43e058cf3037921391ee51e6d6a099dc23e019397ffa2587c7870fa2df393904ff3b3d920bf9407e741aac70fafc8b1e48870e2e6b8f8
end,1,201,200,1566377599,16,1024,8,0x000000007fffffffffffffffffffffffffffffffffffffffffffffffffffffffffffffffffffffffffffffffffffffffffffffffffffffffffffffffffffffffffffffffffffffffffffffffffffffffffffffffffffffffffffffffffffffffffffffffffffffffffffffffffffffffffffffffffffffffffffffffffffffff,0x0000000063e0ab03b75b1737b875fc12bc75c36ed5e2934358e6f51d73f8256a0a8615f85df0338a91075daa721fd7c7e45fc9cd30ff88e7034435be149004a87c3122376fb44b3c4733b3abd1803abc70f0427412e008080a148ed73fc054516ddd7f2ff5bea5d650a6d0bb8093202b68ec76c36f0b5fa34b5e2798ce3740be,0x000000006ef78660654f7ffe0f918e61ad26d5e1480093b7de9e9163c00f1f85ed25fd28d02d2ba8b553bd24f80c1838fe400b75d0bc9b3980114fd355f4e1bf7fd21e5344fc43c31682665c8369dec2c983a5278688e49d492d15a15c62cd4691584235722472fa7b92983fe2d9334cacff65999fd4f1a44d4279ceac987449,0x000000000c17515773a0b28894018a7aec903dbe64b203957a8e95520dfa70b58af326354233eb41d286bffb674e4173baeab1e094f85bb08505e76d7679df4a715efebe9e06a8e477ad4979b100633e8d4d2520c269efc2bcf8888a343418a982fb05e3b10a25c5e265f9862b615263b867862c58fbbe9afaddfc271e587f5f,0x0000000022561bbc5f6e69c2132eb047ffdd597e088bcf26c29d2d59ad41e85633179d30bd1608ec1aae962493cfffbe95dbdf914facdf48a4f2a04186ca17c7c0c721314b1205ec9e6ec89f776d22e3e17b3011da523d9c8ccf2a9ebc0848b6367e336e43766677f44126beb1caa93eef61319ff23b73ccd09649ede3273285
end,1,201,200,1566377599,17,1024,8,0x000000007fffffffffffffffffffffffffffffffffffffffffffffffffffffffffffffffffffffffffffffffffffffffffffffffffffffffffffffffffffffffffffffffffffffffffffffffffffffffffffffffffffffffffffffffffffffffffffffffffffffffffffffffffffffffffffffffffffffffffffffffffffffff,0x00000000612b9ca87eefe790c9e7d12dfff9da1d5bcf13fa5b1c74a80da694e2560439b1dbcffae5fa8ea576896f321543986edbb7407fd89ff3767281d929a55856d70eab968ce9147920759d512a72e9d697bc17dd7453a91205a9b757c96fdfbc0e0f2deeb752e79abd238077bba64465798e7ddcab01dc2f450742e09b09,0x0000000020b4a02e1ca51060f1bc3cc891aa66c6384c27f99e04cf3c422cd4901692506c2a3c6c586c6f57b2edd0532c82d0502e65390938dc606fe932d498f10313a415c0e2b1ab0590eee48fb0395a2aa03f313921a5d0c3e0a09f4a58a5888582d60643ce70ff7644d4162a064171e54cdde3e8ee78f20cd49c627cdf1d3e,0x000000002c911173ecc3ccc0c0d85a09fd14e4f1fc2c0879461cb771a736569a2971b08ddea21e884bbab65cbdc1a0cfad0f8908bac1e11e92a46e9b5531dcc313217a6eaab395b6c5847438398780ba047389cdf586ef8ba5a31c994851a9f726c39701cb44730d27cd728617ba0b14e7418766cf60618ac752b1d3c237d3ba,0x000000007e4a014d968b1ff3d995f96c4730702300872ffed3f231ad5b71587d9bd4d1bb139294561dd7b4b9f53e0a62397a8952a36b4ffc2ec5cf0c0eeaafe638d1b986a80732d18e199b152dce88d5cc51613b56e9772cb9bcb6f89680e767a13f0619a8ff108a68714735194df1e86dcc7e6c2b880c99246ea674cb4e419e
end,1,201,200,1566377599,18,1024,8,0x000000007fffffffffffffffffffffffffffffffffffffffffffffffffffffffffffffffffffffffffffffffffffffffffffffffffffffffffffffffffffffffffffffffffffffffffffffffffffffffffffffffffffffffffffffffffffffffffffffffffffffffffffffffffffffffffffffffffffffffffffffffffffffff,0x000000006773e4b4b1773573309fe0e1361b184516490c3c1173488241742caceb88c89432cec702317fa7a52c93d85ec6ce9c0c7927172f22d5c32391fbd656a59108522cf0d41f922ea903a15118eb845015a9583ac78bcdd98209eb31e21f237a49269944e2245d842d521c1ea508c519ea4b8f7c2cc187e4504ab1d9ffc2,0x0000000053f671db78ac7bda75ddcfca7132d26e6d3eda6d9b391ae7df8d4fced4215b489a41e38b5c51f9e86eeef162878e07fd38544febd935c349b74aaae5e4473e520d0c3ccb2768bb0695bcce581e583bf2235f2c09ccd9bf338511f6f2e33f9b2f8d36f0e4c61d630111c069c95056767a2f41ad31975488c740c878ea,0x0000000064da71a06e11720cbae597913deff2ef74e9ae397d95ca6c5d0516eb1541e0d0559d42135a280a78117de15d433fcbf41c48a10dbb2c2b62726243db0d06ef0762939ece02b6de40b2221078ca00381d931a0293442f5037aa4cbe85221a864618192eaae5b2643aac8e0c645fe5ce55c4231c7394fbb3c3ee2f7453,0x0000000063dbb84e1f1073fcf07c6a12a79567b04bcff8d657181db274299a13b7aeef9b8fa61b1c6ad64ff890b344aa4e3be757204527b257a921a00b0629cde3b05889bdb0b50c94e5fbc5dff45779afd1aa68c85e55d32e5bf11e6bd593377f71425e20e20118e9b1e0168b8fb87ac31546a21cb9a4753de6c09fb924f30b
end,1,201,200,1566377599,19,1024,8,0x000000007fffffffffffffffffffffffffffffffffffffffffffffffffffffffffffffffffffffffffffffffffffffffffffffffffffffffffffffffffffffffffffffffffffffffffffffffffffffffffffffffffffffffffffffffffffffffffffffffffffffffffffffffffffffffffffffffffffffffffffffffffffffff,0x0000000044a2f901a2c7ccacc34663a982882670cf30292c3bbf28fd774ea9b2b1224fef18e4ed778ac9b02fcedee1a8afcb3cae35c94fe55b26093f217f4b2c731774ca6c76c3d8523398cc5dfdfc4fb36902584de9ad81f6ab5977ba13c7b959a17977f50e0a0f309b474d03b27e5045de9c6fe913b8a2381040ed886f79ec,0x000000000a6f4bc3d542d19c57096d951d026b325f430b3805b80583a0d13ca5234d12c0971cb37af821b2d3ba17059919057400f659d2d3fc89c37491c33512559b131ff95017da8a057aa3210709c6ff329f8dae54bd503faf743d7bfab4714c427f69ebc837d9e4368ea8251793fe9087d21c16bb4f961781a61300d9ecd9,0x000000005711ba6acc69b55027165375cadfe09f2cf8f2d31297ae4f18b292b45ec065a2bedf703d7f427cc07e0bc0d43ffa1e20ba84f8fdf747093532eccca0193d9d2c6f37a7d15c6180c945b53a81e106a5f37d3079c83504774cec956b47d8f635c682206891713312e76a6ab6a32a42fd84d22893c3e244c8bc7461ef05,0x000000006de1ff52fd6e307fb740e040cb91cd5d76a435bac3e2376bfb24acbdbf03a462806b7e034472f4eb6c6a3c936ee75039d0434932d2f244affe9101c89fa67b5d297bf51830d1948d46fd5e06db2bd3394b0adf9c937e9ae055c327790392571ffb5d6878e82a3b6ed7e78e1315daca15467fe9582e7d0076aaeebdf1
end,1,201,200,1566377599,20,1024,8,0x000000007fffffffffffffffffffffffffffffffffffffffffffffffffffffffffffffffffffffffffffffffffffffffffffffffffffffffffffffffffffffffffffffffffffffffffffffffffffffffffffffffffffffffffffffffffffffffffffffffffffffffffffffffffffffffffffffffffffffffffffffffffffffff,0x0000000026bbe522809759ab91f55358424dc34eac9c632cc8308a21c61fff791a8af8bff99f7b08aac24f3fb8a82cf21149140512fa741388c70ec4d612fabd522f454fa4456d2aa2f1c8727ca4970df6669fde98c17d54bcb350f442bd668ff1d3532ac6b720710c89f7b9126888328a230391d3d45e29079c022b263b4b0b,0x0000000033149e47c5b5e950622ba6fbeb5a4015740784382b64f4555788e9bcbe16366343f86f8c1f17f6fe5840c0fbed29336d6feb03b76032fbf783d5aeb2485a0288f94cafc8a1c0be0125068d25276821da4e574fd9c63b0dfcffd8b6ebf26e6aa1bc9bb8cd3564abea66b3122dd62232b7697572619726ea5ee8e78356,0x00000000396e93dfb42a6b2245f5d043b328ee69a481ccb3962160aeb9867c7bd228c36dee924a19a1c74d403f6ce703cb549a794e5927fba60ad4952c2ec351880a00e590f3c9a0fc78196f3fcf0eca343c264d097940aa4b1a7a52986d41b3213a9eab4ff77427c3db5deb63719bc719c196b26bf3c949c97937a13491700f,0x000000007fee8a4279176cc6eac0cd85b2923e01563df47969846e291264efbf5b11b8bfe51278d20b5c20def7adc5c29ab27a50515960f8dd538211cafb26fa9208668bcfd6ec364931d6577c4d975887fdb7a273395e65899f4d84ed71d47d3bce0e42f1d9e76926db043afa1192f677dc3d51da9929723b16bf30c53c33c1
end,1,201,200,1566377599,21,1024,8,0x000000007fffffffffffffffffffffffffffffffffffffffffffffffffffffffffffffffffffffffffffffffffffffffffffffffffffffffffffffffffffffffffffffffffffffffffffffffffffffffffffffffffffffffffffffffffffffffffffffffffffffffffffffffffffffffffffffffffffffffffffffffffffffff,0x000000004fea77fd47c6df702791b4614980050bbce52cf2955858020fbca842f7e661c34f93613c6197fb7d685ea6446c8a66b21c45db18e3c13a7d117cd9d9bc1086b37a306a117aae598215be5c558c8ed0649072652fc0244a33cec8333974cedb749191fe742b3a8f7a3576776944aed6a032e4905e527445fc80e5aad9,0x000000000922cdf845486879f254b600e155b4f1167bb734d774e50aed20e05535cc19a614ce70c126fc3168536866c20f6395abaf1d5bc01f919d091b366b607566ff32d02e6c5d06c07f6d76b9596abccd13998946aa2ae4bb838d49b3655bd4564b14cc7fac6c9cab5382c341ec79b951f7171c4f2f4093a90602aac6d3cc,0x000000003472e80e37c72089bd365da967caf2196b5b02d876a5e323dcb4400225f8705e3292094e88afc5dcb570a77aeaa171adab792f5b968c8f183695986afc8b9253e86085e159adfe92501dbecbe59a20046eec58b2afe800238f79e2a11f86039977c8efde29c267757a1dfb0a23401a98973d5de5be602bb21a39a66e,0x00000000151d7a4d4ce8eea4ae3ae1240068438aa83c95485690a2ab222717acd73541ec5652ad313da0a28dfa711eca6bd78573928642a97aa1d53402a46c4625a45b13fef6acea245ef00fc77e32e1ab1a1d13b8abbd7eed659a64902fa77797472777f4f0672b84fee81e3a740e29c2d0c6d56320ad1325d2bfccaf22999b
end,1,201,200,1566377599,22,1024,8,0x000000007fffffffffffffffffffffffffffffffffffffffffffffffffffffffffffffffffffffffffffffffffffffffffffffffffffffffffffffffffffffffffffffffffffffffffffffffffffffffffffffffffffffffffffffffffffffffffffffffffffffffffffffffffffffffffffffffffffffffffffffffffffffff,0x0000000024952b1d01e3595d3098cef11055323d3969d13a062e1422f4f0443e33aad1b24976f9d907a1851c90caec19bccd5d40a1beb1c00f9a849bd2d49019e489eb6b2cedb13ee38647808573c7be7c7bdf73fb3d1c2c96419b8dc1b5531ed28c726cccb3fb53d7bdb74037778bc53d96fd3d267547ed46d84b509fbc83de,0x00000000370e3b910d85150a4261ddff830fedc5b43efc22bec8e47a40f20ee0c197382e37ba1fcb420cee3cd0b3c3ff77f3e855cbe73ae4bc54b6589b5bae2ae1cf0252f5e531dc3e62638ea673a53f3d3d1fd82fba3c3788d714e6c3561b0686de0d4713f0d3bcba68d316b50b12c359d2154135bd3cf8334f6d21c3cf849c,0x0000000045a5ddb2cac12f533ee16f760566b9f69e3eecdeb17b57d6b9cd75b1a47a2849f394a94d1e7a4a33332bd992d1fcedb029fc7cd6dbefc2b6842a87e0d07657486afe9350657d8a912fef8d7c86fb36c0c95bf07f55a11e7f1109c7d90ab34a22e56d1f0cf6e3d7bd738270248776b48a7d211a502c321b32313e0f5d,0x000000005c713921561077e3ce2487774298fcd38a0763881b22461559bed28fc4073ab04153e7114388be41f7822b90eb2d8cc8f9c555347c7b7996371aae89b63c3d290111eeb373e012f56b13773e48d99c2959cb9b8cd26b35bc15686a386e3cb419c9e9e9788a75209d7c56dfc083d9d45c937c0e1cbc815125f914d45b
end,1,201,200,1566377599,23,1024,8,0x000000007fffffffffffffffffffffffffffffffffffffffffffffffffffffffffffffffffffffffffffffffffffffffffffffffffffffffffffffffffffffffffffffffffffffffffffffffffffffffffffffffffffffffffffffffffffffffffffffffffffffffffffffffffffffffffffffffffffffffffffffffffffffff,0x000000006b886f8195c92eeed7b3cac2d349da334939194a3262560775d934b1030dc68c0e5330902ffa163660159cf35bbb4e5a94769769ad0f47300afc07d5d7e89ef3afad0cfa6affaf9605299f6b68c83076d7e7f11d275dbad6b92288386455d3a24be4a5322e288db0a7f4a4b829f5532ab68d7ab181bf3ef5cc280be3,0x0000000025a6da9e8b8a2644fd0d431cb79511bf70a29e49fc669ab70d3819afd2f48c1490c3cc96708a18acc70fd626cd09dc62e70c079855273c3db93be38038d1c8430075c775055946d9bbd72d2afd337ff61c057868bf6796e88c2db2b7a632a9fdaf56930a49a2c46a10ae94893bf41d02ff0668f7ef4e4b6e05cb68fa,0x000000007a32c507b66e75a08979570b54c5d63d9f83feee521aaa4907d84ec2b586687defb34ba9ab7a4945e5490a464f07e45bd01627f390999e4fd617255141c129ea8110fbbd0f286ef25239e638510c8ccda195f1893036da0f76a36bf99a22eef338d5fdacf2ccd57cb7b3e36b716106de44377fbdd8a8d5cb4eb0515a,0x000000001f8938dd1491c682316ff3740ad2ce133be49af0b5c2826fec3653440158ce90893b8b2f81b5a145344f2aa1bf474e8a1fcb7227cc736a060435f8d3f10f3ac7d3b1dafa68da6b01a0667734544d7c2e0d2fc6bfbf324cbf564b867a782f34c48db1884343ea59c9a16bfbdaa231709b7d599ac8d0f67e75e8b64182
end,1,201,200,1566377599,24,1024,8,0x000000007fffffffffffffffffffffffffffffffffffffffffffffffffffffffffffffffffffffffffffffffffffffffffffffffffffffffffffffffffffffffffffffffffffffffffffffffffffffffffffffffffffffffffffffffffffffffffffffffffffffffffffffffffffffffffffffffffffffffffffffffffffffff,0x000000000d824a81810c41091b10ef7a58734ef66631013115f7f02e3017b4c9e4a469ad782d83113827975ffb5a92f70423321210c4f5d6d1db711b6f031bdb6279de545fb8fbe69864935878cfba0d64a46ab134c380e096a91e83e4f5538ffc6b12c4af503bcc8f0b3adb78b417e84806640377b06c6d865e241a89b01e75,0x000000003813ea967c43ed97be286fabdf5c321f9beb9a7e14e41dab212d9326ee1bdbce6e4519f5bace0eecf5dd8c2a82de7049e4f301358e489b6fdfed9ed782e12e9f19664d8c4fb7d5bece3b9836d1e6ea19ce6f2e3ba9f4cbdb8c4cd2e59b5d9d8c38feb7d9de884c4f1f8ca4b25425327c343960c33794b8f473b8c747,0x000000004e545e02be31625ae6fdc2557c8d98f1a48d2f4aaef4a21d8f7df562f76a56c516585899736f8da061ce9f7e4c81f4135b08f28c060a9dcbfa897955e5763cc5ca1bf001ede67da5fa44e6a7dd0449fc843ee661d64d85c60dae772c640ee374be9c78142499ff09ae56413ba74ddcac3f3193aa16606839ddf096eb,0x000000001c3713f8ff4470cd760f09a33ff2b609777831e12035a23cbf6b0e0f16d2c9804f3e8af57d9ce731c12844b6ce67a08585ee359c2eb64cce8bdc40a0ecec65b080c2040f753450423ac6a80f621f9c0d5dc593c88d83a530c8b9ca173fc023be9a144626f21185602e2513ffae382c0f73cfd00d561aae71cea98881
end,1,201,200,1566377599,25,1024,8,0x000000007fffffffffffffffffffffffffffffffffffffffffffffffffffffffffffffffffffffffffffffffffffffffffffffffffffffffffffffffffffffffffffffffffffffffffffffffffffffffffffffffffffffffffffffffffffffffffffffffffffffffffffffffffffffffffffffffffffffffffffffffffffffff,0x000000006f0b0501a4716044f2de503a32e4e9fefc6be3562161abc404c17bfb1703e9f57036b65cd4fa28411b88ae372b470d35cd8a13c3119d07e45b631317e8f6728c91255a8fd556452fe4f6f0eb0f7e79ec97d2169cc94f451ad532648779b5bb7d96a89e15a05afc8ff55ee9a27009b283d4b37dc48c776afba51d4f0a,0x000000000680ed145e451ff7940e62cfcae399c2a550298689a6f3a6d41e3a76270ef8de79fcadb6b07c7b2d9b89e2ae60d6edb4f2ef2a313c2af0e7c19a0c50999f68da46614af78296db471402ca5f8fb9aa2d8bde1c8bc21d39117ee1c4392af55323123a0a4f8d1c9778a36d0e5e72b32a3f256d8363ca63a6181d706547,0x00000000262bd827464da2d124449e6781545a1e6ceead8894a8904cd35cb5d236ca383b03524ecd6e7f23b4a2597a806d0baf6bc395e6225f4ca3f9183b802c2c4dd26d237aca0c9da64f0645c82e01274cecc9407a7533abc3b30b1ef606d5fe167198162422146992fe0aab5b7e5cd0857a2c356bc5dff3f3a89840f6f97d,0x000000004744830358e3804af0d96756a58b687fff5b8ee689b7a26de9224babb4cdee104ffa00a3e820ff6f3d483b985a0748371f2aebc43c1397e28c9f4ca41f3b39d419338e85c3ce81ac924df5582bd949a925b7f8132263f60d2df6b522679c8d625c3255cab90ab43340f01200b9a8d5d8e93ac0142926e7cdbaa58842
end,1,201,200,1566377599,26,1024,8,0x000000007fffffffffffffffffffffffffffffffffffffffffffffffffffffffffffffffffffffffffffffffffffffffffffffffffffffffffffffffffffffffffffffffffffffffffffffffffffffffffffffffffffffffffffffffffffffffffffffffffffffffffffffffffffffffffffffffffffffffffffffffffffffff,0x00000000375b24b73a0325bb4f16e13e51f1acc18d1227eec82cd1619331e8bc8027ba2accdd2bcbf54cf0df5266cd3fea3444d350deba85a3fc1677df4dc70515055a2626fb10b4e859f66d28af8f6948185725895821a6a2b3877053a61d7cf4ceecf2aa4e970b9444c6318323d08fd38abcd7c99fcd056d7565a0891cea44,0x000000002b01928ebf379446a5416d26a9c8afe55ae2237010ab66a21679bab533f240a2f113e7d3871db3d8cf26a6aedb1c0fb38da4003462e5b1dd8b0e5c6539b2195a0f4c4890d7223e0c045c48ef43e741aea5afae141c0982c1f5d2e4632b47d326e74aa1f94d204d92bccbec072916f793f296132f705707634f12cd6c,0x000000003feebb9eafb33164292310c3b53e6fbe81cda2e091c53059b15a732fd460016745e180b15fc2a07632d1ef03c7865c92805bfa8e71bb301e6e01f5d15f2a25bc0d920165ca032a00ccac1e6200870c24cb862153017a2b96014cdc2ca33828d1d15cad5f91dd8cc759afe6cc244c30d67e6ffe90b83a2ee123698ff5,0x000000001860070bf19429e26cde74fa335bc4edd47c4b780c533eaa5e40bf6c61c684d720c5458f18c303027e9204e7ae048286962a124b3ae51627de48a111e2e258d04e040cbe22231edeeef71468395609b6b527a8d681a0e0467ec5997ed8378680b73c6e1042148cbfbdbcf0958b5b85ae65dac5a6cce09aeabcf42bc5
end,1,201,200,1566377599,27,1024,8,0x000000007fffffffffffffffffffffffffffffffffffffffffffffffffffffffffffffffffffffffffffffffffffffffffffffffffffffffffffffffffffffffffffffffffffffffffffffffffffffffffffffffffffffffffffffffffffffffffffffffffffffffffffffffffffffffffffffffffffffffffffffffffffffff,0x0000000078dc8fc210a30a6c6cd21f487999489f79f0f38cb3ad04bca39cce63f20c179e1f1e5ca3eb3cb3ce2ba9f6dd1c13b99cf4bdd748a0888380a32340c562140047fee89233e30954ab902f53b42c4569e6c643815cb8fbd53d94aa3a3cf2072c5e4c747d4d7e93e3db35c7c1d5b880bbb0288d7909a417d86ca8d24252,0x0000000002426b3a276391541d3f94eae6e33401933fb262d3b9dcc2d1002bacaddcad3db6996ff2d74ce81b6347f8ee5ebe8135265ab046abc0e1d60c6fd1056ea1c3fb2ad70405bd1d797cf4d90945d9e5c738fbd4cbd4189d1626849358be517a05d5e46067581a0fb4a03a4f7df6fe378bfb5d4c935cd4705d3633eaed2c,0x000000003ca5ceb1c84669b93c4d28a5922890f584763d2455fb4f2f7bbdc6afc87c4010b8efeb9842a24cba2871e0b1d4621094eea2026112d08778d4896fb90c419a800ae65d578e5ad5c4427942ccddb917412964357dc17c2d21e55e3b8a1f00dcf6591dc84bc5d05960508261a7c35c3ce4a6a045a8037f0c81e32ee297,0x0000000058a3d0965cb5f84fc52b5d16a52034e66ab3e9388035f0bd4982e7356ce4769dcfa8c669952be693a03d09f7343992ce3d1882a841bc43626863de628115d803034c1ae93a2866268cde9a0390040fbe6ce79ca658cc145005247998235b0ebc685755f8e2d3d3f1ef62cf48cda9c7995b3e18a7d14af18c056f60db
end,1,201,200,1566377599,28,1024,8,0x000000007fffffffffffffffffffffffffffffffffffffffffffffffffffffffffffffffffffffffffffffffffffffffffffffffffffffffffffffffffffffffffffffffffffffffffffffffffffffffffffffffffffffffffffffffffffffffffffffffffffffffffffffffffffffffffffffffffffffffffffffffffffffff,0x00000000509b2a59575bd39f992255702b99727788896e355e6d0ef78eb38d00179080883dfeb713a11a0e8d5e48cfe80958b32bea251454d012b64b058594ed30c3da631f510214e5c84a466129f241dc68552dbf4fa5a755bebf4c5a24ce816ed2ca8c06e1f1929024885679b67c534915a617a7d40e99f7aecd37c9bb171e,0x00000000646fb37e786295724df99c284af5ca983b9af34224b18ae05920e37d48da6a2a3cd7352cb00be2b99ee937017759d800695d3bdbb8ab81f2052617d7ec72c74b9206265fc85b77983f2bc3e73c04eb880e5aa42ba399cb10176d3441665dbd9eb9cc3d038b2228b77570653c695dd2bc55981c8774316658a6a751c7,0x00000000764c1d567eb0c416952295bae4b65b3fa52f94e6bf8aaa2350ddbd657cd428e225720ea40ab1a1917226563b21d2b5b53ab80dc80a86bfce7495b6c758551e70c1ae9c87af84466ed359eb16ca0c66667b195e6bf152cc74d5eaa86aa1cff51792c61a50d41e7b6fdf23a38422b8a2ac5717f2341c2c877bd0e296d4,0x00000000316239c0b9efa473d8320ad409443fdfc81224d33f745ee1127946a44573e0b232d2922617815703c51b908e60ee28edaa721749c55c8cec5bb3d930988052974c8e09b6d0d60de93a0b5ea796598bf11ad27159b2a0c827677c8fa825cccce4bdf3c80f55c2000ed0144f977415bee55e86ea0de558855348b870a6
end,1,201,200,1566377599,29,1024,8,0x000000007fffffffffffffffffffffffffffffffffffffffffffffffffffffffffffffffffffffffffffffffffffffffffffffffffffffffffffffffffffffffffffffffffffffffffffffffffffffffffffffffffffffffffffffffffffffffffffffffffffffffffffffffffffffffffffffffffffffffffffffffffffffff,0x0000000064b41469e1a55c3b6d31c8a6584383c47af997c0c9e2ac95b5615e2d80acdf05cabb6670c5c15c0f305375497c98d9117b9e6588798973326aabad7b04533101c30a1902f1a2075ed4ab7b23807787f2cd9bca9cb30ec8f922dd64685d20a77ff6fd1d04eb741cfec1be080466ff9e23c29e4aaa72e3f1401c2fcb05,0x00000000235ddc02ab33d612b32c9769b6201126728b22211adabc7b431036522249fe2e729774218b3f0209da796be7ea804b2c6e034752fbc96410542942b8ffd9d51e7bd78faf4e7768de7e79ea1bb8a9070ced43d5dcc13cc425424c9689bab0d44da51a054f68aeca8f47b520c07531aa714cd056c8efed2e6128cb05ba,0x00000000192f96f07ef0cc239a6ea30bd7aa375699dc00cc0ee6f6c031da3895600d206431c599558fe34a39a90854313c895e67db7400a3113b6d7c5711956992700e542d80e91910744430f8437803a087b74ed60e584bb54844d31cbb4b9b54e8b31bdb811db54d7cb7f874dd5d3e6a3514aa0d9888e424334d197273e903,0x000000006132cc97b49b9eab9f048b37f56312bde716acc56849a8157ee9bc1e9e2a5e5b68cef40780526a8d8407e770cf390d185dbe5f581fe2063e2c694c9d961341cb5a19fcb6d90658fcafd2dbbde4aa4ee6179fefbbe3bfa01ebd0b1286645d546454371fd165f1fcee21318b4ab0a5e3d57fe69c131f3465e5b2ef2909
end,1,201,200,1566377599,30,1024,8,0x000000007fffffffffffffffffffffffffffffffffffffffffffffffffffffffffffffffffffffffffffffffffffffffffffffffffffffffffffffffffffffffffffffffffffffffffffffffffffffffffffffffffffffffffffffffffffffffffffffffffffffffffffffffffffffffffffffffffffffffffffffffffffffff,0x000000005dc0310f0e63e1f489cfea1e84d38b351ce3bff6b88910aa5256be973f1c15dcd0e388a234ca60d072be0b639f9d3568cf7a66a13f5aedd608b1a2715bc0a29d64531b93f2463f1553763e70650444868aead385bce6ee4f9b1a0f022ac7daa763c5387424d7ef2b777a97499fb7e4cd72585d4066837f807aadb332,0x00000000667434b14c3bd0ed2942eae624f9735a66cdae5eeb79eb5470d36b65aa2c4ee473a64931e84feb92aaeea073283ee5d4ed9d607caa1d1fb1f208aaca3dd4feb7a1664631b4d90f06ef859e8d25c0f207e65439d9175a4893ad51714bd83aaffddbe45df315dd660fe9a241b3d8aed7c007cba7d48c39753d2ddbdf6d,0x000000004135cb56c5adff2b8b16d79845ba2e3600319e747224662357e057f0849c6d59f4d28fcbf322ed557989d0fcac57545eeada643842db5fb757044e6618eec9f3e02c68866bc2cb537f395d8a4d8b7eca21878131175f75293c87cfcceac264cba676e191c4225644b7ae817f3a0db0f66e9157efc0d2c3473cd82d7f,0x0000000002e48034fcb590b4418e578a8651958d10b26b2dbe0a9a66f7f7bbef7188b08c9f8f362a4aff92f911e0351803eade7d1565ad14d6706ad584581580ba0c5f3e000bbffb022dc3d6b4cf85f28d1c1e5c6155639015a6e8a0d315025612474d8acc671362fc20b2e16b39dd69bba1c53cf9efb874af3a121543eca03c
end,1,201,200,1566377599,31,1024,8,0x000000007fffffffffffffffffffffffffffffffffffffffffffffffffffffffffffffffffffffffffffffffffffffffffffffffffffffffffffffffffffffffffffffffffffffffffffffffffffffffffffffffffffffffffffffffffffffffffffffffffffffffffffffffffffffffffffffffffffffffffffffffffffffff,0x0000000077ef3f16e1ce936f57a13e7602a56eb94e45f677789d29d280ac42595c0a8a0b301bbcb916d1cf688a273363e3c1046ac2a18f5a0f0387a1e81615976a279c933dfe8ce88125d0c1bb96c68e1244582d47a390399f42e9ddef4c0e6a85752bf18bb88df338a1d24bed4f297cc978207be38d12d5afa104f8a116db4d,0x000000002a950fd547250652fa431665ed08c8901da5df2eeca0f9a9dbbfcb08652ed59aed2be86c8994cce647c9cf2224b9c98d21761f6a734d0d0c8f6e31b624fd895ddcab6603a781d4a4108af4cb4895be6453ccfbb8a5fa3798aced238f289718853c8dceb10de2f7b31e93f78b1ba76b248aa3c52b86bd3548f04bf770,0x0000000055cae82337f188529b1d9741aaee018956cb0c595dd2474beeec84aa775bb260e859599cdc8250bcc8ae6d6fb59da02d8dcd7560926139142dedd3072c21b88ecc42bc0a99c194e2997baf7280aeaaee64bbe2846df53183d9fd544354c362e9114c99e879ff371c6628f1abd5907396cfe5c2d8928b863e07aff03a,0x000000003a13d9bf7fa06f0cb722f8f5304142bf9b76fa9312c885ae7a75fdf17c6f1133ea4883b10d9ebb773f7bf1a66f73d6e12969444af5b1ee3f22b5615275d233b1959eaf60d245acbec13f294e0ec76177c8483a656d10c64bde18ce809e4fc9b74619e45c7056d85a0204a9788dea6ff0d6ecf9dd8c68814a8b9e67f7
begin,1,201,220,1566377599,0,1024,8,0x000000007fffffffffffffffffffffffffffffffffffffffffffffffffffffffffffffffffffffffffffffffffffffffffffffffffffffffffffffffffffffffffffffffffffffffffffffffffffffffffffffffffffffffffffffffffffffffffffffffffffffffffffffffffffffffffffffffffffffffffffffffffffffff,0x000000000b7bc2df3439c639d4c4910311f3beb3f3732d69a2eda6920cd407912831138305cfc4f4dc107c74abfe6d54e5303b9de76b481293a092184bd1dbfb45d20490713c2026b836a75248c4b46d4ae7f2abfd170f19de46e91ec2548645c590d2e0273584ea84fb1b5c6032915cfb6f086660dd2f38e9a944917f66cb14,0x000000002bbad963fa72bda371474cb4e76468d5030bd8e93767c86ddc1c8d8e03aba123ebc2d7e9ed07e56a4c4b1523b21fe9e804c7b8e269101fb9b8a85a8952bca4ebc6952195ca160f26450973a6e7eb546b348d2f55a3ef6e7b6d3e92e9aa3d544d35d406c5e4d1e0de3b7c8332b9a849c6ff0ef5b791a6a706fcad3cb8,0x000000004f2aa62d220ba00d8ed8f03c0a89cc47020a6fccffe5a8fab1ccc226d1708a60f6f3ed94307534ca7c2e4c15ff0c0d9adeda75fbabeed85894bd87965a269e08f49fd016bc63483e931d73c176eaa88e65899d69fedce0b885750ee79847916110c6638a627147b1f22c1a65c99202693edd68a3e4c0c4efe372a63f,0x0000000032e55f80a77fed0e100990d166132a05ad292c1ccdefdd1e59e63b506cdbcbb909b05cfe2b0c166183a277fc7f02b63bd04541c1af1587eaebd0a14bee46aa4eafea0fc06e81532f55b2a2c78ba28d4c92dd9b251577a58b375584238bcb62b3e4b23ee4147c1c2fb9c4daa4b72dc1651c36b4398e10673cfd436f50
begin,1,201,220,1566377599,1,1024,8,0x000000007fffffffffffffffffffffffffffffffffffffffffffffffffffffffffffffffffffffffffffffffffffffffffffffffffffffffffffffffffffffffffffffffffffffffffffffffffffffffffffffffffffffffffffffffffffffffffffffffffffffffffffffffffffffffffffffffffffffffffffffffffffffff,0x0000000041de17273854940cd8945c123deae55c151dc2b3c5f3e2dc49b259514988068f14df06c5b55889b02bbe0a135c149751ec8db79c3d411e988b10c61c706642cbc98c55aef78395a0603aa485ab2676f89275c09055129324d789a8d2f8f9d0b3d95bc46841946ce00d1d419ca3012d47a7313776968f4b66d121a9aa,0x00000000096260ca7c27de55ea527b7bc5f8a9716c7e4577fb4c90ab3fb289b1ff42e61b6905adc72308854196af6248a164b6cd20beffb2c4371c5f41bc383caad204135dab20cb1a875d11415c14cc07628ff640cd6140501c402c496fb51db17b7f40bdc018f00509c8b935f4eea8bec1f968862705b383fb6ede8d068f5c,0x0000000030e6a1d6d6ab6cf82705a6181acc856e2eb6e7ea8d49da8c4826008e7eb1a6ab62b466d67ba776bccca3d2890ae806ef138edc8ee01546a9114c3a7703d88c49d58cc79622f15139388718f722ca89eb3025910e6206f7298e1cd335baac4a8c2db187ef1343675cee5b32fa250e145cbcb32b907519e79091a89e2d,0x00000000600111fa22e2d7228798d2ebeaa3c748f55be468d0fc253ba446a3cb765d78770a9dabe210fd9c5232663bff8c59021bca2cce1343e78b3dce84e838009339105bc010d8fefdb0746349e07a31087b0d684c4fa7877385e75e4a3fd4d8616bf1cfe0c4756971ee7d0927a2df3b2def1b454e570355e4d322c85858ae
begin,1,201,220,1566377599,2,1024,8,0x000000007fffffffffffffffffffffffffffffffffffffffffffffffffffffffffffffffffffffffffffffffffffffffffffffffffffffffffffffffffffffffffffffffffffffffffffffffffffffffffffffffffffffffffffffffffffffffffffffffffffffffffffffffffffffffffffffffffffffffffffffffffffffff,0x0000000040a837df8d3c3ae5b61a40cceb5738d5e3f55b0baa64a09f070b3f9b3dfff6b483abd5c2bd6ca0815234b6bda46df4ff46a3062377db93d88354909790e30cb37f8de2d2d744fb9e8c82f76437215efb32357c83bbee55be771249c5711f9e3900ffa16650d7194b07e7dae00114af98422ba7ebfdc7ae0b3da54587,0x0000000012d04d76fce7e7b05f89ba4f4dc2d21f1e2022181805dcce1b7d9694de9dd6f6ef0a23a9c9727fd1e3f4fabb1204b6e0dff7c89be5c9211040c0165abdb4a109e91d6527a1a7f187b161a492cb892f90511cd52d0f48bcf49804609e0431849e4e5bab1630249568b0250b5a955c0c80e19c878be529ddc7ffa439d8,0x000000007d189f4775ce7683c3e2d7c0550401049619e77a306910cf035db99800b5ffb36914f4e01f5605f0e68bf41fd32720b18b3b8e3b7780bbe062998c4d5a802d4458a0894ce25cd14ac8a28284d6d3a7423cb055b913932ccc1b97ba0363e7f6133fdb527f61ce48a687f675d2702d59db6e1a6e1156bde3359d87a4d2,0x0000000014ded284b7d36e621a0f98f86f7972bc6c96423d6783299c631c178c3fb4033921205cc0208befd7aeca3c984622b71eb807f57678c71fbcf1fd9a2d5ade93e343d88f8cab4ecd43a526e95cf5a9746733e519a44e8f59058a80490e5b4769248c25891b459a7a8e2a1d581a24b0383db1cfdec6acf2c96f404493b3
begin,1,201,220,1566377599,3,1024,8,0x000000007fffffffffffffffffffffffffffffffffffffffffffffffffffffffffffffffffffffffffffffffffffffffffffffffffffffffffffffffffffffffffffffffffffffffffffffffffffffffffffffffffffffffffffffffffffffffffffffffffffffffffffffffffffffffffffffffffffffffffffffffffffffff,0x000000003c477eab4c5d350a80e6d38f351f934b88005e30695db6c8b3cb552877d129c509e661cdde7dfb00dd0015c92c953811cefd7d2f897a706481eefebf502c11a346096de9ff3676a8942ec58d721ebeb2cdd06d1846924ef5b1e723492ca1cf677a6cb90309f7ccfc19d101a32e569aba3e8657bcf556a38fda64ba25,0x00000000714067a08ed3361c26128e7bbf6b66f62e8e66c67d044d9c1bb0110fd882cf7da9bf4b4743e7bc3fa6b99e6d0648ad40eb86c985a85c7043466b2c810e993ff92306e37cf201a8ccc6f530eda4b32e7f290224d1c9206789a7b9fc6295c3ccb16546b6a186eee1c94458ee2eea93e55ee00bbd4bd131990aabff5431,0x000000005179372da7f5887b6f2186064cd5bc14512569574df3c078092533663b1fa5d760adf50f83dd8ef12771be51519ba955eeb17d51bac9050bca941505df71cad9e840b035911de74ccb7227195e4fe67a921f6820c7fcc70f73ddec9acada42f383b4163ee52ecca314ba7878b06d12031151ece2736a1a1d2308217e,0x00000000036130abaaea91fc0c54178455656fb87a93d2120cd2c683011a5a60928faa18c02540ee8e6d8a1e05cc8366b7abeeda95f6800d5a4db14a51b66d8dc5bca4761631132f39fc8f0de020c94c967e21f3232ed2aa5cc5a9a64c550f1f5a97c0bf27888834404abae8d20978211adf443c7ddcd8053dda474b0409934b
begin,1,201,220,1566377599,4,1024,8,0x000000007fffffffffffffffffffffffffffffffffffffffffffffffffffffffffffffffffffffffffffffffffffffffffffffffffffffffffffffffffffffffffffffffffffffffffffffffffffffffffffffffffffffffffffffffffffffffffffffffffffffffffffffffffffffffffffffffffffffffffffffffffffffff,0x000000002aa11086e861f53a442947a53b93b5859fc5f6220dce034ec2076f52f2a3612c5c25aaedd7c08702235a2a793a25ed4d9a28db1d547395bd6176fe9bdad0a4fb64c1309c37707bbf8cf3712a79da7cee1826389ddf1584055f169a090c88f2ae4fc13ab8f6b574230ceeb3d09665d91d85e40f99e9d8c7180ec8438e,0x000000000eaa8d85d74ef8de558334f0d038a4c1153b1a06f43d68b7480eba0778f0bc9870edfeaf126e49481bc124dc942d8a77b0fd0b03f79c6518cf0834fb33ff5814a51f5da4e86fd22a01fe9176b9c02b995ce25ad414920f365252c7b4b96dffa15d438abe4897e81a7075bbed3364fe2782c409a8e013b44fb6c72742,0x000000002731202e96cb1cf2341ca9c783dec572cbe780a4af09ca808bdc6ad0bfeb6df7562c2be249499718df320c0296e21615abbe9724e933d6a0d84f5e1d7a7bcbbb585f5d1e4dfcefc09ce3dca82356c552d77ec4bb6e1b0f3f041c94f3ee5dadd7357cc7e15bb36fbac79bedf11e428ae6d5d03b66cad8bf1e29f8e0b4,0x00000000497fbe3f6e5566f061fa5ba3a96a1cfed4c429608ea05f2aa4bbf65846d827ae6d040eec00499137b8a07bc2d16ca562ff25876c3d06653328b2fa714d4f53391f5fe0e4150d9c5b7749df0e246eef6f673b8ea681ba47c4f1bc39c381b239cafce834f75874a1a25f89cf3472053b78a99413a745b917bcea8e0b58
begin,1,201,220,1566377599,5,1024,8,0x000000007fffffffffffffffffffffffffffffffffffffffffffffffffffffffffffffffffffffffffffffffffffffffffffffffffffffffffffffffffffffffffffffffffffffffffffffffffffffffffffffffffffffffffffffffffffffffffffffffffffffffffffffffffffffffffffffffffffffffffffffffffffffff,0x000000000dc228043cc5f9b03cc7b61403f278a88fcd0adbbf63642375fbefc5938ee0a47bd664bcd57dbfd34f43c230e12c8d5e6ddcb75c2417f5cf6162c5f824cc447622f34f74409814a77caaedcc8eeb8a6bc385dc4fbcc820cd8330962a4a342d08ac4d6289779f6e51620de2d1bb330211b67863ee84d75550d14f45fb,0x00000000504653c9f38c20de30d3b9b50634385d3eec22222260d868c96fe61a7485c699f77f5ade035ea15c33d3298064212bbe4c359ba063bbe02def7363c3ee7a494f6a5122fc7360bacb397fd0bf7fa775cf7770c7c767638929de3b9f50da93a60f09f081273fa7df0494dc9beeefbf2bfb1f1ba7dce825c9071b1223af,0x000000006a4ae2cb3e4bc39fc50fc4cdec1c912115a1c47b0ce6cc17e31bcd5c2c3cfb2379b1e799af89dbbd8af15ff2ca61180463f92bb28c7ce2cc23e5e8ee64495612ebfb556aa7cc3875a0be904313f76f3bcbe2db27551e05a3b78cf0d0e9ea11cd8e21f677407c352b45cce06197870781e41763af84a69e88031d5934,0x00000000344f2f7a99b043dc0ab40db9108008c79ba592f73eaf72c59a68b5b4c638ffae9ec28a349976aea4bc7714fc953c1202877a3cf6c0684ed5ad6e276b4e90b0c8d3d20aa51f2da0ead1a8f14c6bd94670ac024c761f09e7723ec63b328db68cf7bbef3679cf7ff58b3accdf5a5bcff8ad488a4617cbe57976cf37b347
begin,1,201,220,1566377599,6,1024,8,0x000000007fffffffffffffffffffffffffffffffffffffffffffffffffffffffffffffffffffffffffffffffffffffffffffffffffffffffffffffffffffffffffffffffffffffffffffffffffffffffffffffffffffffffffffffffffffffffffffffffffffffffffffffffffffffffffffffffffffffffffffffffffffffff,0x00000000548ef6499d9d2b8f6a1072e698f48a5e94a066b559c5c2130dfaa532252d587af098bef775de618ea37181fbd28ede220d45d0f540794a048f47f9b0178133443463c26443391719cba3eaa48fca0f235fa324e189f5a158882a772de24961cde964079917983a086a12a3270aff4e767bab731a5bf6b861685c2b65,0x0000000036f77c8db2135a4a2de10f151fa0783154b7bc1a001e8c4342d40c55e6e6dae161f8c651c9bb2d65784f2f56579c03783c8cac139006a7ab8d42e57c8f3388a4ba49dc129149db4795ce3084c8862d60d4659000f451b2ebd1f6dfa826496a454a6cb7b9cda4479aecce78e6d35fe68209bb4e753b6b6fcd527b21df,0x000000003ff932ac19a142a46cf9121df5bd1d1783349857433e0e44fada57d81c74ef97dceff8522de477ed63a8d831b1e8384ad5326277ce7605e00c4bf9b02ad8a6f5c30ebdd7de61242cc8775fb57194a4ab9d8fe23e805140e5e2e9f71ac82e06414a0e7e585b7852bfa929b0819bc78e6e135b17cb8052e44e3a0f9c19,0x000000006de114c76ce9404f42bd78065c884404b2a0e8a06315dc94fffbd004a17df0b5e8bdd44d8d231a14c45f7f3adb6f43fd2b4332ff420be9eb70bceae7b31e9aaed9b3544304a778a2e18d9463f4d7ff517da4d6cb9010b9bce0cc29751dbbfe14eb61865025ead6df8c9e8ab990f86b4795116570c3662367cdae24f7
begin,1,201,220,1566377599,7,1024,8,0x000000007fffffffffffffffffffffffffffffffffffffffffffffffffffffffffffffffffffffffffffffffffffffffffffffffffffffffffffffffffffffffffffffffffffffffffffffffffffffffffffffffffffffffffffffffffffffffffffffffffffffffffffffffffffffffffffffffffffffffffffffffffffffff,0x00000000361edaba2dbc4404eed8adae52feb8a3b3340929950a1967b313f53c279943bc5ae8b2d26d421bf4fc2afb46253d998475ea00ad2f1bc94aaf69534da3317daf88e4d92092032d703eb2b3f8a936068bf15f9aac17f5ca304f5bb82555dab07343bc4c32d66fab0d7a648300de78c737b3d6d655b65c139e4a114f3d,0x000000005819578a712c60a8100a9a2f4ae1b8146268ed60689d4afd7ae2036b9f799fc79f331e27377a746bc66de7e69d9102f2f3b8add9aee7d0154e70da86357318c118dd010d2de7cdbfa994b12fd0b75073a5ca2cb6417ccda51b5defcd5e929ae6c673f66c6524f02a25bb834550c8d45b147fd7886c36323e78ac9dbb,0x0000000035981a2061e444b060a0573a4e2c7e232d739263b286f3e18ed59707ae35a209d18a8c9636ca128523f9c60828e16a8a19055311f78eb95da25ea24458b8ad0193e9f3a5ccd8fb030e05cae558c6ac5900af77a76ae39ccd11821456f4a120d35300284d42f9f63061b6c93655afc7521f9006bd41e11e8647b39c60,0x000000002e80a447bd538ba3bf28eb3a01b4dfbc762365a5242154ec929f7ccf3e83f51b1538769bb41dffad4f44755e0417ca39722f1c078c5417d198c6ed7ff65c587750b41dcd64a62deb5bc34c4747ad06e32f1a5299e89f7fddb1b4f39fa9d61f3e767e91f79c4b3fc730c20b28cba6fc986ff9e56fe54dd1fed0163daf
begin,1,201,220,1566377599,8,1024,8,0x000000007fffffffffffffffffffffffffffffffffffffffffffffffffffffffffffffffffffffffffffffffffffffffffffffffffffffffffffffffffffffffffffffffffffffffffffffffffffffffffffffffffffffffffffffffffffffffffffffffffffffffffffffffffffffffffffffffffffffffffffffffffffffff,0x00000000041ae293a8daae2c21e2624c82b770ee4b0127659058d2fe9cb5612747ae2ee87e83b11abd5eabb09fac46886bddb21a59fe1ff5ee7d0bc6fc331c7998e5aa615b18a27534b3ee5e1d836327fa40031e8d172dcfc6d3fed562e4c2f906b81fa753b69cf39548ae185de6de3701e1ef50ef6773734eed029a4ba525a8,0x000000002b94a4704f53ae3eee852610093a42165fdef8ae15fcf32254dfbb8e29077696d08307afc81bdba8323e28e710671b9d3e7f33bd3825cbe84eb3aacb42517a7a4ae9bdfb514d0b93e5e02c4c3b115bf8e836f128dd36925f33099df165012b81745a0ef034d260ba0a49054adeba5105cca1d2b4387ede9cf2c57c15,0x000000000641604148ce63cf4fcb1962deebbdd15f6914db4dcf4f51f6a97ac7c34c8c703ebaf5004b9bee1c67df59d5f2c1c334c8424d19b2179a33b1ef85731d578156b9456283f81050cfcbc2e00707b7008a7aefa9cffe11443f20063bfab0e19cdeee24da8be4f04c6a5b6830816112e6be2fb736bce92e2211714f574e,0x000000000dfc3eee2b969b3ff845e0d079e15ceee1c59a6bbb6fc7f430fe168336bfe2d6f3772b765db378653dbb11257621ccbdc5ba003bc7063bae8110b81ca7a60e2943fbf4a88aab1275b8db65f31b0deb6ccc56abb8b91db45053539b8da1f166598b5c7883d5b37edc3532e22ccfa37f45593c6bf887e54bf166950ac5
begin,1,201,220,1566377599,9,1024,8,0x000000007fffffffffffffffffffffffffffffffffffffffffffffffffffffffffffffffffffffffffffffffffffffffffffffffffffffffffffffffffffffffffffffffffffffffffffffffffffffffffffffffffffffffffffffffffffffffffffffffffffffffffffffffffffffffffffffffffffffffffffffffffffffff,0x000000006ac06d14c793effa0297495f9e90a2e460370572a86e6eb6c0ce0b91676c620e4e265ebbecc007968789549efb186f82cc431b0fa7914c04b85738af65db1b04fa267798b95a1567f77d5937992f559db7fa3d8d9a7d7fde999265369ab487e49790b3de454371a75cc82b47a36b32609ba9a03a70895ccc47e39a1f,0x000000001248921203eed62a73878d96beb35aa3142daff2ff2b193c192e6dfc022c8ebbe8857b32ea0d92f426f34259f8d0bc067a8f3a9432ec721af4c4f971569221c01490cef000b2243b831ae7b2356a0fe750a692af8db2bb658d0180a905de98b8d0fcf55251e7d6c19ccdfa28f97737a940fa47f73d1ca9f5bfb124de,0x0000000045f3f163cf38c147f346ccbda9a393d92f8a7aa1623b20a15be41edcecdc4324aefc51c6f117eb8e230cd27c93415e772ad356393b8b10cdca486badccf4675c971e0b290bd174aef96d8a97d8c17097316802c6fa7646530d79c6cfd4a6b7cb57bd0fbf5c697512284d8de1aa73100fca396f1600f66e3105631ac5,0x0000000048721aef9fb5a84e1d751bfd20a736ac4bd5614edd72e692977b838687b4c6f0de3c6d6cf65cdae472c29e5b27ceacd6fbe0dcd1abab430cb7fcd3085cd388c72862bc892f7c8bbb7f8a77dc00b884fd82cb55134a2f7ea65452bc78e2aceb3a6bfd80020809968c6406e84889eb2eb0c14b7625de9accd789d1dfe4
begin,1,201,220,1566377599,10,1024,8,0x000000007fffffffffffffffffffffffffffffffffffffffffffffffffffffffffffffffffffffffffffffffffffffffffffffffffffffffffffffffffffffffffffffffffffffffffffffffffffffffffffffffffffffffffffffffffffffffffffffffffffffffffffffffffffffffffffffffffffffffffffffffffffffff,0x0000000018a0928e7993a78894065b0f3a422d85b757d7ec140d2a537e12eaa3d32e03e147673297a5866c248e3aca9090fa92c949217bd31a62a8344d3d49aea5bee0f9e140fdef7abdc9b003fa1761319ddb72aba3088d67aa3927939373682fa72b228397e3aae0a9468bb0f96eb77dd8daa86ef05967706bd64254587dac,0x00000000186d304f085c6e76d3dc0f22bbadab15f40ad74053a95c47dd9f712879ea0707e9bd2cc04c0ab5cfab82ba95b0341701c80df167814fc642b0411901d81370c06e3d5e6ad63e5d1979ed919e9af453a40bd7a25c2a193cf73e3bbf0c83e37f7b2ec6126aa757cbffd8e8592298aac67766a015368703bb3bde4384c7,0x0000000048bddb59e223f83655e57008bca2ba80850d93b1988cc594ff2a94ac04b67612682992631a6770b952790d729e747a8e06739978d332342112ce1400fc44d065a607bb8811086eb706d3b6d2eb3b3009b92fdf83e552cce028d4a3f567aec0f16d89a4df8a3fa3afe8ddc871a85dc925898b99d8ad07a260854b9069,0x000000005eb923bbd87683784e8e76df685c2de1076c4ff72c444982cd8f5c968af5d936eb0b27dc4da7c481cc4e2775530761d258e8c33c2b44c143af8dcd9690bcb9e0fa5a2b3066770ca389aeb10c50d580a945d464a16064f3ccd6c30f365a915d752bbe39acea3685d3912af2b7c55f780d397ad1b94a728ff5d54fee18
begin,1,201,220,1566377599,11,1024,8,0x000000007fffffffffffffffffffffffffffffffffffffffffffffffffffffffffffffffffffffffffffffffffffffffffffffffffffffffffffffffffffffffffffffffffffffffffffffffffffffffffffffffffffffffffffffffffffffffffffffffffffffffffffffffffffffffffffffffffffffffffffffffffffffff,0x000000004fb707b7f618571b5668c1f1d2e35b5c2d1ed579665226a8d05f897dfeed230d8e867b9e438328ad6434dc8a6d38bc2280c361a9acde4843f34b565bbe45dc0d94364c5c931b1828cb3f28579a938e24ff6408c5a2afcb121aa6063b9ad26c43f297c0e50bdf5d384da6fec0b700c8d03210097a748c282689fe536f,0x0000000050c4e0bd21d2e0737fa36d8f5fe5fb4670e4ed6ed5b9ba2521fead3ecd27b247268e0088f40edf0189d017a345e3a1ee7fdf40787200eaeb9ad7ea596333a01a34fdf6ea78230a722416bdce166a140085673f812ebe746a8efd80d87318029ce29fe10958c2d8984cfaa952ca4ec39e17f7d604c88b5fa610e52d22,0x00000000232da7b374172b2b520200d38d4769bc899f1c67832fd91d127daba95a2b2f7fb5268b8d4af09e0faef227d854846b9e0d6a3e06e04f95536001f96625d2f75286dc9053c459036333e5df2114e73ac3b9aee6087d9ef04b9bc422e4239b447539078feb5c1b5e636a19546268c0b00aff7d599ad534cf30571d48cc,0x000000005690485409400c390d2fea2954ef181f5b256b205c8a71457bfcc7f41f8fc1c568bcffb819e107776e886beec481692d3ca46a5aa55c63364a113bd23498e89296a3d4472a3859b12ae0691f5eca003608e0ad3e833b91ec370e3bcfdfd108ddfd7b622465e748ba6a1de11db88c19848a64b7504889910ab726e052
begin,1,201,220,1566377599,12,1024,8,0x000000007fffffffffffffffffffffffffffffffffffffffffffffffffffffffffffffffffffffffffffffffffffffffffffffffffffffffffffffffffffffffffffffffffffffffffffffffffffffffffffffffffffffffffffffffffffffffffffffffffffffffffffffffffffffffffffffffffffffffffffffffffffffff,0x000000005c28ae25c5d2a8dc2db51bca65436b2fd160e6f324eb2d32aec7caf6eb8490ef737a9bb64b0694266a3ccb4076e7db2c8e219d1c97d20123052f08fbf13a2b990f9cf89ff51c4dcfda4ef5ff3bbbee278bc26f4fdd05ca7ec40662385344e766fad94a646da8e061a3f2c79bc6fbf70456405620ac9de595ff6057e4,0x0000000040d85476501f02ce2f2276ff1b9654b13a62a8129de2bed91ab7ddf0cf6402d96c140ee6d8bb47e3ff5b2a82ec01487fb25bd3358a97ede19fcb987d1aad82cf8ddeab4e9bad0731a98e599e549136032c877b44dc0f2bf019684f7ba7c7d89c2fa06c7be23edf6bbafee9ef67d16648e177004fbe55e196bd6a0059,0x0000000007eb4ba5f3a7d1c7b8a53c25ff48d05945b334fc2ea97b10e219a279a79900a4b2c6cca29e76bf85e053e5c94dc93a30bdc533626cf8605974525f169c82427665f557b0105d7d766b7259ec7cba4c638491fff8d3d534014abbf847e541de492ba9d0ed38e13066ce2c1cc66454b59aee9790552ac43923a3207230,0x000000000d403ee89efad2897235c85a36290ebd1e118eacc1f4f443d8d9b9c7f14197ce1ea2ad6840d052d868946977dfe3cc8eef7ea1d11eefa1de3dd2e7e7a2505b5e62957bb538bb4dc63b33cd785cd182f157a93519b47f535db473eeebbbbb09f76498bb613acdc4d07e81f3281f69a0ab1f1949a3feef31e78d549d3e
begin,1,201,220,1566377599,13,1024,8,0x000000007fffffffffffffffffffffffffffffffffffffffffffffffffffffffffffffffffffffffffffffffffffffffffffffffffffffffffffffffffffffffffffffffffffffffffffffffffffffffffffffffffffffffffffffffffffffffffffffffffffffffffffffffffffffffffffffffffffffffffffffffffffffff,0x000000007399402c58832865b3cf6b458d942977676ea6b9abccb261cabeb4c3c8901f31c2498a7a41ef680bb57950801013e65536fb9ab639f9d136e738a94ada3e34cbdc7ef331c6d3732312dd552b6612177944a8e099ecad9b55ec5755b66240e13877d36e324d5989b3e9e3bf5477d1c5712276c5726fe2ec8763cec7b7,0x000000006549dc9318d1469ed717d141f359503f48c49c9d1d40d9ecd0108e0272710e6d4ff7c8732479bc15b8f54084dd395ebd115fd1c4d3c174830ed07884923d58896abe86cceefb11d7776a89840195c9fd7efa70c5720b41bc59c6d4e648cc1e0676919c5fac62a9f4fd199aeaccce015bdd1f242b597720dd4193b9f7,0x000000007f80b779a19c165f32be2d1d55371da7fd6d115b6a013c283908558797b2826efbaf9a2399cfaeb2b9b3452bc9ca5a17cc6072871a67362074fdf3b5aa5af48f1e22958a59479afc65e927c230045c10dc0a5bbee44b74bfa2224fbffa98e1ae2cc94c3586a0312e1df67d01b2578faad3b9a7078962b4a297c02615,0x000000005babc32ff661bc9840d57b8e5e305814c28cdba537fd6f602e1046ddb7fe9eee51cf9fcd3c77066001d403a13741637fd4909178d6819b56508078ae25fb34e0e8a9f9c96284b987b12ddd05b225d1a835ae63f3c9ae461ce4e3032c3f5aad72e2270c3b7c7c05bfa0fd1a3654148d53e284f7c73172a70845df999c
begin,1,201,220,1566377599,14,1024,8,0x000000007fffffffffffffffffffffffffffffffffffffffffffffffffffffffffffffffffffffffffffffffffffffffffffffffffffffffffffffffffffffffffffffffffffffffffffffffffffffffffffffffffffffffffffffffffffffffffffffffffffffffffffffffffffffffffffffffffffffffffffffffffffffff,0x000000006bef7a10b642a535204711e64b3cc7333f4009cd47e12fa8c5c815f32359a255db1162a556177b090633ddab2dcb6dc1576ffb0e284512bcb254121740162bf8048b885273282cb4af1e77114ee307dcfb4c8e82cd401379691a65e4705b2f88abe41decca59ba9d4bcc96f66698752adb01f6a1e553cae76fb9903b,0x0000000056c9c77da50c37493b7417d82a3b187d5192a5362ea58e3605f2e4046f95cd0dc89da702362df8ee9c678922749a89489d3fb390a5fc4d681e3cc06a2f87598353331fefba3778a28cfd04232a9ac04968fad7d480d10834c9f5246db5bf2878c03b3253ff934a5d3f43d0ad0fa997060b61e3bd58ac9dfbb87c3ab7,0x0000000049bd92a39e79a027e11db89e543971158112a6e2c45b99a268557c00c97d72477dcf9776667776f010053f0eba3badfa864f1fcbbaf0c594b8cfa7fd5542b23063c1d0bd34fb861bb45b956d383fbad7717073dd5733c1f0fd2635f05737953f54ad9f2c2486bdc8f32580a24fbca56bf7444cd3eebf63555c5a2424,0x000000005bfcb1008ae3c89cbb2afb0ae82ee1a54c6ac82d88668213e65ef3a896fec59fd5ae970c1b49ed40615999bafd30cc023938cf47138d72c524391fe72f1517ec8c8166e83b909dc2670b8c417339461d95f9f6a890fb585b9879f14e259f1e8c7d7302aeef55d914cfbab328bac73988035e4cebf3b45a75062949e6
begin,1,201,220,1566377599,15,1024,8,0x000000007fffffffffffffffffffffffffffffffffffffffffffffffffffffffffffffffffffffffffffffffffffffffffffffffffffffffffffffffffffffffffffffffffffffffffffffffffffffffffffffffffffffffffffffffffffffffffffffffffffffffffffffffffffffffffffffffffffffffffffffffffffffff,0x0000000019d80a1fe0ece181d053ffb3e82e7d6f220a9b03f4287624a80575e19b91b725caabd508454e17033056fd5a391a281fac6a602c4e6ba91a4a62c1e344e28b2a5095aedeff10795e0f8c701c073a0a57fc5bdc8f55d32c70bb6e586158d56f64f8981c80a8f4c13fac423b0e0974529e2315aced2278281b3cf9c303,0x000000002e27ad04c821e509fd9b46e1793fec2c41eca02a0921105f623002a660d414349c42b3f43f9a1191d57a580090af8299d007652bf696abaec7ad9d0cecdf7e84a0cdba0214b9ae661bda5029b6103350a7409f30884f939ef093ef3d2b900eb561164b7ab8a2b5771b392da5bf657eafe3185b1296dbbb9ad359f58a,0x00000000410706fc935612cbbaaf782ec931559e96940606c1afb36b699bb8256110f08852147971e4eed587d6e354769198cd4e4119f84aa1913e4fae0f511443533612240040168c39c7bfa96bdccf2ee54a5342842ab6aa7ec6fdbb286957365b297ba77f5fdb00f1aa1e232d29d545ad982a252fb780ff19c4e65d1659d0,0x00000000508670a6525dc77753c3e7f8dd130ead6a4922a4eb59fe20222d6d8e8b42e1ee1069c3b6eae7cee79171dea4cd2fcbf7e6b366801ad00f1ad4cfbcaf4a4e2c51c8ce8f228fc43e058cf3037921391ee51e6d6a099dc23e019397ffa2587c7870fa2df393904ff3b3d920bf9407e741aac70fafc8b1e48870e2e6b8f8
begin,1,201,220,1566377599,16,1024,8,0x000000007fffffffffffffffffffffffffffffffffffffffffffffffffffffffffffffffffffffffffffffffffffffffffffffffffffffffffffffffffffffffffffffffffffffffffffffffffffffffffffffffffffffffffffffffffffffffffffffffffffffffffffffffffffffffffffffffffffffffffffffffffffffff,0x0000000063e0ab03b75b1737b875fc12bc75c36ed5e2934358e6f51d73f8256a0a8615f85df0338a91075daa721fd7c7e45fc9cd30ff88e7034435be149004a87c3122376fb44b3c4733b3abd1803abc70f0427412e008080a148ed73fc054516ddd7f2ff5bea5d650a6d0bb8093202b68ec76c36f0b5fa34b5e2798ce3740be,0x000000006ef78660654f7ffe0f918e61ad26d5e1480093b7de9e9163c00f1f85ed25fd28d02d2ba8b553bd24f80c1838fe400b75d0bc9b3980114fd355f4e1bf7fd21e5344fc43c31682665c8369dec2c983a5278688e49d492d15a15c62cd4691584235722472fa7b92983fe2d9334cacff65999fd4f1a44d4279ceac987449,0x000000000c17515773a0b28894018a7aec903dbe64b203957a8e95520dfa70b58af326354233eb41d286bffb674e4173baeab1e094f85bb08505e76d7679df4a715efebe9e06a8e477ad4979b100633e8d4d2520c269efc2bcf8888a343418a982fb05e3b10a25c5e265f9862b615263b867862c58fbbe9afaddfc271e587f5f,0x0000000022561bbc5f6e69c2132eb047ffdd597e088bcf26c29d2d59ad41e85633179d30bd1608ec1aae962493cfffbe95dbdf914facdf48a4f2a04186ca17c7c0c721314b1205ec9e6ec89f776d22e3e17b3011da523d9c8ccf2a9ebc0848b6367e336e43766677f44126beb1caa93eef61319ff23b73ccd09649ede3273285
begin,1,201,220,1566377599,17,1024,8,0x000000007fffffffffffffffffffffffffffffffffffffffffffffffffffffffffffffffffffffffffffffffffffffffffffffffffffffffffffffffffffffffffffffffffffffffffffffffffffffffffffffffffffffffffffffffffffffffffffffffffffffffffffffffffffffffffffffffffffffffffffffffffffffff,0x00000000612b9ca87eefe790c9e7d12dfff9da1d5bcf13fa5b1c74a80da694e2560439b1dbcffae5fa8ea576896f321543986edbb7407fd89ff3767281d929a55856d70eab968ce9147920759d512a72e9d697bc17dd7453a91205a9b757c96fdfbc0e0f2deeb752e79abd238077bba64465798e7ddcab01dc2f450742e09b09,0x0000000020b4a02e1ca51060f1bc3cc891aa66c6384c27f99e04cf3c422cd4901692506c2a3c6c586c6f57b2edd0532c82d0502e65390938dc606fe932d498f10313a415c0e2b1ab0590eee48fb0395a2aa03f313921a5d0c3e0a09f4a58a5888582d60643ce70ff7644d4162a064171e54cdde3e8ee78f20cd49c627cdf1d3e,0x000000002c911173ecc3ccc0c0d85a09fd14e4f1fc2c0879461cb771a736569a2971b08ddea21e884bbab65cbdc1a0cfad0f8908bac1e11e92a46e9b5531dcc313217a6eaab395b6c5847438398780ba047389cdf586ef8ba5a31c994851a9f726c39701cb44730d27cd728617ba0b14e7418766cf60618ac752b1d3c237d3ba,0x000000007e4a014d968b1ff3d995f96c4730702300872ffed3f231ad5b71587d9bd4d1bb139294561dd7b4b9f53e0a62397a8952a36b4ffc2ec5cf0c0eeaafe638d1b986a80732d18e199b152dce88d5cc51613b56e9772cb9bcb6f89680e767a13f0619a8ff108a68714735194df1e86dcc7e6c2b880c99246ea674cb4e419e
begin,1,201,220,1566377599,18,1024,8,0x000000007fffffffffffffffffffffffffffffffffffffffffffffffffffffffffffffffffffffffffffffffffffffffffffffffffffffffffffffffffffffffffffffffffffffffffffffffffffffffffffffffffffffffffffffffffffffffffffffffffffffffffffffffffffffffffffffffffffffffffffffffffffffff,0x000000006773e4b4b1773573309fe0e1361b184516490c3c1173488241742caceb88c89432cec702317fa7a52c93d85ec6ce9c0c7927172f22d5c32391fbd656a59108522cf0d41f922ea903a15118eb845015a9583ac78bcdd98209eb31e21f237a49269944e2245d842d521c1ea508c519ea4b8f7c2cc187e4504ab1d9ffc2,0x0000000053f671db78ac7bda75ddcfca7132d26e6d3eda6d9b391ae7df8d4fced4215b489a41e38b5c51f9e86eeef162878e07fd38544febd935c349b74aaae5e4473e520d0c3ccb2768bb0695bcce581e583bf2235f2c09ccd9bf338511f6f2e33f9b2f8d36f0e4c61d630111c069c95056767a2f41ad31975488c740c878ea,0x0000000064da71a06e11720cbae597913deff2ef74e9ae397d95ca6c5d0516eb1541e0d0559d42135a280a78117de15d433fcbf41c48a10dbb2c2b62726243db0d06ef0762939ece02b6de40b2221078ca00381d931a0293442f5037aa4cbe85221a864618192eaae5b2643aac8e0c645fe5ce55c4231c7394fbb3c3ee2f7453,0x0000000063dbb84e1f1073fcf07c6a12a79567b04bcff8d657181db274299a13b7aeef9b8fa61b1c6ad64ff890b344aa4e3be757204527b257a921a00b0629cde3b05889bdb0b50c94e5fbc5dff45779afd1aa68c85e55d32e5bf11e6bd593377f71425e20e20118e9b1e0168b8fb87ac31546a21cb9a4753de6c09fb924f30b
begin,1,201,220,1566377599,19,1024,8,0x000000007fffffffffffffffffffffffffffffffffffffffffffffffffffffffffffffffffffffffffffffffffffffffffffffffffffffffffffffffffffffffffffffffffffffffffffffffffffffffffffffffffffffffffffffffffffffffffffffffffffffffffffffffffffffffffffffffffffffffffffffffffffffff,0x0000000044a2f901a2c7ccacc34663a982882670cf30292c3bbf28fd774ea9b2b1224fef18e4ed778ac9b02fcedee1a8afcb3cae35c94fe55b26093f217f4b2c731774ca6c76c3d8523398cc5dfdfc4fb36902584de9ad81f6ab5977ba13c7b959a17977f50e0a0f309b474d03b27e5045de9c6fe913b8a2381040ed886f79ec,0x000000000a6f4bc3d542d19c57096d951d026b325f430b3805b80583a0d13ca5234d12c0971cb37af821b2d3ba17059919057400f659d2d3fc89c37491c33512559b131ff95017da8a057aa3210709c6ff329f8dae54bd503faf743d7bfab4714c427f69ebc837d9e4368ea8251793fe9087d21c16bb4f961781a61300d9ecd9,0x000000005711ba6acc69b55027165375cadfe09f2cf8f2d31297ae4f18b292b45ec065a2bedf703d7f427cc07e0bc0d43ffa1e20ba84f8fdf747093532eccca0193d9d2c6f37a7d15c6180c945b53a81e106a5f37d3079c83504774cec956b47d8f635c682206891713312e76a6ab6a32a42fd84d22893c3e244c8bc7461ef05,0x000000006de1ff52fd6e307fb740e040cb91cd5d76a435bac3e2376bfb24acbdbf03a462806b7e034472f4eb6c6a3c936ee75039d0434932d2f244affe9101c89fa67b5d297bf51830d1948d46fd5e06db2bd3394b0adf9c937e9ae055c327790392571ffb5d6878e82a3b6ed7e78e1315daca15467fe9582e7d0076aaeebdf1
begin,1,201,220,1566377599,20,1024,8,0x000000007fffffffffffffffffffffffffffffffffffffffffffffffffffffffffffffffffffffffffffffffffffffffffffffffffffffffffffffffffffffffffffffffffffffffffffffffffffffffffffffffffffffffffffffffffffffffffffffffffffffffffffffffffffffffffffffffffffffffffffffffffffffff,0x0000000026bbe522809759ab91f55358424dc34eac9c632cc8308a21c61fff791a8af8bff99f7b08aac24f3fb8a82cf21149140512fa741388c70ec4d612fabd522f454fa4456d2aa2f1c8727ca4970df6669fde98c17d54bcb350f442bd668ff1d3532ac6b720710c89f7b9126888328a230391d3d45e29079c022b263b4b0b,0x0000000033149e47c5b5e950622ba6fbeb5a4015740784382b64f4555788e9bcbe16366343f86f8c1f17f6fe5840c0fbed29336d6feb03b76032fbf783d5aeb2485a0288f94cafc8a1c0be0125068d25276821da4e574fd9c63b0dfcffd8b6ebf26e6aa1bc9bb8cd3564abea66b3122dd62232b7697572619726ea5ee8e78356,0x00000000396e93dfb42a6b2245f5d043b328ee69a481ccb3962160aeb9867c7bd228c36dee924a19a1c74d403f6ce703cb549a794e5927fba60ad4952c2ec351880a00e590f3c9a0fc78196f3fcf0eca343c264d097940aa4b1a7a52986d41b3213a9eab4ff77427c3db5deb63719bc719c196b26bf3c949c97937a13491700f,0x000000007fee8a4279176cc6eac0cd85b2923e01563df47969846e291264efbf5b11b8bfe51278d20b5c20def7adc5c29ab27a50515960f8dd538211cafb26fa9208668bcfd6ec364931d6577c4d975887fdb7a273395e65899f4d84ed71d47d3bce0e42f1d9e76926db043afa1192f677dc3d51da9929723b16bf30c53c33c1
begin,1,201,220,1566377599,21,1024,8,0x000000007fffffffffffffffffffffffffffffffffffffffffffffffffffffffffffffffffffffffffffffffffffffffffffffffffffffffffffffffffffffffffffffffffffffffffffffffffffffffffffffffffffffffffffffffffffffffffffffffffffffffffffffffffffffffffffffffffffffffffffffffffffffff,0x000000004fea77fd47c6df702791b4614980050bbce52cf2955858020fbca842f7e661c34f93613c6197fb7d685ea6446c8a66b21c45db18e3c13a7d117cd9d9bc1086b37a306a117aae598215be5c558c8ed0649072652fc0244a33cec8333974cedb749191fe742b3a8f7a3576776944aed6a032e4905e527445fc80e5aad9,0x000000000922cdf845486879f254b600e155b4f1167bb734d774e50aed20e05535cc19a614ce70c126fc3168536866c20f6395abaf1d5bc01f919d091b366b607566ff32d02e6c5d06c07f6d76b9596abccd13998946aa2ae4bb838d49b3655bd4564b14cc7fac6c9cab5382c341ec79b951f7171c4f2f4093a90602aac6d3cc,0x000000003472e80e37c72089bd365da967caf2196b5b02d876a5e323dcb4400225f8705e3292094e88afc5dcb570a77aeaa171adab792f5b968c8f183695986afc8b9253e86085e159adfe92501dbecbe59a20046eec58b2afe800238f79e2a11f86039977c8efde29c267757a1dfb0a23401a98973d5de5be602bb21a39a66e,0x00000000151d7a4d4ce8eea4ae3ae1240068438aa83c95485690a2ab222717acd73541ec5652ad313da0a28dfa711eca6bd78573928642a97aa1d53402a46c4625a45b13fef6acea245ef00fc77e32e1ab1a1d13b8abbd7eed659a64902fa77797472777f4f0672b84fee81e3a740e29c2d0c6d56320ad1325d2bfccaf22999b
begin,1,201,220,1566377599,22,1024,8,0x000000007fffffffffffffffffffffffffffffffffffffffffffffffffffffffffffffffffffffffffffffffffffffffffffffffffffffffffffffffffffffffffffffffffffffffffffffffffffffffffffffffffffffffffffffffffffffffffffffffffffffffffffffffffffffffffffffffffffffffffffffffffffffff,0x0000000024952b1d01e3595d3098cef11055323d3969d13a062e1422f4f0443e33aad1b24976f9d907a1851c90caec19bccd5d40a1beb1c00f9a849bd2d49019e489eb6b2cedb13ee38647808573c7be7c7bdf73fb3d1c2c96419b8dc1b5531ed28c726cccb3fb53d7bdb74037778bc53d96fd3d267547ed46d84b509fbc83de,0x00000000370e3b910d85150a4261ddff830fedc5b43efc22bec8e47a40f20ee0c197382e37ba1fcb420cee3cd0b3c3ff77f3e855cbe73ae4bc54b6589b5bae2ae1cf0252f5e531dc3e62638ea673a53f3d3d1fd82fba3c3788d714e6c3561b0686de0d4713f0d3bcba68d316b50b12c359d2154135bd3cf8334f6d21c3cf849c,0x0000000045a5ddb2cac12f533ee16f760566b9f69e3eecdeb17b57d6b9cd75b1a47a2849f394a94d1e7a4a33332bd992d1fcedb029fc7cd6dbefc2b6842a87e0d07657486afe9350657d8a912fef8d7c86fb36c0c95bf07f55a11e7f1109c7d90ab34a22e56d1f0cf6e3d7bd738270248776b48a7d211a502c321b32313e0f5d,0x000000005c713921561077e3ce2487774298fcd38a0763881b22461559bed28fc4073ab04153e7114388be41f7822b90eb2d8cc8f9c555347c7b7996371aae89b63c3d290111eeb373e012f56b13773e48d99c2959cb9b8cd26b35bc15686a386e3cb419c9e9e9788a75209d7c56dfc083d9d45c937c0e1cbc815125f914d45b
begin,1,201,220,1566377599,23,1024,8,0x000000007fffffffffffffffffffffffffffffffffffffffffffffffffffffffffffffffffffffffffffffffffffffffffffffffffffffffffffffffffffffffffffffffffffffffffffffffffffffffffffffffffffffffffffffffffffffffffffffffffffffffffffffffffffffffffffffffffffffffffffffffffffffff,0x000000006b886f8195c92eeed7b3cac2d349da334939194a3262560775d934b1030dc68c0e5330902ffa163660159cf35bbb4e5a94769769ad0f47300afc07d5d7e89ef3afad0cfa6affaf9605299f6b68c83076d7e7f11d275dbad6b92288386455d3a24be4a5322e288db0a7f4a4b829f5532ab68d7ab181bf3ef5cc280be3,0x0000000025a6da9e8b8a2644fd0d431cb79511bf70a29e49fc669ab70d3819afd2f48c1490c3cc96708a18acc70fd626cd09dc62e70c079855273c3db93be38038d1c8430075c775055946d9bbd72d2afd337ff61c057868bf6796e88c2db2b7a632a9fdaf56930a49a2c46a10ae94893bf41d02ff0668f7ef4e4b6e05cb68fa,0x000000007a32c507b66e75a08979570b54c5d63d9f83feee521aaa4907d84ec2b586687defb34ba9ab7a4945e5490a464f07e45bd01627f390999e4fd617255141c129ea8110fbbd0f286ef25239e638510c8ccda195f1893036da0f76a36bf99a22eef338d5fdacf2ccd57cb7b3e36b716106de44377fbdd8a8d5cb4eb0515a,0x000000001f8938dd1491c682316ff3740ad2ce133be49af0b5c2826fec3653440158ce90893b8b2f81b5a145344f2aa1bf474e8a1fcb7227cc736a060435f8d3f10f3ac7d3b1dafa68da6b01a0667734544d7c2e0d2fc6bfbf324cbf564b867a782f34c48db1884343ea59c9a16bfbdaa231709b7d599ac8d0f67e75e8b64182
begin,1,201,220,1566377599,24,1024,8,0x000000007fffffffffffffffffffffffffffffffffffffffffffffffffffffffffffffffffffffffffffffffffffffffffffffffffffffffffffffffffffffffffffffffffffffffffffffffffffffffffffffffffffffffffffffffffffffffffffffffffffffffffffffffffffffffffffffffffffffffffffffffffffffff,0x000000000d824a81810c41091b10ef7a58734ef66631013115f7f02e3017b4c9e4a469ad782d83113827975ffb5a92f70423321210c4f5d6d1db711b6f031bdb6279de545fb8fbe69864935878cfba0d64a46ab134c380e096a91e83e4f5538ffc6b12c4af503bcc8f0b3adb78b417e84806640377b06c6d865e241a89b01e75,0x000000003813ea967c43ed97be286fabdf5c321f9beb9a7e14e41dab212d9326ee1bdbce6e4519f5bace0eecf5dd8c2a82de7049e4f301358e489b6fdfed9ed782e12e9f19664d8c4fb7d5bece3b9836d1e6ea19ce6f2e3ba9f4cbdb8c4cd2e59b5d9d8c38feb7d9de884c4f1f8ca4b25425327c343960c33794b8f473b8c747,0x000000004e545e02be31625ae6fdc2557c8d98f1a48d2f4aaef4a21d8f7df562f76a56c516585899736f8da061ce9f7e4c81f4135b08f28c060a9dcbfa897955e5763cc5ca1bf001ede67da5fa44e6a7dd0449fc843ee661d64d85c60dae772c640ee374be9c78142499ff09ae56413ba74ddcac3f3193aa16606839ddf096eb,0x000000001c3713f8ff4470cd760f09a33ff2b609777831e12035a23cbf6b0e0f16d2c9804f3e8af57d9ce731c12844b6ce67a08585ee359c2eb64cce8bdc40a0ecec65b080c2040f753450423ac6a80f621f9c0d5dc593c88d83a530c8b9ca173fc023be9a144626f21185602e2513ffae382c0f73cfd00d561aae71cea98881
begin,1,201,220,1566377599,25,1024,8,0x000000007fffffffffffffffffffffffffffffffffffffffffffffffffffffffffffffffffffffffffffffffffffffffffffffffffffffffffffffffffffffffffffffffffffffffffffffffffffffffffffffffffffffffffffffffffffffffffffffffffffffffffffffffffffffffffffffffffffffffffffffffffffffff,0x000000006f0b0501a4716044f2de503a32e4e9fefc6be3562161abc404c17bfb1703e9f57036b65cd4fa28411b88ae372b470d35cd8a13c3119d07e45b631317e8f6728c91255a8fd556452fe4f6f0eb0f7e79ec97d2169cc94f451ad532648779b5bb7d96a89e15a05afc8ff55ee9a27009b283d4b37dc48c776afba51d4f0a,0x000000000680ed145e451ff7940e62cfcae399c2a550298689a6f3a6d41e3a76270ef8de79fcadb6b07c7b2d9b89e2ae60d6edb4f2ef2a313c2af0e7c19a0c50999f68da46614af78296db471402ca5f8fb9aa2d8bde1c8bc21d39117ee1c4392af55323123a0a4f8d1c9778a36d0e5e72b32a3f256d8363ca63a6181d706547,0x00000000262bd827464da2d124449e6781545a1e6ceead8894a8904cd35cb5d236ca383b03524ecd6e7f23b4a2597a806d0baf6bc395e6225f4ca3f9183b802c2c4dd26d237aca0c9da64f0645c82e01274cecc9407a7533abc3b30b1ef606d5fe167198162422146992fe0aab5b7e5cd0857a2c356bc5dff3f3a89840f6f97d,0x000000004744830358e3804af0d96756a58b687fff5b8ee689b7a26de9224babb4cdee104ffa00a3e820ff6f3d483b985a0748371f2aebc43c1397e28c9f4ca41f3b39d419338e85c3ce81ac924df5582bd949a925b7f8132263f60d2df6b522679c8d625c3255cab90ab43340f01200b9a8d5d8e93ac0142926e7cdbaa58842
begin,1,201,220,1566377599,26,1024,8,0x000000007fffffffffffffffffffffffffffffffffffffffffffffffffffffffffffffffffffffffffffffffffffffffffffffffffffffffffffffffffffffffffffffffffffffffffffffffffffffffffffffffffffffffffffffffffffffffffffffffffffffffffffffffffffffffffffffffffffffffffffffffffffffff,0x00000000375b24b73a0325bb4f16e13e51f1acc18d1227eec82cd1619331e8bc8027ba2accdd2bcbf54cf0df5266cd3fea3444d350deba85a3fc1677df4dc70515055a2626fb10b4e859f66d28af8f6948185725895821a6a2b3877053a61d7cf4ceecf2aa4e970b9444c6318323d08fd38abcd7c99fcd056d7565a0891cea44,0x000000002b01928ebf379446a5416d26a9c8afe55ae2237010ab66a21679bab533f240a2f113e7d3871db3d8cf26a6aedb1c0fb38da4003462e5b1dd8b0e5c6539b2195a0f4c4890d7223e0c045c48ef43e741aea5afae141c0982c1f5d2e4632b47d326e74aa1f94d204d92bccbec072916f793f296132f705707634f12cd6c,0x000000003feebb9eafb33164292310c3b53e6fbe81cda2e091c53059b15a732fd460016745e180b15fc2a07632d1ef03c7865c92805bfa8e71bb301e6e01f5d15f2a25bc0d920165ca032a00ccac1e6200870c24cb862153017a2b96014cdc2ca33828d1d15cad5f91dd8cc759afe6cc244c30d67e6ffe90b83a2ee123698ff5,0x000000001860070bf19429e26cde74fa335bc4edd47c4b780c533eaa5e40bf6c61c684d720c5458f18c303027e9204e7ae048286962a124b3ae51627de48a111e2e258d04e040cbe22231edeeef71468395609b6b527a8d681a0e0467ec5997ed8378680b73c6e1042148cbfbdbcf0958b5b85ae65dac5a6cce09aeabcf42bc5
begin,1,201,220,1566377599,27,1024,8,0x000000007fffffffffffffffffffffffffffffffffffffffffffffffffffffffffffffffffffffffffffffffffffffffffffffffffffffffffffffffffffffffffffffffffffffffffffffffffffffffffffffffffffffffffffffffffffffffffffffffffffffffffffffffffffffffffffffffffffffffffffffffffffffff,0x0000000078dc8fc210a30a6c6cd21f487999489f79f0f38cb3ad04bca39cce63f20c179e1f1e5ca3eb3cb3ce2ba9f6dd1c13b99cf4bdd748a0888380a32340c562140047fee89233e30954ab902f53b42c4569e6c643815cb8fbd53d94aa3a3cf2072c5e4c747d4d7e93e3db35c7c1d5b880bbb0288d7909a417d86ca8d24252,0x0000000002426b3a276391541d3f94eae6e33401933fb262d3b9dcc2d1002bacaddcad3db6996ff2d74ce81b6347f8ee5ebe8135265ab046abc0e1d60c6fd1056ea1c3fb2ad70405bd1d797cf4d90945d9e5c738fbd4cbd4189d1626849358be517a05d5e46067581a0fb4a03a4f7df6fe378bfb5d4c935cd4705d3633eaed2c,0x000000003ca5ceb1c84669b93c4d28a5922890f584763d2455fb4f2f7bbdc6afc87c4010b8efeb9842a24cba2871e0b1d4621094eea2026112d08778d4896fb90c419a800ae65d578e5ad5c4427942ccddb917412964357dc17c2d21e55e3b8a1f00dcf6591dc84bc5d05960508261a7c35c3ce4a6a045a8037f0c81e32ee297,0x0000000058a3d0965cb5f84fc52b5d16a52034e66ab3e9388035f0bd4982e7356ce4769dcfa8c669952be693a03d09f7343992ce3d1882a841bc43626863de628115d803034c1ae93a2866268cde9a0390040fbe6ce79ca658cc145005247998235b0ebc685755f8e2d3d3f1ef62cf48cda9c7995b3e18a7d14af18c056f60db
begin,1,201,220,1566377599,28,1024,8,0x000000007fffffffffffffffffffffffffffffffffffffffffffffffffffffffffffffffffffffffffffffffffffffffffffffffffffffffffffffffffffffffffffffffffffffffffffffffffffffffffffffffffffffffffffffffffffffffffffffffffffffffffffffffffffffffffffffffffffffffffffffffffffffff,0x00000000509b2a59575bd39f992255702b99727788896e355e6d0ef78eb38d00179080883dfeb713a11a0e8d5e48cfe80958b32bea251454d012b64b058594ed30c3da631f510214e5c84a466129f241dc68552dbf4fa5a755bebf4c5a24ce816ed2ca8c06e1f1929024885679b67c534915a617a7d40e99f7aecd37c9bb171e,0x00000000646fb37e786295724df99c284af5ca983b9af34224b18ae05920e37d48da6a2a3cd7352cb00be2b99ee937017759d800695d3bdbb8ab81f2052617d7ec72c74b9206265fc85b77983f2bc3e73c04eb880e5aa42ba399cb10176d3441665dbd9eb9cc3d038b2228b77570653c695dd2bc55981c8774316658a6a751c7,0x00000000764c1d567eb0c416952295bae4b65b3fa52f94e6bf8aaa2350ddbd657cd428e225720ea40ab1a1917226563b21d2b5b53ab80dc80a86bfce7495b6c758551e70c1ae9c87af84466ed359eb16ca0c66667b195e6bf152cc74d5eaa86aa1cff51792c61a50d41e7b6fdf23a38422b8a2ac5717f2341c2c877bd0e296d4,0x00000000316239c0b9efa473d8320ad409443fdfc81224d33f745ee1127946a44573e0b232d2922617815703c51b908e60ee28edaa721749c55c8cec5bb3d930988052974c8e09b6d0d60de93a0b5ea796598bf11ad27159b2a0c827677c8fa825cccce4bdf3c80f55c2000ed0144f977415bee55e86ea0de558855348b870a6
begin,1,201,220,1566377599,29,1024,8,0x000000007fffffffffffffffffffffffffffffffffffffffffffffffffffffffffffffffffffffffffffffffffffffffffffffffffffffffffffffffffffffffffffffffffffffffffffffffffffffffffffffffffffffffffffffffffffffffffffffffffffffffffffffffffffffffffffffffffffffffffffffffffffffff,0x0000000064b41469e1a55c3b6d31c8a6584383c47af997c0c9e2ac95b5615e2d80acdf05cabb6670c5c15c0f305375497c98d9117b9e6588798973326aabad7b04533101c30a1902f1a2075ed4ab7b23807787f2cd9bca9cb30ec8f922dd64685d20a77ff6fd1d04eb741cfec1be080466ff9e23c29e4aaa72e3f1401c2fcb05,0x00000000235ddc02ab33d612b32c9769b6201126728b22211adabc7b431036522249fe2e729774218b3f0209da796be7ea804b2c6e034752fbc96410542942b8ffd9d51e7bd78faf4e7768de7e79ea1bb8a9070ced43d5dcc13cc425424c9689bab0d44da51a054f68aeca8f47b520c07531aa714cd056c8efed2e6128cb05ba,0x00000000192f96f07ef0cc239a6ea30bd7aa375699dc00cc0ee6f6c031da3895600d206431c599558fe34a39a90854313c895e67db7400a3113b6d7c5711956992700e542d80e91910744430f8437803a087b74ed60e584bb54844d31cbb4b9b54e8b31bdb811db54d7cb7f874dd5d3e6a3514aa0d9888e424334d197273e903,0x000000006132cc97b49b9eab9f048b37f56312bde716acc56849a8157ee9bc1e9e2a5e5b68cef40780526a8d8407e770cf390d185dbe5f581fe2063e2c694c9d961341cb5a19fcb6d90658fcafd2dbbde4aa4ee6179fefbbe3bfa01ebd0b1286645d546454371fd165f1fcee21318b4ab0a5e3d57fe69c131f3465e5b2ef2909
begin,1,201,220,1566377599,30,1024,8,0x000000007fffffffffffffffffffffffffffffffffffffffffffffffffffffffffffffffffffffffffffffffffffffffffffffffffffffffffffffffffffffffffffffffffffffffffffffffffffffffffffffffffffffffffffffffffffffffffffffffffffffffffffffffffffffffffffffffffffffffffffffffffffffff,0x000000005dc0310f0e63e1f489cfea1e84d38b351ce3bff6b88910aa5256be973f1c15dcd0e388a234ca60d072be0b639f9d3568cf7a66a13f5aedd608b1a2715bc0a29d64531b93f2463f1553763e70650444868aead385bce6ee4f9b1a0f022ac7daa763c5387424d7ef2b777a97499fb7e4cd72585d4066837f807aadb332,0x00000000667434b14c3bd0ed2942eae624f9735a66cdae5eeb79eb5470d36b65aa2c4ee473a64931e84feb92aaeea073283ee5d4ed9d607caa1d1fb1f208aaca3dd4feb7a1664631b4d90f06ef859e8d25c0f207e65439d9175a4893ad51714bd83aaffddbe45df315dd660fe9a241b3d8aed7c007cba7d48c39753d2ddbdf6d,0x000000004135cb56c5adff2b8b16d79845ba2e3600319e747224662357e057f0849c6d59f4d28fcbf322ed557989d0fcac57545eeada643842db5fb757044e6618eec9f3e02c68866bc2cb537f395d8a4d8b7eca21878131175f75293c87cfcceac264cba676e191c4225644b7ae817f3a0db0f66e9157efc0d2c3473cd82d7f,0x0000000002e48034fcb590b4418e578a8651958d10b26b2dbe0a9a66f7f7bbef7188b08c9f8f362a4aff92f911e0351803eade7d1565ad14d6706ad584581580ba0c5f3e000bbffb022dc3d6b4cf85f28d1c1e5c6155639015a6e8a0d315025612474d8acc671362fc20b2e16b39dd69bba1c53cf9efb874af3a121543eca03c
begin,1,201,220,1566377599,31,1024,8,0x000000007fffffffffffffffffffffffffffffffffffffffffffffffffffffffffffffffffffffffffffffffffffffffffffffffffffffffffffffffffffffffffffffffffffffffffffffffffffffffffffffffffffffffffffffffffffffffffffffffffffffffffffffffffffffffffffffffffffffffffffffffffffffff,0x0000000077ef3f16e1ce936f57a13e7602a56eb94e45f677789d29d280ac42595c0a8a0b301bbcb916d1cf688a273363e3c1046ac2a18f5a0f0387a1e81615976a279c933dfe8ce88125d0c1bb96c68e1244582d47a390399f42e9ddef4c0e6a85752bf18bb88df338a1d24bed4f297cc978207be38d12d5afa104f8a116db4d,0x000000002a950fd547250652fa431665ed08c8901da5df2eeca0f9a9dbbfcb08652ed59aed2be86c8994cce647c9cf2224b9c98d21761f6a734d0d0c8f6e31b624fd895ddcab6603a781d4a4108af4cb4895be6453ccfbb8a5fa3798aced238f289718853c8dceb10de2f7b31e93f78b1ba76b248aa3c52b86bd3548f04bf770,0x0000000055cae82337f188529b1d9741aaee018956cb0c595dd2474beeec84aa775bb260e859599cdc8250bcc8ae6d6fb59da02d8dcd7560926139142dedd3072c21b88ecc42bc0a99c194e2997baf7280aeaaee64bbe2846df53183d9fd544354c362e9114c99e879ff371c6628f1abd5907396cfe5c2d8928b863e07aff03a,0x000000003a13d9bf7fa06f0cb722f8f5304142bf9b76fa9312c885ae7a75fdf17c6f1133ea4883b10d9ebb773f7bf1a66f73d6e12969444af5b1ee3f22b5615275d233b1959eaf60d245acbec13f294e0ec76177c8483a656d10c64bde18ce809e4fc9b74619e45c7056d85a0204a9788dea6ff0d6ecf9dd8c68814a8b9e67f7
end,2,421,220,1566377599,0,1024,8,0x000000007fffffffffffffffffffffffffffffffffffffffffffffffffffffffffffffffffffffffffffffffffffffffffffffffffffffffffffffffffffffffffffffffffffffffffffffffffffffffffffffffffffffffffffffffffffffffffffffffffffffffffffffffffffffffffffffffffffffffffffffffffffffff,0x0000000073cc6104969ff56b685c076fdfaa32655a3c2bcafde6a5bba4d6d79fdeb9375d5c8b278d7078271aac7caf6a6d08f2121b2b2ef0e28a627578bc0907f79cae84a6170a93a0d7fd9ad17dae5010b15f44113155af1758bf25cc0574fb1af813c448358ecfa4a08c03b3fca5f82cb03e80bc81dd2600214172609183d6,0x000000006a42623d33a3e18e91d002b28621ea9d13a6314102ba393a3b3895014420f0effd2bab1affbc99f73b0e4c027144cc693f3e9e614b93a9b46ca18043b1f2f4d5a48213770b0e7bf7b68e5472be98c7b0cfa40a0e08092c2c76225cb71ebf0ddb71fcd7fb947b149c884ccd94815508d7823dd26dba622de35b008e61,0x00000000194c7f12f2d44830a486516692a0d7ce0e65fcfec24f61d886dfb7d916204855074492c67ecad65a109f174bc64a06af63b21587b7b25ee8d715a88ad2a37c457426cedf04802794f81a5ee0b0393a7b75bcf62c7abc39825249fc2e6a5acea9372e31d015e3a30010f0a8ab2f31349099e2a390fa9d278924b2aafb,0x0000000002cf6fe8e81b7472c77f0d036aea895d77b34456ccc8c0e81dc866c33dba42a12647808d305e358dbb728a2cd8eae249b3f0f2fbf087f43de8914ad9c9d77a89b07646adacaede76021b71b664106bfee48ed5f6fe51fc3e862a1eae86fca4d868b9c09b23568b6598b19f8c82203c6c6f5f0b9ed3f175abed8e2694
end,2,421,220,1566377599,1,1024,8,0x000000007fffffffffffffffffffffffffffffffffffffffffffffffffffffffffffffffffffffffffffffffffffffffffffffffffffffffffffffffffffffffffffffffffffffffffffffffffffffffffffffffffffffffffffffffffffffffffffffffffffffffffffffffffffffffffffffffffffffffffffffffffffffff,0x000000000c7f0ee1dbb7ca0738fad9b23233bbaa0d15fc750f6a5051e06698b1eec3a4bdbe0496778bd2ed5ad1a822d6b01a34f448570e7ee26b7783e8fe3cca1991a8034196da36d0e73e5a86ec625ab28e83217dff15de5adee445709d3ff0cca7585f0d822e19f7e2e978e225f11557b42f93cfdcc1fe11987f6dcaf42991,0x000000005ff359434e5135c13461301f4c8664ffc088395449bf2a004bfd36f7efbae32abb6c239c9081d0e0e3bf2313a7891e8fbf3bd2c80d9566d4f980b3fd861552973bf203082e17c61e0758776636ceeb63144af5484fc913c6338565375edffbeb2bc18cbf66178b70a51e4dc3f7b5ce15dd536f3d3939d1062278fccc,0x0000000079adc7a486a15ca85402608c8276a4fa76d646a5869a9cb3f9ecd2d469ecb0261ff007338215302993c3ade5238e1571264d8bdf49df3dc93e66b4bd507bf954db37d5365fdf4123d94200a73dd56cac3903bc460926ceeddad0eaa8d91a459191df4b8b33d8673c248f3f86e242fcfd513b9b62921a295040cb4da8,0x000000001e086ba30b6aa05db47ce67a2d2381e127c4a3bf2a2d0058132cbce3f08101e9be54faac91f61709a9ef0d907f6fd31f0dda27574836a93e04aa8ea6b62669b7c5ea3a8373eced7114928490d6143794bb4efeea82dcdb1a6dd0c6a62f5612ebdfa0c3f42ddd4714386fbb67b74bfad5aba267292098391b53429d5b
end,2,421,220,1566377599,2,1024,8,0x000000007fffffffffffffffffffffffffffffffffffffffffffffffffffffffffffffffffffffffffffffffffffffffffffffffffffffffffffffffffffffffffffffffffffffffffffffffffffffffffffffffffffffffffffffffffffffffffffffffffffffffffffffffffffffffffffffffffffffffffffffffffffffff,0x000000007aad5164f6bfbbf6fb7d36aaca23adae32301d1baa8bd153f46ae13bc300953c937925f08ad3f7e7ca6d71ecc3e9521238247f73a7bf86c2deeab7d15f4bb340a76c2da99a47bf17eac239b9b19a51ba046924f0d27de8a34a7ea9e195ebbbcbd1baca948e2789220f01659d1c75f578d490a8412a6c5bc487bba469,0x000000003c3523edf2ce47b9dea55b2c2abd5454bdf127a29cfc840b8b6977f67f20191c6b87bfbefa5f9c1c93b9554fa17884ba2d3fa8bcbec40a733700280470f6d48d276edef0d603f27e236f490db44efc7b9a8f02257f732768ca9282e7627d79403429313c00e8e277be651da7363a1b3ae156aa1f79d482a3b2bf8dd6,0x000000002d316ffbec4acb253cd7c0220adb100bc3098d418b1430736f11bdf5ab89547dba0279f379a0ba206496136131c40412d4caf916ab8f1103170bb119693d03a2e65a9bf1977e44fabe33f24319556690b7193159a2a3e6a281435bd1337bafb562028212902f4845fc082befe30276368bb4cdfac4a6d2dba90ca4fc,0x0000000043cc3a21f0b78f28e2aab90f1767efe4cbe98978a124a3bd61d4b0c28e129b14c370f7f7d762964d72ec52eae1addabc81532478691f80817e11e1a648f97ff4850a7b1d99a8a3b599c624d0d7484843060cfd502ab7d1aaeeb50d25ff5b971d7e30cf3ed68e5ded7f2120961b529bd63be5f3c2ceb5cf60b0c30499
end,2,421,220,1566377599,3,1024,8,0x000000007fffffffffffffffffffffffffffffffffffffffffffffffffffffffffffffffffffffffffffffffffffffffffffffffffffffffffffffffffffffffffffffffffffffffffffffffffffffffffffffffffffffffffffffffffffffffffffffffffffffffffffffffffffffffffffffffffffffffffffffffffffffff,0x0000000017aed53674cec371942814992fece5adf88108209aa99e4b54bbc1d3dfa125829bd16f465be7c5d5336231a2f22e6e0fe27865494194b7042d80444a6219d5e1ed5926190fc7421a4f2a6bd9440fd38c2e0dfea68ae964cfd621a0a61743d5fb81dbffdd5c81a9badf7f6cc1b39ec5887905ce6a51b7e8e491e9ce33,0x00000000289bdf226f3d39bd3f0f90a1d005b11def2a935dcaeeef2e542113637eb263083996fc3d400b3e88b10834665fbd2162da8021b5f7001af0f053e7167fd5526bf33a519eab98f8a0ab419102f16265da21ef9acb3295545946a21b0d9979daf5d87599132b39acad5f70dc152b87ad2a49c4e149c444f5a2d0537523,0x000000004ec09e633ca4c4b9643b764e30cc0d7c37e7ac57fab29458908c37f5af04d71f30629c917cd394fc130319c982de4450e42db922578ed0d03de686825cffd222466fd3a332f6b5ee7ca1a1634b6c2fc7b4d7cfa88c7337a13d5b045dfa69774d98d0706368fc7b6f8038ad0925b68b5affa41a5f67ad1cb727afa770,0x000000000b1dac14da26f5e0013fc2b9f521bf4f0f905b4460082c013e344320359bc7cc776ada5b999713e81aa8db8e3be5952d616bd6997551f180e79604cea85274ad05aa218057036ab17e34103282ed6487ac15602fb5c215a05b802bac3b0db228bd6bcbd9337d1dcb5463a963a8a6ebab41cc111f429c2da43b1d6874
end,2,421,220,1566377599,4,1024,8,0x000000007fffffffffffffffffffffffffffffffffffffffffffffffffffffffffffffffffffffffffffffffffffffffffffffffffffffffffffffffffffffffffffffffffffffffffffffffffffffffffffffffffffffffffffffffffffffffffffffffffffffffffffffffffffffffffffffffffffffffffffffffffffffff,0x00000000194a3f2c00e210120d0695fe3c099fa6d96d295bc15dccf0692d1c85e149c37fad086170bd9996e2332f92d819b3cc9af44e0d55b9dfa9ecb87f621685025456e728fe209f84fdf5d1e02ab9a78a9b3fc2ebc0bd0c6ce13e0272f064b1892d5baadc0002c3fa3feea43727244036ea46c6cb302c64e6d8897d289d61,0x0000000071a7eef1b45fc6082b146eaeb02290f13eb8ca885599d03ba7a28b55175bc61ae48aa8c990ffa0cb09c9bc121db7c11ccbcf0314f8a70e3d96158cefb0036272f9ab1277580c8a069391527a1ed42e3380f2107ab9525d53f6d4def15a18204ac3db9a89d341253837beab819b832eb376f4e208d1c48dab11cff3b8,0x0000000077e10cab09aa1b89bf975fd16ad2e621bdf154a50e876909c517016c31d8e2ae0ee4fcf26542aeb950bab9a9fb144c755177da094578bd970f9d2a8d1469b4d583a89970e6e7ab737bebe16cb1f1ac2e7486bed761836aed8c6a4df829c4788985619da9687aa765df34271c2a1f090e786255fa43e2e2a935437574,0x000000006aa3f512fb0c1cd4c7e285620836c3e771fba42167f392fa693cac092d120b4e5c7bcf478da7a9843b44625b3ed8aef30edd9d71e0ec9e52e23bf8ec395eb2ed1c11c70ecd6d1171dfc5079b7c9130b1dda245d46e2a838d7e2a1d95d20a31c36587267af669839dce4c7b0280fb68ef8ae56cf500eaf807e81c159a
end,2,421,220,1566377599,5,1024,8,0x000000007fffffffffffffffffffffffffffffffffffffffffffffffffffffffffffffffffffffffffffffffffffffffffffffffffffffffffffffffffffffffffffffffffffffffffffffffffffffffffffffffffffffffffffffffffffffffffffffffffffffffffffffffffffffffffffffffffffffffffffffffffffffff,0x000000006a04a0d2e8ab77a10cc10c3d0ddfa036fbdd2b0101945bc698cd3f306255d777a92a6ad73cbf8e42a4394246e9619ef06e081c9b3ab5d71131be4c12ce834e0c27a4755f4238ffd12bec7769d97d5984495ca412139b696a01599c5de5614fba31d9ed62a4a3e529163b62cfcf4484f6bcf9dea00ead3987f36d46f0,0x00000000175746f222c4eddbb292f5f5b44b7ed8618c28c761aff4d0d90027da5eb9135f19e1edee9e43c4eb6cd3d333ac9e0267d5d5935b100d4fbb6966973f426741e075a3975aa48e333218b70b76ae89d80946ece769ae073dceaee57b509f77c175fb58991f85023f366474fcec8f594d3e78edb7b3c2f554bddd8f2123,0x000000007b6d94695ee65ae9341584f2030eedaa9a9ccf6723614a397a7adb7f8ea912af819eda303682af5fbebb19e10615610567537f0175ffc4af372b607c2cb3f838da931bd6fc51f58ec29f0977fee306dab8303ea7c80be7bb11c3b4794d6b46f6bb78f8e2063002ab1bb468cc41ae45c23f6ad6fd8ea8f03e834c4f71,0x0000000022c80f56a3a5b71882251c0120f4f8d69c198f8143f57298f2b6380c8400a09a5d97c58fece9fdcec97d226481eba27c971028b7c00a07446de9b2f24fe22d2f99afad549fbac7cb5652584af1f02191e68cc1ad89e0d2714d0f30418071275678e72d1ea66371e76c72aa7ff4eb2f82e0a32cbd2dbd026bd4122f1c
end,2,421,220,1566377599,6,1024,8,0x000000007fffffffffffffffffffffffffffffffffffffffffffffffffffffffffffffffffffffffffffffffffffffffffffffffffffffffffffffffffffffffffffffffffffffffffffffffffffffffffffffffffffffffffffffffffffffffffffffffffffffffffffffffffffffffffffffffffffffffffffffffffffffff,0x0000000008eef1ec346ec860c74a8171fc57d931d652d042c6e252390963f32c4d94c924137fa6f83c458060f94db6dc3e38e9a5e5763c538b19f8195a5a32c1b780f9e0f2e7ec6370d1d6340fbeac0fa8ca22f222cd903131da4a99d1ccbf82f5026db323d176a002926d799c4ada576011c6f3ab1642c33996af7b7f1476ba,0x000000001631c9c9c7b79976f1f73e6963fe6e313e3e1ba14b0a35345808544b3aa99c494bf10650c488567e96229ba8de78385f1e5c69aa7f4cf055ea0c92f5b505016298ca30de2ccc5a40574957bf0acf9bbe030dada8b5b3c45d91ed515a9ccf1147a9b86e9fed2c19b9245dfc7153a67e3eab4a98e9f0de27d3a62f6682,0x000000006118823915f0af856863137a8b32c179fd7c75e74db2171f628b935a690a8d038b253915f534300c878cb5e9d12d7ebce1f413c1a86a56568d309d000aa28c7571710ca014f3a06bef67b352fdb7556d0639c3c96435298ec4d79170586d478184a28082a314ba8ec6264c116a9e5497cbd973f96d33a375e96a98db,0x00000000628f027097ac5e62ce67edfe066cf670daa6ac0849b9f56bbd0ce2615754d1c9b2b70ee43d7c33f1405e18d0b3847dac74824d64293efe69ea357ab49ee9d3ef2b60a27e1437c8c6579780b7ab0494fc21b6337109aeaa0419de0b7eb2236caf6c17cf0fa18a71207cc46425246f57109c364d930b6892b1b671112d
end,2,421,220,1566377599,7,1024,8,0x000000007fffffffffffffffffffffffffffffffffffffffffffffffffffffffffffffffffffffffffffffffffffffffffffffffffffffffffffffffffffffffffffffffffffffffffffffffffffffffffffffffffffffffffffffffffffffffffffffffffffffffffffffffffffffffffffffffffffffffffffffffffffffff,0x000000001b633962c1679fd4728523dd4ab772d59b0cda0a646617a2ea3f34cdbbb4f8c8e9b78b642142ed36074e5004fe49899855e180db6e7c8d888c126c576a34eaeb102a426a1dc8e3ff95a048a370b26750a83a4636a6d488edf7130e14a2e733574206c523850b120fb0ebda5262d2e2067ad51c6b8d4e2e2973ab9196,0x0000000069ec669238192e5cd4fbf9fa0d3c65668d05fd435eafe47ee44aee0811811fc66b394776d27afd30f98804a749fc9899639fb1e15b27598775b6ca3e480074e5d30cca0d6a38d7b82b8d579ddf3c5b1f154bb3e7fb9e30c28e91177f1c75d17f399d494b5fd6daf9426071486c302e82d8f9b7f49e16d890f65d58eb,0x0000000003e91dcc2f9af8e190b3ce546f6f571a01b187dcfd99b9eab48010612928db69fd2e21d36bff29b5fd22d39617a098ac43d48a075584b10d51343b9d03eac60c6f2021110e5104c0113dd0771638d1d0a09211efb21b17b2ad30dcfc56f2c57cec836177abb01c6a56e218dcee6fb0b71e28eb7a95d87ff0fe0eb00f,0x0000000073082ad5d3300c967398f61ea8d81faa811964c83a17798848ea0f870063fc5517af99f75a96291e69489ebb3b5521f2bdfc6cea660da2e0e5a4d969b80d100362e633b0e89aa2ed6be17dffc98b567a629ce22110a8ec91cb144fc9e50832c5e96744847f9f559cbb88d66060b6836a9994fe53ae7691d013060018
end,2,421,220,1566377599,8,1024,8,0x000000007fffffffffffffffffffffffffffffffffffffffffffffffffffffffffffffffffffffffffffffffffffffffffffffffffffffffffffffffffffffffffffffffffffffffffffffffffffffffffffffffffffffffffffffffffffffffffffffffffffffffffffffffffffffffffffffffffffffffffffffffffffffff,0x00000000414a1bbe393f03307a197804d99819b946b9f54ca6ead6a940ccd9d052cbe0f8499e6e48093b4a3a6dabd0bfc5c5a8b2db03ef28c8ca3f1f2751635cc3e892288cbca6ed1b39822069b3d476ebce62ab70fc50e8c09e84359cc00187bac944c5282aa15c0eb04a400d1f1c72bb8cd5d04517f74ab25182ab4afa9929,0x000000004014106acaa98c3936e8e1651fef3f3641fee6e105f67b1a2bfb21fddf8e88d03b51f6a086d0d6607ae0a6155db447da303767a5d24aef7aae43074a0a2934b966a280f8be9e4b164000461a8789ff12931320eaad2ad3c30f7a65320afb8e3d938067f7fb01ccc58fb07b7ddef8af4f5b2044842870a22f96bc0aa5,0x0000000020047d173b3b5d3bf29875c0faa731c2726d8cc0b6f6f21fab942cee50f054cd7bd2ff670c8fcc8e2ad184005bbd9841e22d31c83fa49a85937c8e74f0ca63ccd2076a9b4ee898fa900d3823351372fc449715fd44b94e4f4316a992ed05bcecad1b7c6bfc564eae1f823e23dc4ba7179c38773c6c17cf46f83875a2,0x000000000c848bc8776fc9a9065729911cc1f03180b6a183b4a700a7c683774986080e3ac7d97bfa13546fbd8197a252feb07e338090e2f02e5f40291fb88cb8c4801ac88ee688113b94ff1d45b5e0bc9a90f1203629f276e294001c24b8d84c4e8ef8f54265e915cc2d70d72da1ac06f20e4d58015f8ca25126efedf6d28fe3
end,2,421,220,1566377599,9,1024,8,0x000000007fffffffffffffffffffffffffffffffffffffffffffffffffffffffffffffffffffffffffffffffffffffffffffffffffffffffffffffffffffffffffffffffffffffffffffffffffffffffffffffffffffffffffffffffffffffffffffffffffffffffffffffffffffffffffffffffffffffffffffffffffffffff,0x00000000728cf68fa4f711b61ad19c074f9439bf8cba4d092c7d1d9e23d379a85a4c039a552b08e60035610d8aecfb46320e2f6612ce3af79b4ce9a5a2e0af9b673363e87f508efbb7e88e002dad68ba46956bfa17316224affedea2ae341457c29e1aecedb54d0ef457ef954260ababd959eff3deb808a9a05c9e859d5bd405,0x000000003fd93244e834155efe3c0013b2f1a90de747d75fd0c5ab5d488d34110d7887ef3a6d02852913cf467ae0f43a58af5150cb5d8950fdd4b31ade044c6503e1fa1df7e2781e7012048dbe8f9d9ff5835375984544933faff345c188493a6dcf0821ff9b3095079dc02e75cd4329be86a8f6c82ef4fca51f3e9cbcda5f56,0x000000003615a3b6c86cea42fc09c2bb2d5988604150f2ae07c52e76f4bf8b238a9dd8dc016c6ea1706034d233bd155800a2862ad3eeb9dc7303606a3aea2016cffa1b3ad36dfc5adecef3529e80d9b047a479f63f88f4e57ad28445ac4f7c63c7bc5baa8bf9c7523f3e2ad63b91c20de6c3ce6ff6e7ee195fc368323f460757,0x000000007f905978efaa5120ea589fb0e31f78ebf67c44f6f533bef9b8fe11b814f68ef59ca29426c19e23ce104b4f3745eee8c6ce79e23156d0ed343f308589359b375a6c4e4be7b1d8975b284f597c8f24b3aeb86d7043ea981e99e6ce2e5806416a48663497577e854c5f855af03b5b7fd54a388d23e1fb7c37634686e50e
end,2,421,220,1566377599,10,1024,8,0x000000007fffffffffffffffffffffffffffffffffffffffffffffffffffffffffffffffffffffffffffffffffffffffffffffffffffffffffffffffffffffffffffffffffffffffffffffffffffffffffffffffffffffffffffffffffffffffffffffffffffffffffffffffffffffffffffffffffffffffffffffffffffffff,0x000000006310acf0efd6204a77f2e8b589c057a981db02494d4a5675aa52c005e0c4e8c5d946eca3d6766f9214f2e200f1a80f8c0bab559fe6b027517a03e5eebdd05c030490512421faf17121cf28cd46aa2a1c3067aad0a3df93e0624c26d50c653d3a643a29d3b6d912922d403ec7649820de78c831ff75f41b6a6d5e32d6,0x00000000027267e072082592f2c68c171c69b2e6f48d7d0674a0c6ccf2d82ee90710f9797683e7b4cddfbfddca2f2c1baeaafeaefc325be7c3939b8f89766d7e082c327d499e574c75e6d0ae1825b00100ad5533dd00b7772ad7604e90121a9073e5cf9a3838b8431c1e2e6d289a79ce7637d9c7b3457ea3018ed2b2dd29c369,0x0000000000faf1d7631c3af9e99d8400148be969a44c0906bc829feb32b9c7f0e4d02b573a95ff278f4f82654d68c8d9fd12d947610a51bf6a2b134301e930f8c4cc5164596d1e13b23fa7264e4614cbef6c6bc3623184f55cc09817769ad929d2ca9c7d7d4449b4a1af166243a73a36e48edce41c9f72fa87cb9688dd655fb3,0x000000004da17adef2f71174ed0abdd1eb9e8286696915dd8129a0260b93f8dc9a928e76cc5bce91e2da0a4be3e257e1a9ec206485b369fe590a9c5d2296dd60a9a11013d84c370b8c759ca8838e6cbb51f130bb223e229c0b2f8642b870218a03638dfaeafde1562d2450ee3ba03d23cf9812e5df7b8e907591b7de4c86744f
end,2,421,220,1566377599,11,1024,8,0x000000007fffffffffffffffffffffffffffffffffffffffffffffffffffffffffffffffffffffffffffffffffffffffffffffffffffffffffffffffffffffffffffffffffffffffffffffffffffffffffffffffffffffffffffffffffffffffffffffffffffffffffffffffffffffffffffffffffffffffffffffffffffffff,0x00000000595e4029476e5340f81daf9642873d37e1c35e25232b53759b5546e6b0fe86b27f36c8697cfbb44abf7ef954af0722476c42f2938c8958c191448264e54612165570b26de36eba488143cd4e7e991ea3d0e8e2d9a4f9c723cd93ba41367507a8fad1aa6bbc1e898909c23deb561b695659a3107f9c7492fcb64c8f24,0x0000000005ff333d3f3e0ab55fa9cd6e09f0ad29d793b8b9183600502ec134d46b31c93f133c620332eafbb33ae8bfe6a828d8267a741654c5ec99fed6928ae32ab7f9ff14255011a1220cd96ee35bdf1f243170de7c0634c2487a70a911145547116c9471af0d927c9f8b517496eb5bf8f605c5c23e17e52c53126a8e39cdef,0x00000000097be6e16010c796bc3f34f9e8d2da4f15de56cafa48548de3e9695ae6ffcfada6e9b9fcd79d7ddbe0c8ebbdf9f3a074d018ded15ebe3c0cda95653625d5f2403c4807a69e003a857b8b3195be4fd603d38f6197ccc12c2cd55a7c050b052597364a445a51bf2c07c70c237ff01fe4681b7d947ef93ef2478c69d70b,0x000000001f3f5f971d436253b21a5dbe64cdc4c296b5e26af3c31ed1bf0f4518b25e6946c5f03eeded5d6108641c9aeae37b7ec458d34f9fdf4b85dd541a3b65b129ac0cd6722eb61d000cad67c6948d5800b9466555d3f29c47aca5d840052252c240429ceb387357557d2b6464ed1eadfc748529f492f2a60ffd5a2ef86022
end,2,421,220,1566377599,12,1024,8,0x000000007fffffffffffffffffffffffffffffffffffffffffffffffffffffffffffffffffffffffffffffffffffffffffffffffffffffffffffffffffffffffffffffffffffffffffffffffffffffffffffffffffffffffffffffffffffffffffffffffffffffffffffffffffffffffffffffffffffffffffffffffffffffff,0x00000000318fe37f066a636dc45e006be7f9ea202b2cf24e251ff70089250f8917756fd8cb362dea258a2519d90c18430e3f2e3c5f2d7ff1506df4261ca85e0744b1254c70a54a230d2d3792d37162ecae42f200faf9f2b880413ea711eda8683d6320c0743241aeb1d9dffc914337e2cbc93430de606630b92ee9dff99abc00,0x000000003ca779f9fecb0b398016b75a18021a9f47ba01acba5c975d45425766b4eba3d3bdf459d8f33dc3923317b27dd6c5cf84b386371bc77c0ac78546ff82adadcc1c6690e1b87d1f7f1e18b62f5317157eaa8fbc2a893fd27fa70ace8007749b533759c0f9d71ebd43c9fe8163f5fd2e26fc619e235116f07244cb71918d,0x000000000414c07bbfd42635300f7c70e0e191f9cf545a166969657d9d56ef5d6683be00a483837f120f6e2fd9f2f3488b8f441ff904f57cf2829230ba63b5ba53aa8142b3b3fb120b3d3ae9974c7446510dc4dac4cee94ac2de1a21891beec2caa2827cc883ad4ef66b4f1f872b4f50c900b6b67b71acd276a70a2cc29d2d98,0x000000002f02f9772993ed5599846d3c238a7564cf638198b2daa86ef1752d8689f507fa5673ad72a8e3721963f2bb1dfbcca5d4d1309512e969c9d858131eba972508a903554b78f2f11502e653fa33be4cd23c157e03c0646c17880bb70fc96ca80da72b53e020568bbcf800f852cdcace660c75f7199fed092b4895a332c1
end,2,421,220,1566377599,13,1024,8,0x000000007fffffffffffffffffffffffffffffffffffffffffffffffffffffffffffffffffffffffffffffffffffffffffffffffffffffffffffffffffffffffffffffffffffffffffffffffffffffffffffffffffffffffffffffffffffffffffffffffffffffffffffffffffffffffffffffffffffffffffffffffffffffff,0x000000005b55ff31d93d5ffb964207e47b308fe15de185311af15ba281103bbccf391eb91019c050b8749395de307ac3d203d29179a50c2cc41a90d22a33701312232e11bd036b3d08669f49def66d047ce8f96037350af377837b4629e8feb74eb991d8748a50b382ee72decf559ec4fb04c6718a4757276cb28c0399e0c99f,0x000000006ff5f3e9a013418efb8f33f1d7ada500f0c7aff5405c9756c50e3d0ab4554cf219dbfe597518979413dc43f2422f0d80eed29370817895fc31e870484f11596f7928ba9da17c89901687efb5f01264dd6df2ba9f09f22c714b47dc581a444d73ac528d697a0803d0ebdff386bf166ed741a1f6385d5d056f8a52940e,0x000000006d718a8de41e4f8018cc470716e3a54d8e864edbc1ac9c957cfcdd389d558eef4aca6fdb1e772de76484d89b964eb356a2031bb637da66228b68553826d0b91307fdc742bd526bdf3f53bc7656eb20d540f8961fb8b95db0dcd3088c57f5054e1a4d330764955593b27ceb469291163a343572a7f1c39f63c8036905,0x0000000063ccb0584c45ee16b6ba4fdb81e4cfe6f74159bfb3bc08d53bdb73529da14492eb4540eb1ee086c23b5a4bb621078db9e7f4ba6f2bd22eeae650d76a42b1146f15bcd7aa15e3ae6ab2220c195fe7001616bac8e48a661917b2d23a0b9daedd64cc5ef55703c987d8256daccfdf456a571343596e9b02e006e08f24ab
end,2,421,220,1566377599,14,1024,8,0x000000007fffffffffffffffffffffffffffffffffffffffffffffffffffffffffffffffffffffffffffffffffffffffffffffffffffffffffffffffffffffffffffffffffffffffffffffffffffffffffffffffffffffffffffffffffffffffffffffffffffffffffffffffffffffffffffffffffffffffffffffffffffffff,0x00000000183d8d78d624cf6a03b1db3f3de81e0fa675fb250dc54d6951c09998625b117295598200bbd41d4c52ecce4ba84b91580cec4cd0f729e906f16fd1fd98cca08c1a1ab351830b09e4e6feb45d25389786353e39e52f56e330962299e51dad011c8ad8a4173a69d275cbc28879cd55133f8397f42313ae257f894dace4,0x0000000065252687cc32854f93616316ded6ddb894d37c13edf30ff4861d0292df0750e4d4945085d9202a87d58ef84ce3aaeb43cae550d310f3d80c0761c9a2474fa8cfa872b2bf0a603185b07a60493ef9950002a56c681949c55535663fc5da3cc578b935b5362b56300a4b5e7a42f0e7d850604c099288710165e4cbeb8d,0x000000004c55238fe48e3b4b96acbe211583bf1d5a0e729eea9d30afd1eb4e8164a9c6223d0ed41c20923e6ab66c0aeb187b89e062ded49967789d484af05912c779d5c36c88864dd8e5b29c88ea5491e0ba3dde74c23a75e904ebdb1eaa00f7881f505feea8345f6f56e6066e0aebf35b28bb8a9122e428da48a5c1e0846976,0x0000000026a2816baa8bb1b542d3667d331e628a29109627da16a55b9f290ad17c466b12f786e10d83aeaf1594b1cefe932eb4bd040501cebf8782e15c801e00b73be5af941de823eac82965576136105412b05235d8e0770b31c94610cd01818e3754bd073c730f6dbddbc47a647a59dd4d654003d79d48fd6997d38f60d09b
end,2,421,220,1566377599,15,1024,8,0x000000007fffffffffffffffffffffffffffffffffffffffffffffffffffffffffffffffffffffffffffffffffffffffffffffffffffffffffffffffffffffffffffffffffffffffffffffffffffffffffffffffffffffffffffffffffffffffffffffffffffffffffffffffffffffffffffffffffffffffffffffffffffffff,0x0000000071cfb9d6f58cee71be566afd95c3c9f9cf7eaab0f2c727163d22bf1c9284a3e20c0f927f9f229ef1f9ee7d1d1f2e6313acfa107e33f5974a08beb29a1c426bfc843b22a67e3d76b03ec1fc5623cd1cfe2318096594493fe8f01305991ca0306dce8c45646e42d9a0a1efb406f8e01873065a703873800851be1295e2,0x000000000864f98ed9178134e5b666171974951eb5ffad26c694731d79abf87539ad9860c06d33ad2d70a4ea37ac58109b68e798ff37bc2c921faf9937b4603c9daab2c42f10f117665a2e03f38db6469085d65d98383b70a35ec01096ef6d1f13be1bb51c3de9769c52a27e2dc43e04f9667f592ea8174821043c067c3f03bf,0x000000003d9c935511a9259a37551692f0e1696e687cfd0388ae4814c7bb1fe1bd02d03bb71965a7eebca70318edfeddf11262fdd511e54189f30f52355c0d134264e7fadc2a0d385baf871f32dd32747cee643aa11ee69209f3a0179241a372d5aedb46cfc5b6df09e389e15a7d7f6529e1ec7d9fd2d0d8c08929d03024bd74,0x000000006358fc69c0fe4b14d0cbe7f089ee5d99759cf00b547d3e858e09cd695e8de1c4702bebf19d275f547ef29e62db8d87fd09eee583f34e9f55502b7e486ff46013e3865a4a99c8798080aeae5675efb86067c53f717be61d2bbfae745757ff3e3acfb1446ad822aae2487dd471b97d38408e90ece7a6e3d1986ce34812
end,2,421,220,1566377599,16,1024,8,0x000000007fffffffffffffffffffffffffffffffffffffffffffffffffffffffffffffffffffffffffffffffffffffffffffffffffffffffffffffffffffffffffffffffffffffffffffffffffffffffffffffffffffffffffffffffffffffffffffffffffffffffffffffffffffffffffffffffffffffffffffffffffffffff,0x000000004b68d0af6353ffe3b79a305f73e9e9c3b88c3ce770fc56a12946b3dca2c20083d96111bf873661fc21040c5b63e8adda75edabfb358dd2d80c8db95aa741caa40d12acf3c4d4fdb93ecd4b2003013def4a675bd95733749969fbd6a5f089a790c79ebbcb161ec533cc9a95448b5a37a308f0ebe2f828b7ccb0ffe8cd,0x0000000024307856c4644bac77457b8cf5a3fa38969cf4f9a4c77ffe6f5b39fd66df30b2cd26394051cfcf0c2c95f5dd1ed6666d606d6f52819ceb0954b53b8f595b26570b616074d57fa587ba1ddf9b6d16b188d238b6162236e923e68446be788a84e9cf099c428cea50dff0355f89cdcbada124c3df36e5af37d89cd7ce67,0x0000000029247a7902e7853631128edbce9f892da88cf8bb81bab4acfdeda52c65226c78b0c2a689f6c0cdc5cd8868726984e5031901f61ac10a8c6acf6f7b84c86bec4d3abf0859c80b106357d35a0bb3e9875facbc746e389b001f7686853841e40216465e0c1fe57e8560fa2e131854169a1e14c38074aa3f1fd0cce4088d,0x0000000021f9cda85a8f1d62ad5e42ae834bbb4b9d64eebb005b0071044742bd00904fe1db7dfa21bdedb3e52c8a7052ebd66b6105be239f222ad2cbb51865e2a6989c0b2b68f279005bdcad0c252b532701fc5936606c63b30a4e0a1bcaca8f27a53a27b491c37fbdc6ebd50b17078d6a65c065c33131db35258b9874dab419
end,2,421,220,1566377599,17,1024,8,0x000000007fffffffffffffffffffffffffffffffffffffffffffffffffffffffffffffffffffffffffffffffffffffffffffffffffffffffffffffffffffffffffffffffffffffffffffffffffffffffffffffffffffffffffffffffffffffffffffffffffffffffffffffffffffffffffffffffffffffffffffffffffffffff,0x0000000068bbe269ea9af4b791fd1aec3466c6382c8e8570574fa2290b95864bac1e87b1d56e299dc759666b6a96e6fe2a2d65353da058b2fb449d42d724721dbb4e1111b8f777c8c7846ea8e0c46f0af4126d7feb60ab3733463b761d1ad184efb6cc98d8660237c156746808265bafee4e05c7476c426e964ef30dccacecaa,0x000000002360eaa8ed56801f7bdc63b135ed3767303e293d9b7c2f392aed809b2b2e09c6769c751fe2e785c3951d2c8917d35a69a0a49e607edef79dcd91e6c4d0e31794812be11b56fb8c5a5e430afaaddd544222cf3b091c3a7ffaaed277296ab4c7e52d6fda98c06ea023361a809559416ab0e9d52b80c43f08cfa8e7f3ef,0x00000000214c40a3d144babefb89987bb82fa2dae6c7878d49a07270f76041f604fc0893d18f3bb523f16196244c7cefb066f27b7916c31cb01b6ae53e44da54b74d57a755ae9633bc8b9e699a845f05acfb20bbd451e85379d6eee90f05c295cbb4cf012d6297bdca4aab4e939d3dd9b00757beefc45aa2c9fef4919bc11331,0x00000000046f2a8eba693762ccc7d4b623756a051d66300e7f21abba0357d4f73c178a60c8f2eb4d01b55dde885d776f87a67b0f2a833ea035b19b0304d1fbf72a1acb542af835457dd541df91a98c0007000c6f80609d2707174023fe138609c7898b5442846eb3a53fec4d94c9697960b2905431363e25e79f653b63424d30
end,2,421,220,1566377599,18,1024,8,0x000000007fffffffffffffffffffffffffffffffffffffffffffffffffffffffffffffffffffffffffffffffffffffffffffffffffffffffffffffffffffffffffffffffffffffffffffffffffffffffffffffffffffffffffffffffffffffffffffffffffffffffffffffffffffffffffffffffffffffffffffffffffffffff,0x00000000498418491f7223b810d740d28bf4f80a59d24d14f978e6390d3e9fa7f4d923f77ac21445df01062be21665a218b327d10b43fb263c56c704191bda0fbc569248fbd387f1e7e6d10f64f1efcde59f77e32180014a2149133945959e27220116ba973dc1318515fd1b26b43a4e06c00755300010e7872b26357c3d04d6,0x000000006120e8825606b9a4358af97be6d22adfb12132340cf55fea107391bad137ee578becd750c356d8a8eec6afd109258ff4b9ec579d7dab01c373e0fb5c5563918f9d0db0ea4db00406099b8df9420a1b043aabe76e797b28cd0271545150fbd742dc5e6743b258a880adc3a31dcecf8f174e82c5ae1d4f26afd865911b,0x000000001a20394325fb03ea3159788b0aaffc4697ccf031b56d5ee73b80e4799502614e90e6c9c0b1df74e3afc30bc8de264b4be3e5d188e2024834dfbb40aff1357e85c87c7ad9005450a727dd3443b28b611248847004291aa2c92524bb4fa399449a67779ce1eecf57607e252b74706c95541ddd07dc02319e056aa19783,0x0000000016c27fab82f17dcfc003f1ff9c869eadd735b637b79a9984a45759118a411d6a4ad13363238c5641e0d9f94647fbccdeb42ba999344ff194c6dab5fb92b266fb021d97a7b353adaad22aafbba00d1815773f5fbaabcc1b0d5d747ee737bb4d74a3dbd78ca6527e0d5d3f3c1edd217719301cb91667691646cec9664c
end,2,421,220,1566377599,19,1024,8,0x000000007fffffffffffffffffffffffffffffffffffffffffffffffffffffffffffffffffffffffffffffffffffffffffffffffffffffffffffffffffffffffffffffffffffffffffffffffffffffffffffffffffffffffffffffffffffffffffffffffffffffffffffffffffffffffffffffffffffffffffffffffffffffff,0x0000000073f254effa0da2c9eb66af84550b6b2fdb392d1838ad71abaffb32b86071f2ad8994da76f079db8a2fced713a4f6a87596e63ef6cfa44d95fc1af0df7606dd2d35df9210cf9fa0632f3a07096a0b741bdb6dc2d037ea8fad76a7fc26a68860527dcc17c9617bb681183d3a9081af46be8d4a3a9f175a570ec249c02c,0x0000000055995098e043aceb8fd25fe3feddd259e3f9f8bac76b6e195a5d8a8da5386aaa363c76d0268b086af7a4e39851a250ce9ef9937bb667a2e0f3acad9a9cc2d1a9697f0e9b116b1242056f6df5499c4fb72379f5521c4ef4fb42b5e32332a5a88f2132be042ced96632b6eda661a84c6d1a7104e504b9fc44d44d654a9,0x000000000a40fe86fef62813dc957194e76fbd1452f02a8b5d9708bb613957634c720497e500415bdc3c92cc5f21c43e36ffa6b53b2b2a981e925dd7a466d1f7c4bf9ad53cbbc7eb3542437027066f59866e3b769eec5daad377c8cee175afc67fe12948e19711759d679d00fb575976450dc0169cc38c0f1aa3347c9bc9b3d6,0x000000005e9bb6c8c411f53dd26a144e2a7c42e4bb883d9b0cc65aaca7737f930380c791022915475dfe7337ad152d36a032f0cd77fd541670a025dbc4a32f677aee9a2ec45af5f2d82e6941824c576575e9a53ebc3b22dbfaff5b689d2d76181e9a3ebb38ffeea6b16a8dcd17e9786afe1320ec10d84d8c18d8b029a74d6eaa
end,2,421,220,1566377599,20,1024,8,0x000000007fffffffffffffffffffffffffffffffffffffffffffffffffffffffffffffffffffffffffffffffffffffffffffffffffffffffffffffffffffffffffffffffffffffffffffffffffffffffffffffffffffffffffffffffffffffffffffffffffffffffffffffffffffffffffffffffffffffffffffffffffffffff,0x000000006e3d00025c80ba0a0d51e02c504564ddaaf52db35c2f5ee4ee07cab5d03ca92e7190d3d80315c44db999db46facafd8773589be59939c5a51885cb465fa0fd759274c7e0199e482e7a8093c4df5ba8809ce68c3c2e7156ae1813a89eb109741690e31addd073906bfae268e5f414bae4af097b73e68edb67c93f8ae2,0x00000000682c1cb23f6caab11feb272dea14eb63f33f1a23fbf660cb02c0f7cd5e5ba3fd94cc3b5bdc69c85e8625f41ccbffebd8b4eab048af1f0d0c00cc34516b89e546cf2fdd0f9f1d0ca84f44c0a5021cc6483984a3131a6f089b6d4db6af82248ce9faf195081774a4031d7e7c9d1e27ba5ed13f77ead6eb3a0fba0023cf,0x00000000750efc2a07f2daaf765a2c0ac740976e889b73b05b62474228e0f96ab8f471fe0a7fe71a5bdd881618a7312c49655df95f3255850dedee1e84885020f3f0c7e88e031fcdf8322c2e7b900af6d1849f37b9d2b4837bc253d610bbdab52ae6bda90425626bfca9f0f054c827c9005657116c80f7fe15e44c3ec79dc5cc,0x0000000046c1540d20fae9b9e8402022518e9872a4b872d41d358a1980e63d7b3fb9ea8bca417163d83e3ace2c2e73c0b1cff33bf9a3f334b4e55c8688f805d61223fd65febd2b249f86bd5ef0296a22becbd41e6b0ce9ab4ca7ee88fbcecd536e7ddc1ede99adcfbdc11e107535ea5a8592f0b5168c5975e623d1d52e5ce67c
end,2,421,220,1566377599,21,1024,8,0x000000007fffffffffffffffffffffffffffffffffffffffffffffffffffffffffffffffffffffffffffffffffffffffffffffffffffffffffffffffffffffffffffffffffffffffffffffffffffffffffffffffffffffffffffffffffffffffffffffffffffffffffffffffffffffffffffffffffffffffffffffffffffffff,0x000000002fcded408e920e4fe4dc958e6b69abba1415e34a0e21aa2f94b0c21ff4b1612b336bd02e3c1ab64a5ad40f40e521b2f46ad31b0fb54909fa66a44bcc181349eb4a20535100d03509989176deda80aae1c9cb8fd71d4a6a2f3c0374e678c62cc0f1f04d78cec26bc0265894c06dedf8d5a7b0faaf9f7aaab0e29eaaa9,0x000000001276c76bdeafdf34ff3021ac940bfd62094b39c5f83530c780e21837673d28d69fd14a329213f4869dd0da054f4b911fe9821d145209d408746626b616da9d61f1d0cb9cc93c4c7a386024b2529e9a39291dc42a14d11691066cc4dc33112cc838aebacbf488db867fb857bfb154d8a863973509123d4e7937e7c88d,0x000000005ff43cd7ab2fd1634c3205905e9896c93b8330cfa2c8dfae95ca1f957d2f84ec150c93b0cc8b59c83b9eb6720d8562c04aeb548f43bbc8f0559e37360ae450b1dccf8e7abe7ccd6bde6bb1df7aac8cc390f7c8e0fb57e61d1b83b9e355ca81a2bf9d9f4523395219075e6735e547ff6c0da42413ad5575d961b636ee,0x000000003f95b0f7ef02ead813679b7f5716bde135cc5cbe1c6fe57ea5a0eef6520b8b8c4a84160a1597c21bc55a41b8fe2be321d8f0dc583817ba995fbe5f6f4462cc2ccf7e893df06ed52f4b4c5575b9fcfb9330c63d06726b71388c0da81b758513169f62e0ef38d011a8cb05e6dcdf3b4ebb410a9a7bebdbfcfe5fa883e9
end,2,421,220,1566377599,22,1024,8,0x000000007fffffffffffffffffffffffffffffffffffffffffffffffffffffffffffffffffffffffffffffffffffffffffffffffffffffffffffffffffffffffffffffffffffffffffffffffffffffffffffffffffffffffffffffffffffffffffffffffffffffffffffffffffffffffffffffffffffffffffffffffffffffff,0x000000007cbd54a25d5e66b5a9adbc21c41ab76cfa09c8e719dca47e005c8ed5157b8e4d52dbc19c62931c8c7ca2da269adb57febe36fb5e66b089a160f69db14841defe65a4e3974962ab27b731f99fbaa275383b9c608d2b186f985f985110941ed9744aaf9ba1d8788e68a3ce91de995ffe14904e11f5719eee3df3d251b2,0x000000003892b4236bda0c04cb28744339b94e47d35a85911b7abfa74108a2179a612a7f61b4bf972e8c9c074ccc26de04c9178014096b3d1dbc3cf1c3211f1172c6ea9f3a5d12eec188e9097e5977ffc3d8016035216e20c00477d8057f5ced10b92dadfbae1bba3e9f6a315320d2baabfa111a6edcfc5512be32c0b94ec4f7,0x00000000360a69ec4412c7a28e098e66351042e4b6f7c1d5500464359275c3c3127a6f0ec2b667dae9fddbd11074b4cb33fbdaf5c26c0143f4c5ed4573f7aff6b4391b9fc7d1a9be79c58fca3267c97c21830c218421d8021c11762aad8abc8e7591aff751c7f053d9e501856d02ddfe7c7bcb1db01a96e5cba20d31e6053577,0x000000006507c6e5998cca6d14689bef4f64f3090abed02ad534a0e80c3ac0ffd2d4b14f585520e87f9a77a79aebb09b8d983f27def368bf10cc43322e4a46fb0f13664328dd4021f0ab97889bd21057d16aa9dac21c906b267e68001a016f7674863795135604b98d72209b0f40e18ed3c7f0f8acbd28a9803a8e6cbb803c27
end,2,421,220,1566377599,23,1024,8,0x000000007fffffffffffffffffffffffffffffffffffffffffffffffffffffffffffffffffffffffffffffffffffffffffffffffffffffffffffffffffffffffffffffffffffffffffffffffffffffffffffffffffffffffffffffffffffffffffffffffffffffffffffffffffffffffffffffffffffffffffffffffffffffff,0x000000003e6dedf7d507c31d1da9e2b7eeb0a05c2a20164fb30d5a134a0830ec6f1d85852d38c50fc25deb0aaf0ab98bbc0581db7a386dc5603c5759d2f3aa22ad08b9d744d0f209605fffec15499ccee0b08329fc2169d6f753ab0301ba1998440adf54b52b83efb5d824cd97b8e1d764e7bf679193cd2e7b3f0c4990756fa1,0x0000000022e7824e24ee281ca79f5bec11f9aa83988931f607d7583d9de0810d6807116f1bf965552c48cd8e28f99933dcaf552e0cbd5fe57c0761f0fd8127304f2a146b78c2a3bcb294cb3c6536201bfd793e8093fe9e0903883634e1efdb564407e0fd43edee5ba6faa1d4df1073f18d9ec200d92c3ea19cd4282860e03a43,0x00000000720e3de7d9381fe0340c3814c99ce8baf87ba0de922e429de9151e3a56abc43669298cb4e8a8d4293c21e259a426b9f27b69b980337b59ced1e3d07759d5d3fe702f66d4a861b1a84fd6df7edfc1f86fdf07495ceddca5eb9a6db8eb56951d9577edd83b4531fd14a30467e88e33778211387c67a1fd9468c68d498d,0x000000005b1ab0c2fe1bda2ec08d6caaaea34bd7ee6cc28a838132efa6e530d588d1594887d3c1e6520821ab099796173d398909fcc9772a6c97899605fbce4df7897651f188845f9691b5c3d8b7199b8cd65249c27f51d8180023bb77fd896461bf2a0de4e63cdb66ecf657c0e9d1ae7c087f094a098c478a867921bfe3c8a8
end,2,421,220,1566377599,24,1024,8,0x000000007fffffffffffffffffffffffffffffffffffffffffffffffffffffffffffffffffffffffffffffffffffffffffffffffffffffffffffffffffffffffffffffffffffffffffffffffffffffffffffffffffffffffffffffffffffffffffffffffffffffffffffffffffffffffffffffffffffffffffffffffffffffff,0x000000002994da59db27563854e789aed5fb2c11eb3b242539b1f97cb22e06b08768acf16d5db29ed12c6ddd3663493b53c0e9d84a5c1024f8b63ea310a9eecd7630caee8298078c69dd82e5cacef4c5f70c342a40c53c82a455633efcb7ff9a873f10db12f05090c1154edf472aa9dc5c4ac1197918705a2425d44aeacafe7f,0x00000000571347d126634237600007a03d001857e14614693162ddaff4b28e24a666ee25c3b92e35340ace30e94d63c50f943dd6a6bed1069977c17efcadb44e7c013ef11e8c29adc9c8003a7afda8e80ddd00ea1616795b2a10c7b6d3d7f288d036ea2783789744b7a3c5d163a1c5068611b2ce41a82be54d0f63ed598718ce,0x0000000038ad80b61355cbcf4105dd4dfd6dfc457f3a9e3221b082421e279bf6035c3c50f24a67ceb6803324aafbdd7eb1deec1ad122726fd70823237d4770857b59a3c7216eeab3fe542770d82a75646bbf783f355149b58a47ed3df912c6905e4c5430d188bbf2d36a2f19d7fc6631f54eaa79d1cee359f20168c97f3fa224,0x000000007e82a96b9d599ca43b5f03c08e880892f285d5b69dfa5f725de82d923e2374bd1ff0f6fb8d2834f6b537864c3b8fa87644b3cc872f9b6694f2cb5929032026829db7b7740b76014962532c10d40289918da2c4cb7a1e5e4c19f4a3df0c9840b009b8834b0bd56b45c50d2dc813305550e325dc120fc52f72b8860a66
end,2,421,220,1566377599,25,1024,8,0x000000007fffffffffffffffffffffffffffffffffffffffffffffffffffffffffffffffffffffffffffffffffffffffffffffffffffffffffffffffffffffffffffffffffffffffffffffffffffffffffffffffffffffffffffffffffffffffffffffffffffffffffffffffffffffffffffffffffffffffffffffffffffffff,0x000000003f6d047685d5043bc24fd9ab3cf3072c210cdf641b13b291e7127f390383dcfa3de499f99e33b9b07810916aa333a882954413eb570fb3a07766a15d3d7ed238d2262801231e888d2edc6f65252dc8d93897d3e9abe4818b354d9585263aff23dbd3d38ba596daf7f86b4d2728e9e4f4d72c9a262bce94652cdc80b8,0x000000000351408d637db6a0fa59b3301ce319e4bcb720ca718166b192de10f43a5dcdd13d6692e6b00d8bac8c66be16acdd05ab4d36d0b679263d0eaf04091c1137870d65b93478fdd6803502ddc9b61ab2f5d9b9c60f5b3c6751e51a65c3313dc7acace82460ccd5c96888732e88e990a59052df9fa23a1d6d7965ef778bc4,0x000000001fba8b46ea8d9fc1adc68ed72b2f0cecce50ff4081e3f144684a3ffb1a016ee98c3a6ff51f0d19fc2c5d9b17bc1c160511457fe240900199bf99f2b8f6dc606888e1449c95f10d0923ef7d808edcb5b81e9f62a96c45a601ae99fdd40842f2e275ccd267fd6b41e2ec7ff03a82e365f4ee7e8d99b9d891f5a337a78d,0x00000000045c2ad8bd36be3828d8cf0d0f1c574fc55863f7e40b4e060c596e9c747ce1319de79964d0f4a8b58b863937c007c62cc172e5aedc441e8af6baf8efe06f70838342f5016c0eb4e4d0e6453a627b3d4b26dd678ef0a6ab6a2b7cac98481c2e6f7facea1bc5717501e5c42b5df5cf9b6d50d52b3b8833bcc5bdce2a70
end,2,421,220,1566377599,26,1024,8,0x000000007fffffffffffffffffffffffffffffffffffffffffffffffffffffffffffffffffffffffffffffffffffffffffffffffffffffffffffffffffffffffffffffffffffffffffffffffffffffffffffffffffffffffffffffffffffffffffffffffffffffffffffffffffffffffffffffffffffffffffffffffffffffff,0x000000002763ab9e2092c20a9598ef4905f81b526c1537f9023c801b2f59c35ec94dff511be76262ffc34840ad5687cdb8755225b49655870772da127bafc740c18b72f05bc4817cb16d015f564148aece1e9de33a2b9bfb35ccac2101317ff0f4449373ac26000a6d0b1c15bf64bafc2c8f8806272e77e1c540e4d72cfe2447,0x0000000018b608bf91bbee8f8421152467ebf3fb4533047e9b536d5cffa152a179b07bd020727126cd649606594b6af9594e00db5c098681645e973fe964d9acd508857ef3c00df4b484806c66415a284ad1879a366ef26f5aebd21e12eac9d18d1e1f8d36e3c499b6999a4ae92fe746d41096480426efd69cb396a67650f23c,0x00000000415433e89687e678d0e9f1c3385201d3e7f761aa12ec8c3e4c64f90014891519ed5ea45d18f866cfca2df2a6452b4f913286d9e0a689414a9390e8c282c1e376df03bf487a116aa621cb3873e86825357d536c52c36974ed37c71b23472106e63e09ccb3c2290528030180169694ae5acf36caeb43a0e845dea749a1,0x000000002a007316122038defe98d674507388b57d38588db3e4649ec9197c8d7cf845238619aa616aef193433f556355d105edd5dce95d890315b398ec87674875d34aec321334797c7cf2b5c9cfdea050d88c44970b5f0947561430c256c83a3c66037eecd335967b97ad286570ce53534df94ec68e0225a179ac0db2175fe
end,2,421,220,1566377599,27,1024,8,0x000000007fffffffffffffffffffffffffffffffffffffffffffffffffffffffffffffffffffffffffffffffffffffffffffffffffffffffffffffffffffffffffffffffffffffffffffffffffffffffffffffffffffffffffffffffffffffffffffffffffffffffffffffffffffffffffffffffffffffffffffffffffffffff,0x000000006ef76f6f1ab52b331febd716b266819c2e1ff4cc284f341c8e215c8fbc63469ef106619e4716735cc4207ca2184474c49fa5b037e4b5f6309a0767af2694a6b7d73b4f920f54e4bd632bef044c975e391d4fee0d5d9c6b6fd7b955bfe0b6b72a8a25d98d9dc50ff744b10bf766ef7a847ca01bcf9ea20a036dcf8102,0x000000007e802c7feb801e4c1b21f5e623e74fa802f369d8b92add0a89902e1e16c46725a1e4546bda766b92d46d668783da1d0751b3272e52eae206ba809188567edf0447c2264066608f12e25c90f8914c150aa052177a10f1d1e3339848fab7db7d37a81a205986eaac1ce159f789ad5e448b1d210b689198778528ab5f9a,0x000000006fb5caf890acc431b5435996c90c8bf00190619f21302cba0816111af7dd6383aad03778f797256066c77c650a4d2c0f25babae3affde49e60d3e636417ff197d2ceded433c27249499bd00ca6120eaab51ff343f03eb7ca0dda2df234259e576d5d7e5aa16148e1670b48d010fbd418c2ea0930bc831cc0e0544261,0x000000007e8b0531705440995b71836d2561124c5ba3100902397f87d2af0bd00fc98b46dc5197de1f1ee72f5af9133b4acb59ae54dcbd964012c2a60eac7851f319a94965ad3813d87b61b254d277429d1ea75cafa55a9306f980e6547933ff86e5eb2b9c47ce4aa70f34349f1813e5c91063f7ae813f0a810a394f667ff3e1
end,2,421,220,1566377599,28,1024,8,0x000000007fffffffffffffffffffffffffffffffffffffffffffffffffffffffffffffffffffffffffffffffffffffffffffffffffffffffffffffffffffffffffffffffffffffffffffffffffffffffffffffffffffffffffffffffffffffffffffffffffffffffffffffffffffffffffffffffffffffffffffffffffffffff,0x00000000156173022feaf702c66369211da525ed848c1f2e8bc7828ea99ac4c5f47a768064874137dd5b690e9e7d73e18853dae1317bcf8114b66466f3acd2faf158893cf9a88fe470d9ec5f0d5bd4d15cc71af6b6ec120261acb3a88d7c53196cacf87fef36e3f74c562367e6f505556b2526a1417f20e563abfebc8aed388b,0x0000000071a2acf0d80cfa61f889f1863da34adfd09a07e9a44c94756ec349f6edb7059db01e0798b7919cd698137f1986c116b0b84b1830d5cecbfbf9df0bfc3822f079e6572231c39e98efc808fb59fc15aaecedef64b39f1106cbb79f92b51dc0f7b2e7ea30dc223f1e77c5edda3f104b00897d836d7a7a71e51fcb23d392,0x000000004cf06a99e2616bb7eacf27329626b0fd3271fbadee4fb0c15d3350f0b3fce1d5f063df867d0832097258be0d0e8e4c747bf825acef66a50234d3440e4d267cab46c0a2afbf31609e411fef9b6aa7f0e2deb994f47509393c07c6e9ffd8db5b79bb4cad95d0a771168e3f983ae67bd23dde91e9d10d17e8fa3d0894ca,0x00000000095be545c1758172951a610002d11f429d7fa732dec024d84efc6db2b7d6059389e7ae046dead33209de9fd39a8f63659ee125cbd71663dd73b50e9fbe3a25011dbf55d7a1fab9758487948c463c1036aee57080868a6507b6cdfe508e33bddf45abb1a85d4d542c41eb867e68425726714d9aee6fa2f43c8170a2f2
end,2,421,220,1566377599,29,1024,8,0x000000007fffffffffffffffffffffffffffffffffffffffffffffffffffffffffffffffffffffffffffffffffffffffffffffffffffffffffffffffffffffffffffffffffffffffffffffffffffffffffffffffffffffffffffffffffffffffffffffffffffffffffffffffffffffffffffffffffffffffffffffffffffffff,0x000000005a83054d4e12c623165ccdf1f7e72670c2f2622663eefc003ecabcf95262df349e01bafee883a519553d0664d994528379d55fbd4d41709fc98f6172db17ddaed9a176ca0afb8e75ec5c1653afca21f0c7c6c5461bee8d3ade0ba0bc6567c75c8ee629fdafb6a684d4056d63277b9ab12344160c1c09855dc4b0240b,0x000000004737bfb2af6319881e4d500a00edb2858f198870ba4b90d157fb1b93c99f1c6e972fd7b95e9851e2b898240fa80f974c42f5555213c9947049f24da77adf8b02218e33728b8a5dcd680fbb58e86066932a8d4f008b83005bc42077f6fb5c9dfd79a561acbf86ee14c92ea78b2ee90c460b6800099d0ca2990318f1ed,0x0000000037fc6cd36485f4b1fd3b09fb72d6dd113ef9c09fea76a7e0d9c5c93003fc63aac872c649f2050c60835d774a69f471d8073b70639056594f827d6d0140450928acb3a494192988503da999b1d3a03866475b506fcbc7be0eedfb75cdf700a44a4ad847c2dae369d74c7cb32a489127ac023c0395f1f0c68d4af3a837,0x0000000027ed46c054d160df822cd33d6fa6a236f4cac2a9e7294bb990f70e605418f82922b571eaa250e1caa6390f8b08a5d30b0b0c4bd820aa59a17f3f2d0befe4acb263bf2d458b112229404616e0c3666be2dfb6a5bd021b90c2897ced1686dfbf8b19df696dfd038df5444d4c9bcb81ba86cf205c9541e635c277ef921a
end,2,421,220,1566377599,30,1024,8,0x000000007fffffffffffffffffffffffffffffffffffffffffffffffffffffffffffffffffffffffffffffffffffffffffffffffffffffffffffffffffffffffffffffffffffffffffffffffffffffffffffffffffffffffffffffffffffffffffffffffffffffffffffffffffffffffffffffffffffffffffffffffffffffff,0x000000005366028ea3d352ae8d18d8a09e23cfb94a973d09ceec026778851d47c434f29a200eb7a1978f11cb5573765d4153fc10c1fe15aee2c6b17125504d62837d513bf8f84e653e0710c98df41a3bf221e8772b842d43fa74e988cecf0096862cf7650eb1a7ec5b599ca629ea462ddb6709a0ac6419947da90a15f8256292,0x000000005d80ccb64d54e964acd53f0b36c21bc302831cde0296f76894285b8800abe5e3c548ed3af92c565cc4ab7c21ee7d598c4e53acfc0dc16abf5c421bc9df242a519cbb5caa12000e1d09d5831ada295d7496bb78842870d67a5473fea1f998f9bd2a1c0160390d6d74784303ca06a85e0d39ed0ebca314bb0105524095,0x000000002fb59d8695d0e3aa9a505637f28977dc7a0767fcbd4c686e96b3dc285d5850205499fa4d59c04f5b57ab9c92ad4e0ac61b157700c0acb33da79e687e38787aa83a5f813bf6f4e8014c41195e0105b1c385b4a05e27f29853b88d096375d3b50d46723bf9c8a2f2f671c4538871c0d5048e9ce529fa340a192fab429d,0x000000002196c3c7e6b802e5659343c3a9ec9103775d26fa76517a5b9d137a8e837329a369244144848a01d252d3cdad44410753f247bee70496bc07d0bdd20e1cb4bec6795eee82e1a8caad3e34e986641afe41b7c5cabdba82896010b688a7de20c6629468c5c6bb0f009f390fee6f9d133ac5e26b4f8d5faabd849071df26
end,2,421,220,1566377599,31,1024,8,0x000000007fffffffffffffffffffffffffffffffffffffffffffffffffffffffffffffffffffffffffffffffffffffffffffffffffffffffffffffffffffffffffffffffffffffffffffffffffffffffffffffffffffffffffffffffffffffffffffffffffffffffffffffffffffffffffffffffffffffffffffffffffffffff,0x000000004e030e9ba3fd60f5013744b82a53a42cf9887e6b429995941b2d87622b512fdc3bb277e01290da60b7905f4cb9481dd1ab87286e17ac2b0cfaccffede9d26587a189540403a428f5b8eb77441330d8e4de24202685fc2f6ac7693f2ae8fe0363b3e1906235b74cd7bb2da5b0f6aa140c97a3614bc9db30e521f615c5,0x0000000038ac13130db4ca31bf36b132b84339e459c33b21744dc6e230401065815a5d2997879ecc388edaf5045069aebf08484f0887280914957d7558fff1554e3004685a2b7312c947e7bc05c4e74488bd23d215d9969cddb57b4416c60141a06d47205f2ffc3beb28420a23cd33120a6ce3ed113cbde3b78be60b04125b4a,0x0000000018a83919f445ca1aa7c1e82d25f7bb524889e16a70377bded5956e54a62d395fce6108ff80863c05d3b6d4a6ed5e8addd9e2edea2a5c061c518282055f25d90d5ce82cf9dcfd191fca83046c73c88db20bde261d0c3acc4afd420c7c19f7487f3b27a39c3b883c8d5596c245de4f8e7c5163964500b38a71e5675105,0x000000007ce09feb451b1d1c92ea47063a95a297dc2a17991b0247fe023c99bc851192c799ff9d3d2e01c7460edea80be8ff9fb989e3d300f6e07c9a9724e5ad59c3dd0ee6305d4012cb289a75b1584069217295c46857466d05299e1eddc0cc8c06307556b302679efff9d94957810ea25136790f93153865aa9b160ef5102d
begin,2,421,242,1566377599,0,1024,8,0x000000007fffffffffffffffffffffffffffffffffffffffffffffffffffffffffffffffffffffffffffffffffffffffffffffffffffffffffffffffffffffffffffffffffffffffffffffffffffffffffffffffffffffffffffffffffffffffffffffffffffffffffffffffffffffffffffffffffffffffffffffffffffffff,0x0000000073cc6104969ff56b685c076fdfaa32655a3c2bcafde6a5bba4d6d79fdeb9375d5c8b278d7078271aac7caf6a6d08f2121b2b2ef0e28a627578bc0907f79cae84a6170a93a0d7fd9ad17dae5010b15f44113155af1758bf25cc0574fb1af813c448358ecfa4a08c03b3fca5f82cb03e80bc81dd2600214172609183d6,0x000000006a42623d33a3e18e91d002b28621ea9d13a6314102ba393a3b3895014420f0effd2bab1affbc99f73b0e4c027144cc693f3e9e614b93a9b46ca18043b1f2f4d5a48213770b0e7bf7b68e5472be98c7b0cfa40a0e08092c2c76225cb71ebf0ddb71fcd7fb947b149c884ccd94815508d7823dd26dba622de35b008e61,0x00000000194c7f12f2d44830a486516692a0d7ce0e65fcfec24f61d886dfb7d916204855074492c67ecad65a109f174bc64a06af63b21587b7b25ee8d715a88ad2a37c457426cedf04802794f81a5ee0b0393a7b75bcf62c7abc39825249fc2e6a5acea9372e31d015e3a30010f0a8ab2f31349099e2a390fa9d278924b2aafb,0x0000000002cf6fe8e81b7472c77f0d036aea895d77b34456ccc8c0e81dc866c33dba42a12647808d305e358dbb728a2cd8eae249b3f0f2fbf087f43de8914ad9c9d77a89b07646adacaede76021b71b664106bfee48ed5f6fe51fc3e862a1eae86fca4d868b9c09b23568b6598b19f8c82203c6c6f5f0b9ed3f175abed8e2694
begin,2,421,242,1566377599,1,1024,8,0x000000007fffffffffffffffffffffffffffffffffffffffffffffffffffffffffffffffffffffffffffffffffffffffffffffffffffffffffffffffffffffffffffffffffffffffffffffffffffffffffffffffffffffffffffffffffffffffffffffffffffffffffffffffffffffffffffffffffffffffffffffffffffffff,0x000000000c7f0ee1dbb7ca0738fad9b23233bbaa0d15fc750f6a5051e06698b1eec3a4bdbe0496778bd2ed5ad1a822d6b01a34f448570e7ee26b7783e8fe3cca1991a8034196da36d0e73e5a86ec625ab28e83217dff15de5adee445709d3ff0cca7585f0d822e19f7e2e978e225f11557b42f93cfdcc1fe11987f6dcaf42991,0x000000005ff359434e5135c13461301f4c8664ffc088395449bf2a004bfd36f7efbae32abb6c239c9081d0e0e3bf2313a7891e8fbf3bd2c80d9566d4f980b3fd861552973bf203082e17c61e0758776636ceeb63144af5484fc913c6338565375edffbeb2bc18cbf66178b70a51e4dc3f7b5ce15dd536f3d3939d1062278fccc,0x0000000079adc7a486a15ca85402608c8276a4fa76d646a5869a9cb3f9ecd2d469ecb0261ff007338215302993c3ade5238e1571264d8bdf49df3dc93e66b4bd507bf954db37d5365fdf4123d94200a73dd56cac3903bc460926ceeddad0eaa8d91a459191df4b8b33d8673c248f3f86e242fcfd513b9b62921a295040cb4da8,0x000000001e086ba30b6aa05db47ce67a2d2381e127c4a3bf2a2d0058132cbce3f08101e9be54faac91f61709a9ef0d907f6fd31f0dda27574836a93e04aa8ea6b62669b7c5ea3a8373eced7114928490d6143794bb4efeea82dcdb1a6dd0c6a62f5612ebdfa0c3f42ddd4714386fbb67b74bfad5aba267292098391b53429d5b
begin,2,421,242,1566377599,2,1024,8,0x000000007fffffffffffffffffffffffffffffffffffffffffffffffffffffffffffffffffffffffffffffffffffffffffffffffffffffffffffffffffffffffffffffffffffffffffffffffffffffffffffffffffffffffffffffffffffffffffffffffffffffffffffffffffffffffffffffffffffffffffffffffffffffff,0x000000007aad5164f6bfbbf6fb7d36aaca23adae32301d1baa8bd153f46ae13bc300953c937925f08ad3f7e7ca6d71ecc3e9521238247f73a7bf86c2deeab7d15f4bb340a76c2da99a47bf17eac239b9b19a51ba046924f0d27de8a34a7ea9e195ebbbcbd1baca948e2789220f01659d1c75f578d490a8412a6c5bc487bba469,0x000000003c3523edf2ce47b9dea55b2c2abd5454bdf127a29cfc840b8b6977f67f20191c6b87bfbefa5f9c1c93b9554fa17884ba2d3fa8bcbec40a733700280470f6d48d276edef0d603f27e236f490db44efc7b9a8f02257f732768ca9282e7627d79403429313c00e8e277be651da7363a1b3ae156aa1f79d482a3b2bf8dd6,0x000000002d316ffbec4acb253cd7c0220adb100bc3098d418b1430736f11bdf5ab89547dba0279f379a0ba206496136131c40412d4caf916ab8f1103170bb119693d03a2e65a9bf1977e44fabe33f24319556690b7193159a2a3e6a281435bd1337bafb562028212902f4845fc082befe30276368bb4cdfac4a6d2dba90ca4fc,0x0000000043cc3a21f0b78f28e2aab90f1767efe4cbe98978a124a3bd61d4b0c28e129b14c370f7f7d762964d72ec52eae1addabc81532478691f80817e11e1a648f97ff4850a7b1d99a8a3b599c624d0d7484843060cfd502ab7d1aaeeb50d25ff5b971d7e30cf3ed68e5ded7f2120961b529bd63be5f3c2ceb5cf60b0c30499
begin,2,421,242,1566377599,3,1024,8,0x000000007fffffffffffffffffffffffffffffffffffffffffffffffffffffffffffffffffffffffffffffffffffffffffffffffffffffffffffffffffffffffffffffffffffffffffffffffffffffffffffffffffffffffffffffffffffffffffffffffffffffffffffffffffffffffffffffffffffffffffffffffffffffff,0x0000000017aed53674cec371942814992fece5adf88108209aa99e4b54bbc1d3dfa125829bd16f465be7c5d5336231a2f22e6e0fe27865494194b7042d80444a6219d5e1ed5926190fc7421a4f2a6bd9440fd38c2e0dfea68ae964cfd621a0a61743d5fb81dbffdd5c81a9badf7f6cc1b39ec5887905ce6a51b7e8e491e9ce33,0x00000000289bdf226f3d39bd3f0f90a1d005b11def2a935dcaeeef2e542113637eb263083996fc3d400b3e88b10834665fbd2162da8021b5f7001af0f053e7167fd5526bf33a519eab98f8a0ab419102f16265da21ef9acb3295545946a21b0d9979daf5d87599132b39acad5f70dc152b87ad2a49c4e149c444f5a2d0537523,0x000000004ec09e633ca4c4b9643b764e30cc0d7c37e7ac57fab29458908c37f5af04d71f30629c917cd394fc130319c982de4450e42db922578ed0d03de686825cffd222466fd3a332f6b5ee7ca1a1634b6c2fc7b4d7cfa88c7337a13d5b045dfa69774d98d0706368fc7b6f8038ad0925b68b5affa41a5f67ad1cb727afa770,0x000000000b1dac14da26f5e0013fc2b9f521bf4f0f905b4460082c013e344320359bc7cc776ada5b999713e81aa8db8e3be5952d616bd6997551f180e79604cea85274ad05aa218057036ab17e34103282ed6487ac15602fb5c215a05b802bac3b0db228bd6bcbd9337d1dcb5463a963a8a6ebab41cc111f429c2da43b1d6874
begin,2,421,242,1566377599,4,1024,8,0x000000007fffffffffffffffffffffffffffffffffffffffffffffffffffffffffffffffffffffffffffffffffffffffffffffffffffffffffffffffffffffffffffffffffffffffffffffffffffffffffffffffffffffffffffffffffffffffffffffffffffffffffffffffffffffffffffffffffffffffffffffffffffffff,0x00000000194a3f2c00e210120d0695fe3c099fa6d96d295bc15dccf0692d1c85e149c37fad086170bd9996e2332f92d819b3cc9af44e0d55b9dfa9ecb87f621685025456e728fe209f84fdf5d1e02ab9a78a9b3fc2ebc0bd0c6ce13e0272f064b1892d5baadc0002c3fa3feea43727244036ea46c6cb302c64e6d8897d289d61,0x0000000071a7eef1b45fc6082b146eaeb02290f13eb8ca885599d03ba7a28b55175bc61ae48aa8c990ffa0cb09c9bc121db7c11ccbcf0314f8a70e3d96158cefb0036272f9ab1277580c8a069391527a1ed42e3380f2107ab9525d53f6d4def15a18204ac3db9a89d341253837beab819b832eb376f4e208d1c48dab11cff3b8,0x0000000077e10cab09aa1b89bf975fd16ad2e621bdf154a50e876909c517016c31d8e2ae0ee4fcf26542aeb950bab9a9fb144c755177da094578bd970f9d2a8d1469b4d583a89970e6e7ab737bebe16cb1f1ac2e7486bed761836aed8c6a4df829c4788985619da9687aa765df34271c2a1f090e786255fa43e2e2a935437574,0x000000006aa3f512fb0c1cd4c7e285620836c3e771fba42167f392fa693cac092d120b4e5c7bcf478da7a9843b44625b3ed8aef30edd9d71e0ec9e52e23bf8ec395eb2ed1c11c70ecd6d1171dfc5079b7c9130b1dda245d46e2a838d7e2a1d95d20a31c36587267af669839dce4c7b0280fb68ef8ae56cf500eaf807e81c159a
begin,2,421,242,1566377599,5,1024,8,0x000000007fffffffffffffffffffffffffffffffffffffffffffffffffffffffffffffffffffffffffffffffffffffffffffffffffffffffffffffffffffffffffffffffffffffffffffffffffffffffffffffffffffffffffffffffffffffffffffffffffffffffffffffffffffffffffffffffffffffffffffffffffffffff,0x000000006a04a0d2e8ab77a10cc10c3d0ddfa036fbdd2b0101945bc698cd3f306255d777a92a6ad73cbf8e42a4394246e9619ef06e081c9b3ab5d71131be4c12ce834e0c27a4755f4238ffd12bec7769d97d5984495ca412139b696a01599c5de5614fba31d9ed62a4a3e529163b62cfcf4484f6bcf9dea00ead3987f36d46f0,0x00000000175746f222c4eddbb292f5f5b44b7ed8618c28c761aff4d0d90027da5eb9135f19e1edee9e43c4eb6cd3d333ac9e0267d5d5935b100d4fbb6966973f426741e075a3975aa48e333218b70b76ae89d80946ece769ae073dceaee57b509f77c175fb58991f85023f366474fcec8f594d3e78edb7b3c2f554bddd8f2123,0x000000007b6d94695ee65ae9341584f2030eedaa9a9ccf6723614a397a7adb7f8ea912af819eda303682af5fbebb19e10615610567537f0175ffc4af372b607c2cb3f838da931bd6fc51f58ec29f0977fee306dab8303ea7c80be7bb11c3b4794d6b46f6bb78f8e2063002ab1bb468cc41ae45c23f6ad6fd8ea8f03e834c4f71,0x0000000022c80f56a3a5b71882251c0120f4f8d69c198f8143f57298f2b6380c8400a09a5d97c58fece9fdcec97d226481eba27c971028b7c00a07446de9b2f24fe22d2f99afad549fbac7cb5652584af1f02191e68cc1ad89e0d2714d0f30418071275678e72d1ea66371e76c72aa7ff4eb2f82e0a32cbd2dbd026bd4122f1c
begin,2,421,242,1566377599,6,1024,8,0x000000007fffffffffffffffffffffffffffffffffffffffffffffffffffffffffffffffffffffffffffffffffffffffffffffffffffffffffffffffffffffffffffffffffffffffffffffffffffffffffffffffffffffffffffffffffffffffffffffffffffffffffffffffffffffffffffffffffffffffffffffffffffffff,0x0000000008eef1ec346ec860c74a8171fc57d931d652d042c6e252390963f32c4d94c924137fa6f83c458060f94db6dc3e38e9a5e5763c538b19f8195a5a32c1b780f9e0f2e7ec6370d1d6340fbeac0fa8ca22f222cd903131da4a99d1ccbf82f5026db323d176a002926d799c4ada576011c6f3ab1642c33996af7b7f1476ba,0x000000001631c9c9c7b79976f1f73e6963fe6e313e3e1ba14b0a35345808544b3aa99c494bf10650c488567e96229ba8de78385f1e5c69aa7f4cf055ea0c92f5b505016298ca30de2ccc5a40574957bf0acf9bbe030dada8b5b3c45d91ed515a9ccf1147a9b86e9fed2c19b9245dfc7153a67e3eab4a98e9f0de27d3a62f6682,0x000000006118823915f0af856863137a8b32c179fd7c75e74db2171f628b935a690a8d038b253915f534300c878cb5e9d12d7ebce1f413c1a86a56568d309d000aa28c7571710ca014f3a06bef67b352fdb7556d0639c3c96435298ec4d79170586d478184a28082a314ba8ec6264c116a9e5497cbd973f96d33a375e96a98db,0x00000000628f027097ac5e62ce67edfe066cf670daa6ac0849b9f56bbd0ce2615754d1c9b2b70ee43d7c33f1405e18d0b3847dac74824d64293efe69ea357ab49ee9d3ef2b60a27e1437c8c6579780b7ab0494fc21b6337109aeaa0419de0b7eb2236caf6c17cf0fa18a71207cc46425246f57109c364d930b6892b1b671112d
begin,2,421,242,1566377599,7,1024,8,0x000000007fffffffffffffffffffffffffffffffffffffffffffffffffffffffffffffffffffffffffffffffffffffffffffffffffffffffffffffffffffffffffffffffffffffffffffffffffffffffffffffffffffffffffffffffffffffffffffffffffffffffffffffffffffffffffffffffffffffffffffffffffffffff,0x000000001b633962c1679fd4728523dd4ab772d59b0cda0a646617a2ea3f34cdbbb4f8c8e9b78b642142ed36074e5004fe49899855e180db6e7c8d888c126c576a34eaeb102a426a1dc8e3ff95a048a370b26750a83a4636a6d488edf7130e14a2e733574206c523850b120fb0ebda5262d2e2067ad51c6b8d4e2e2973ab9196,0x0000000069ec669238192e5cd4fbf9fa0d3c65668d05fd435eafe47ee44aee0811811fc66b394776d27afd30f98804a749fc9899639fb1e15b27598775b6ca3e480074e5d30cca0d6a38d7b82b8d579ddf3c5b1f154bb3e7fb9e30c28e91177f1c75d17f399d494b5fd6daf9426071486c302e82d8f9b7f49e16d890f65d58eb,0x0000000003e91dcc2f9af8e190b3ce546f6f571a01b187dcfd99b9eab48010612928db69fd2e21d36bff29b5fd22d39617a098ac43d48a075584b10d51343b9d03eac60c6f2021110e5104c0113dd0771638d1d0a09211efb21b17b2ad30dcfc56f2c57cec836177abb01c6a56e218dcee6fb0b71e28eb7a95d87ff0fe0eb00f,0x0000000073082ad5d3300c967398f61ea8d81faa811964c83a17798848ea0f870063fc5517af99f75a96291e69489ebb3b5521f2bdfc6cea660da2e0e5a4d969b80d100362e633b0e89aa2ed6be17dffc98b567a629ce22110a8ec91cb144fc9e50832c5e96744847f9f559cbb88d66060b6836a9994fe53ae7691d013060018
begin,2,421,242,1566377599,8,1024,8,0x000000007fffffffffffffffffffffffffffffffffffffffffffffffffffffffffffffffffffffffffffffffffffffffffffffffffffffffffffffffffffffffffffffffffffffffffffffffffffffffffffffffffffffffffffffffffffffffffffffffffffffffffffffffffffffffffffffffffffffffffffffffffffffff,0x00000000414a1bbe393f03307a197804d99819b946b9f54ca6ead6a940ccd9d052cbe0f8499e6e48093b4a3a6dabd0bfc5c5a8b2db03ef28c8ca3f1f2751635cc3e892288cbca6ed1b39822069b3d476ebce62ab70fc50e8c09e84359cc00187bac944c5282aa15c0eb04a400d1f1c72bb8cd5d04517f74ab25182ab4afa9929,0x000000004014106acaa98c3936e8e1651fef3f3641fee6e105f67b1a2bfb21fddf8e88d03b51f6a086d0d6607ae0a6155db447da303767a5d24aef7aae43074a0a2934b966a280f8be9e4b164000461a8789ff12931320eaad2ad3c30f7a65320afb8e3d938067f7fb01ccc58fb07b7ddef8af4f5b2044842870a22f96bc0aa5,0x0000000020047d173b3b5d3bf29875c0faa731c2726d8cc0b6f6f21fab942cee50f054cd7bd2ff670c8fcc8e2ad184005bbd9841e22d31c83fa49a85937c8e74f0ca63ccd2076a9b4ee898fa900d3823351372fc449715fd44b94e4f4316a992ed05bcecad1b7c6bfc564eae1f823e23dc4ba7179c38773c6c17cf46f83875a2,0x000000000c848bc8776fc9a9065729911cc1f03180b6a183b4a700a7c683774986080e3ac7d97bfa13546fbd8197a252feb07e338090e2f02e5f40291fb88cb8c4801ac88ee688113b94ff1d45b5e0bc9a90f1203629f276e294001c24b8d84c4e8ef8f54265e915cc2d70d72da1ac06f20e4d58015f8ca25126efedf6d28fe3
begin,2,421,242,1566377599,9,1024,8,0x000000007fffffffffffffffffffffffffffffffffffffffffffffffffffffffffffffffffffffffffffffffffffffffffffffffffffffffffffffffffffffffffffffffffffffffffffffffffffffffffffffffffffffffffffffffffffffffffffffffffffffffffffffffffffffffffffffffffffffffffffffffffffffff,0x00000000728cf68fa4f711b61ad19c074f9439bf8cba4d092c7d1d9e23d379a85a4c039a552b08e60035610d8aecfb46320e2f6612ce3af79b4ce9a5a2e0af9b673363e87f508efbb7e88e002dad68ba46956bfa17316224affedea2ae341457c29e1aecedb54d0ef457ef954260ababd959eff3deb808a9a05c9e859d5bd405,0x000000003fd93244e834155efe3c0013b2f1a90de747d75fd0c5ab5d488d34110d7887ef3a6d02852913cf467ae0f43a58af5150cb5d8950fdd4b31ade044c6503e1fa1df7e2781e7012048dbe8f9d9ff5835375984544933faff345c188493a6dcf0821ff9b3095079dc02e75cd4329be86a8f6c82ef4fca51f3e9cbcda5f56,0x000000003615a3b6c86cea42fc09c2bb2d5988604150f2ae07c52e76f4bf8b238a9dd8dc016c6ea1706034d233bd155800a2862ad3eeb9dc7303606a3aea2016cffa1b3ad36dfc5adecef3529e80d9b047a479f63f88f4e57ad28445ac4f7c63c7bc5baa8bf9c7523f3e2ad63b91c20de6c3ce6ff6e7ee195fc368323f460757,0x000000007f905978efaa5120ea589fb0e31f78ebf67c44f6f533bef9b8fe11b814f68ef59ca29426c19e23ce104b4f3745eee8c6ce79e23156d0ed343f308589359b375a6c4e4be7b1d8975b284f597c8f24b3aeb86d7043ea981e99e6ce2e5806416a48663497577e854c5f855af03b5b7fd54a388d23e1fb7c37634686e50e
begin,2,421,242,1566377599,10,1024,8,0x000000007fffffffffffffffffffffffffffffffffffffffffffffffffffffffffffffffffffffffffffffffffffffffffffffffffffffffffffffffffffffffffffffffffffffffffffffffffffffffffffffffffffffffffffffffffffffffffffffffffffffffffffffffffffffffffffffffffffffffffffffffffffffff,0x000000006310acf0efd6204a77f2e8b589c057a981db02494d4a5675aa52c005e0c4e8c5d946eca3d6766f9214f2e200f1a80f8c0bab559fe6b027517a03e5eebdd05c030490512421faf17121cf28cd46aa2a1c3067aad0a3df93e0624c26d50c653d3a643a29d3b6d912922d403ec7649820de78c831ff75f41b6a6d5e32d6,0x00000000027267e072082592f2c68c171c69b2e6f48d7d0674a0c6ccf2d82ee90710f9797683e7b4cddfbfddca2f2c1baeaafeaefc325be7c3939b8f89766d7e082c327d499e574c75e6d0ae1825b00100ad5533dd00b7772ad7604e90121a9073e5cf9a3838b8431c1e2e6d289a79ce7637d9c7b3457ea3018ed2b2dd29c369,0x0000000000faf1d7631c3af9e99d8400148be969a44c0906bc829feb32b9c7f0e4d02b573a95ff278f4f82654d68c8d9fd12d947610a51bf6a2b134301e930f8c4cc5164596d1e13b23fa7264e4614cbef6c6bc3623184f55cc09817769ad929d2ca9c7d7d4449b4a1af166243a73a36e48edce41c9f72fa87cb9688dd655fb3,0x000000004da17adef2f71174ed0abdd1eb9e8286696915dd8129a0260b93f8dc9a928e76cc5bce91e2da0a4be3e257e1a9ec206485b369fe590a9c5d2296dd60a9a11013d84c370b8c759ca8838e6cbb51f130bb223e229c0b2f8642b870218a03638dfaeafde1562d2450ee3ba03d23cf9812e5df7b8e907591b7de4c86744f
begin,2,421,242,1566377599,11,1024,8,0x000000007fffffffffffffffffffffffffffffffffffffffffffffffffffffffffffffffffffffffffffffffffffffffffffffffffffffffffffffffffffffffffffffffffffffffffffffffffffffffffffffffffffffffffffffffffffffffffffffffffffffffffffffffffffffffffffffffffffffffffffffffffffffff,0x00000000595e4029476e5340f81daf9642873d37e1c35e25232b53759b5546e6b0fe86b27f36c8697cfbb44abf7ef954af0722476c42f2938c8958c191448264e54612165570b26de36eba488143cd4e7e991ea3d0e8e2d9a4f9c723cd93ba41367507a8fad1aa6bbc1e898909c23deb561b695659a3107f9c7492fcb64c8f24,0x0000000005ff333d3f3e0ab55fa9cd6e09f0ad29d793b8b9183600502ec134d46b31c93f133c620332eafbb33ae8bfe6a828d8267a741654c5ec99fed6928ae32ab7f9ff14255011a1220cd96ee35bdf1f243170de7c0634c2487a70a911145547116c9471af0d927c9f8b517496eb5bf8f605c5c23e17e52c53126a8e39cdef,0x00000000097be6e16010c796bc3f34f9e8d2da4f15de56cafa48548de3e9695ae6ffcfada6e9b9fcd79d7ddbe0c8ebbdf9f3a074d018ded15ebe3c0cda95653625d5f2403c4807a69e003a857b8b3195be4fd603d38f6197ccc12c2cd55a7c050b052597364a445a51bf2c07c70c237ff01fe4681b7d947ef93ef2478c69d70b,0x000000001f3f5f971d436253b21a5dbe64cdc4c296b5e26af3c31ed1bf0f4518b25e6946c5f03eeded5d6108641c9aeae37b7ec458d34f9fdf4b85dd541a3b65b129ac0cd6722eb61d000cad67c6948d5800b9466555d3f29c47aca5d840052252c240429ceb387357557d2b6464ed1eadfc748529f492f2a60ffd5a2ef86022
begin,2,421,242,1566377599,12,1024,8,0x000000007fffffffffffffffffffffffffffffffffffffffffffffffffffffffffffffffffffffffffffffffffffffffffffffffffffffffffffffffffffffffffffffffffffffffffffffffffffffffffffffffffffffffffffffffffffffffffffffffffffffffffffffffffffffffffffffffffffffffffffffffffffffff,0x00000000318fe37f066a636dc45e006be7f9ea202b2cf24e251ff70089250f8917756fd8cb362dea258a2519d90c18430e3f2e3c5f2d7ff1506df4261ca85e0744b1254c70a54a230d2d3792d37162ecae42f200faf9f2b880413ea711eda8683d6320c0743241aeb1d9dffc914337e2cbc93430de606630b92ee9dff99abc00,0x000000003ca779f9fecb0b398016b75a18021a9f47ba01acba5c975d45425766b4eba3d3bdf459d8f33dc3923317b27dd6c5cf84b386371bc77c0ac78546ff82adadcc1c6690e1b87d1f7f1e18b62f5317157eaa8fbc2a893fd27fa70ace8007749b533759c0f9d71ebd43c9fe8163f5fd2e26fc619e235116f07244cb71918d,0x000000000414c07bbfd42635300f7c70e0e191f9cf545a166969657d9d56ef5d6683be00a483837f120f6e2fd9f2f3488b8f441ff904f57cf2829230ba63b5ba53aa8142b3b3fb120b3d3ae9974c7446510dc4dac4cee94ac2de1a21891beec2caa2827cc883ad4ef66b4f1f872b4f50c900b6b67b71acd276a70a2cc29d2d98,0x000000002f02f9772993ed5599846d3c238a7564cf638198b2daa86ef1752d8689f507fa5673ad72a8e3721963f2bb1dfbcca5d4d1309512e969c9d858131eba972508a903554b78f2f11502e653fa33be4cd23c157e03c0646c17880bb70fc96ca80da72b53e020568bbcf800f852cdcace660c75f7199fed092b4895a332c1
begin,2,421,242,1566377599,13,1024,8,0x000000007fffffffffffffffffffffffffffffffffffffffffffffffffffffffffffffffffffffffffffffffffffffffffffffffffffffffffffffffffffffffffffffffffffffffffffffffffffffffffffffffffffffffffffffffffffffffffffffffffffffffffffffffffffffffffffffffffffffffffffffffffffffff,0x000000005b55ff31d93d5ffb964207e47b308fe15de185311af15ba281103bbccf391eb91019c050b8749395de307ac3d203d29179a50c2cc41a90d22a33701312232e11bd036b3d08669f49def66d047ce8f96037350af377837b4629e8feb74eb991d8748a50b382ee72decf559ec4fb04c6718a4757276cb28c0399e0c99f,0x000000006ff5f3e9a013418efb8f33f1d7ada500f0c7aff5405c9756c50e3d0ab4554cf219dbfe597518979413dc43f2422f0d80eed29370817895fc31e870484f11596f7928ba9da17c89901687efb5f01264dd6df2ba9f09f22c714b47dc581a444d73ac528d697a0803d0ebdff386bf166ed741a1f6385d5d056f8a52940e,0x000000006d718a8de41e4f8018cc470716e3a54d8e864edbc1ac9c957cfcdd389d558eef4aca6fdb1e772de76484d89b964eb356a2031bb637da66228b68553826d0b91307fdc742bd526bdf3f53bc7656eb20d540f8961fb8b95db0dcd3088c57f5054e1a4d330764955593b27ceb469291163a343572a7f1c39f63c8036905,0x0000000063ccb0584c45ee16b6ba4fdb81e4cfe6f74159bfb3bc08d53bdb73529da14492eb4540eb1ee086c23b5a4bb621078db9e7f4ba6f2bd22eeae650d76a42b1146f15bcd7aa15e3ae6ab2220c195fe7001616bac8e48a661917b2d23a0b9daedd64cc5ef55703c987d8256daccfdf456a571343596e9b02e006e08f24ab
begin,2,421,242,1566377599,14,1024,8,0x000000007fffffffffffffffffffffffffffffffffffffffffffffffffffffffffffffffffffffffffffffffffffffffffffffffffffffffffffffffffffffffffffffffffffffffffffffffffffffffffffffffffffffffffffffffffffffffffffffffffffffffffffffffffffffffffffffffffffffffffffffffffffffff,0x00000000183d8d78d624cf6a03b1db3f3de81e0fa675fb250dc54d6951c09998625b117295598200bbd41d4c52ecce4ba84b91580cec4cd0f729e906f16fd1fd98cca08c1a1ab351830b09e4e6feb45d25389786353e39e52f56e330962299e51dad011c8ad8a4173a69d275cbc28879cd55133f8397f42313ae257f894dace4,0x0000000065252687cc32854f93616316ded6ddb894d37c13edf30ff4861d0292df0750e4d4945085d9202a87d58ef84ce3aaeb43cae550d310f3d80c0761c9a2474fa8cfa872b2bf0a603185b07a60493ef9950002a56c681949c55535663fc5da3cc578b935b5362b56300a4b5e7a42f0e7d850604c099288710165e4cbeb8d,0x000000004c55238fe48e3b4b96acbe211583bf1d5a0e729eea9d30afd1eb4e8164a9c6223d0ed41c20923e6ab66c0aeb187b89e062ded49967789d484af05912c779d5c36c88864dd8e5b29c88ea5491e0ba3dde74c23a75e904ebdb1eaa00f7881f505feea8345f6f56e6066e0aebf35b28bb8a9122e428da48a5c1e0846976,0x0000000026a2816baa8bb1b542d3667d331e628a29109627da16a55b9f290ad17c466b12f786e10d83aeaf1594b1cefe932eb4bd040501cebf8782e15c801e00b73be5af941de823eac82965576136105412b05235d8e0770b31c94610cd01818e3754bd073c730f6dbddbc47a647a59dd4d654003d79d48fd6997d38f60d09b
begin,2,421,242,1566377599,15,1024,8,0x000000007fffffffffffffffffffffffffffffffffffffffffffffffffffffffffffffffffffffffffffffffffffffffffffffffffffffffffffffffffffffffffffffffffffffffffffffffffffffffffffffffffffffffffffffffffffffffffffffffffffffffffffffffffffffffffffffffffffffffffffffffffffffff,0x0000000071cfb9d6f58cee71be566afd95c3c9f9cf7eaab0f2c727163d22bf1c9284a3e20c0f927f9f229ef1f9ee7d1d1f2e6313acfa107e33f5974a08beb29a1c426bfc843b22a67e3d76b03ec1fc5623cd1cfe2318096594493fe8f01305991ca0306dce8c45646e42d9a0a1efb406f8e01873065a703873800851be1295e2,0x000000000864f98ed9178134e5b666171974951eb5ffad26c694731d79abf87539ad9860c06d33ad2d70a4ea37ac58109b68e798ff37bc2c921faf9937b4603c9daab2c42f10f117665a2e03f38db6469085d65d98383b70a35ec01096ef6d1f13be1bb51c3de9769c52a27e2dc43e04f9667f592ea8174821043c067c3f03bf,0x000000003d9c935511a9259a37551692f0e1696e687cfd0388ae4814c7bb1fe1bd02d03bb71965a7eebca70318edfeddf11262fdd511e54189f30f52355c0d134264e7fadc2a0d385baf871f32dd32747cee643aa11ee69209f3a0179241a372d5aedb46cfc5b6df09e389e15a7d7f6529e1ec7d9fd2d0d8c08929d03024bd74,0x000000006358fc69c0fe4b14d0cbe7f089ee5d99759cf00b547d3e858e09cd695e8de1c4702bebf19d275f547ef29e62db8d87fd09eee583f34e9f55502b7e486ff46013e3865a4a99c8798080aeae5675efb86067c53f717be61d2bbfae745757ff3e3acfb1446ad822aae2487dd471b97d38408e90ece7a6e3d1986ce34812
begin,2,421,242,1566377599,16,1024,8,0x000000007fffffffffffffffffffffffffffffffffffffffffffffffffffffffffffffffffffffffffffffffffffffffffffffffffffffffffffffffffffffffffffffffffffffffffffffffffffffffffffffffffffffffffffffffffffffffffffffffffffffffffffffffffffffffffffffffffffffffffffffffffffffff,0x000000004b68d0af6353ffe3b79a305f73e9e9c3b88c3ce770fc56a12946b3dca2c20083d96111bf873661fc21040c5b63e8adda75edabfb358dd2d80c8db95aa741caa40d12acf3c4d4fdb93ecd4b2003013def4a675bd95733749969fbd6a5f089a790c79ebbcb161ec533cc9a95448b5a37a308f0ebe2f828b7ccb0ffe8cd,0x0000000024307856c4644bac77457b8cf5a3fa38969cf4f9a4c77ffe6f5b39fd66df30b2cd26394051cfcf0c2c95f5dd1ed6666d606d6f52819ceb0954b53b8f595b26570b616074d57fa587ba1ddf9b6d16b188d238b6162236e923e68446be788a84e9cf099c428cea50dff0355f89cdcbada124c3df36e5af37d89cd7ce67,0x0000000029247a7902e7853631128edbce9f892da88cf8bb81bab4acfdeda52c65226c78b0c2a689f6c0cdc5cd8868726984e5031901f61ac10a8c6acf6f7b84c86bec4d3abf0859c80b106357d35a0bb3e9875facbc746e389b001f7686853841e40216465e0c1fe57e8560fa2e131854169a1e14c38074aa3f1fd0cce4088d,0x0000000021f9cda85a8f1d62ad5e42ae834bbb4b9d64eebb005b0071044742bd00904fe1db7dfa21bdedb3e52c8a7052ebd66b6105be239f222ad2cbb51865e2a6989c0b2b68f279005bdcad0c252b532701fc5936606c63b30a4e0a1bcaca8f27a53a27b491c37fbdc6ebd50b17078d6a65c065c33131db35258b9874dab419
begin,2,421,242,1566377599,17,1024,8,0x000000007fffffffffffffffffffffffffffffffffffffffffffffffffffffffffffffffffffffffffffffffffffffffffffffffffffffffffffffffffffffffffffffffffffffffffffffffffffffffffffffffffffffffffffffffffffffffffffffffffffffffffffffffffffffffffffffffffffffffffffffffffffffff,0x0000000068bbe269ea9af4b791fd1aec3466c6382c8e8570574fa2290b95864bac1e87b1d56e299dc759666b6a96e6fe2a2d65353da058b2fb449d42d724721dbb4e1111b8f777c8c7846ea8e0c46f0af4126d7feb60ab3733463b761d1ad184efb6cc98d8660237c156746808265bafee4e05c7476c426e964ef30dccacecaa,0x000000002360eaa8ed56801f7bdc63b135ed3767303e293d9b7c2f392aed809b2b2e09c6769c751fe2e785c3951d2c8917d35a69a0a49e607edef79dcd91e6c4d0e31794812be11b56fb8c5a5e430afaaddd544222cf3b091c3a7ffaaed277296ab4c7e52d6fda98c06ea023361a809559416ab0e9d52b80c43f08cfa8e7f3ef,0x00000000214c40a3d144babefb89987bb82fa2dae6c7878d49a07270f76041f604fc0893d18f3bb523f16196244c7cefb066f27b7916c31cb01b6ae53e44da54b74d57a755ae9633bc8b9e699a845f05acfb20bbd451e85379d6eee90f05c295cbb4cf012d6297bdca4aab4e939d3dd9b00757beefc45aa2c9fef4919bc11331,0x00000000046f2a8eba693762ccc7d4b623756a051d66300e7f21abba0357d4f73c178a60c8f2eb4d01b55dde885d776f87a67b0f2a833ea035b19b0304d1fbf72a1acb542af835457dd541df91a98c0007000c6f80609d2707174023fe138609c7898b5442846eb3a53fec4d94c9697960b2905431363e25e79f653b63424d30
begin,2,421,242,1566377599,18,1024,8,0x000000007fffffffffffffffffffffffffffffffffffffffffffffffffffffffffffffffffffffffffffffffffffffffffffffffffffffffffffffffffffffffffffffffffffffffffffffffffffffffffffffffffffffffffffffffffffffffffffffffffffffffffffffffffffffffffffffffffffffffffffffffffffffff,0x00000000498418491f7223b810d740d28bf4f80a59d24d14f978e6390d3e9fa7f4d923f77ac21445df01062be21665a218b327d10b43fb263c56c704191bda0fbc569248fbd387f1e7e6d10f64f1efcde59f77e32180014a2149133945959e27220116ba973dc1318515fd1b26b43a4e06c00755300010e7872b26357c3d04d6,0x000000006120e8825606b9a4358af97be6d22adfb12132340cf55fea107391bad137ee578becd750c356d8a8eec6afd109258ff4b9ec579d7dab01c373e0fb5c5563918f9d0db0ea4db00406099b8df9420a1b043aabe76e797b28cd0271545150fbd742dc5e6743b258a880adc3a31dcecf8f174e82c5ae1d4f26afd865911b,0x000000001a20394325fb03ea3159788b0aaffc4697ccf031b56d5ee73b80e4799502614e90e6c9c0b1df74e3afc30bc8de264b4be3e5d188e2024834dfbb40aff1357e85c87c7ad9005450a727dd3443b28b611248847004291aa2c92524bb4fa399449a67779ce1eecf57607e252b74706c95541ddd07dc02319e056aa19783,0x0000000016c27fab82f17dcfc003f1ff9c869eadd735b637b79a9984a45759118a411d6a4ad13363238c5641e0d9f94647fbccdeb42ba999344ff194c6dab5fb92b266fb021d97a7b353adaad22aafbba00d1815773f5fbaabcc1b0d5d747ee737bb4d74a3dbd78ca6527e0d5d3f3c1edd217719301cb91667691646cec9664c
begin,2,421,242,1566377599,19,1024,8,0x000000007fffffffffffffffffffffffffffffffffffffffffffffffffffffffffffffffffffffffffffffffffffffffffffffffffffffffffffffffffffffffffffffffffffffffffffffffffffffffffffffffffffffffffffffffffffffffffffffffffffffffffffffffffffffffffffffffffffffffffffffffffffffff,0x0000000073f254effa0da2c9eb66af84550b6b2fdb392d1838ad71abaffb32b86071f2ad8994da76f079db8a2fced713a4f6a87596e63ef6cfa44d95fc1af0df7606dd2d35df9210cf9fa0632f3a07096a0b741bdb6dc2d037ea8fad76a7fc26a68860527dcc17c9617bb681183d3a9081af46be8d4a3a9f175a570ec249c02c,0x0000000055995098e043aceb8fd25fe3feddd259e3f9f8bac76b6e195a5d8a8da5386aaa363c76d0268b086af7a4e39851a250ce9ef9937bb667a2e0f3acad9a9cc2d1a9697f0e9b116b1242056f6df5499c4fb72379f5521c4ef4fb42b5e32332a5a88f2132be042ced96632b6eda661a84c6d1a7104e504b9fc44d44d654a9,0x000000000a40fe86fef62813dc957194e76fbd1452f02a8b5d9708bb613957634c720497e500415bdc3c92cc5f21c43e36ffa6b53b2b2a981e925dd7a466d1f7c4bf9ad53cbbc7eb3542437027066f59866e3b769eec5daad377c8cee175afc67fe12948e19711759d679d00fb575976450dc0169cc38c0f1aa3347c9bc9b3d6,0x000000005e9bb6c8c411f53dd26a144e2a7c42e4bb883d9b0cc65aaca7737f930380c791022915475dfe7337ad152d36a032f0cd77fd541670a025dbc4a32f677aee9a2ec45af5f2d82e6941824c576575e9a53ebc3b22dbfaff5b689d2d76181e9a3ebb38ffeea6b16a8dcd17e9786afe1320ec10d84d8c18d8b029a74d6eaa
begin,2,421,242,1566377599,20,1024,8,0x000000007fffffffffffffffffffffffffffffffffffffffffffffffffffffffffffffffffffffffffffffffffffffffffffffffffffffffffffffffffffffffffffffffffffffffffffffffffffffffffffffffffffffffffffffffffffffffffffffffffffffffffffffffffffffffffffffffffffffffffffffffffffffff,0x000000006e3d00025c80ba0a0d51e02c504564ddaaf52db35c2f5ee4ee07cab5d03ca92e7190d3d80315c44db999db46facafd8773589be59939c5a51885cb465fa0fd759274c7e0199e482e7a8093c4df5ba8809ce68c3c2e7156ae1813a89eb109741690e31addd073906bfae268e5f414bae4af097b73e68edb67c93f8ae2,0x00000000682c1cb23f6caab11feb272dea14eb63f33f1a23fbf660cb02c0f7cd5e5ba3fd94cc3b5bdc69c85e8625f41ccbffebd8b4eab048af1f0d0c00cc34516b89e546cf2fdd0f9f1d0ca84f44c0a5021cc6483984a3131a6f089b6d4db6af82248ce9faf195081774a4031d7e7c9d1e27ba5ed13f77ead6eb3a0fba0023cf,0x00000000750efc2a07f2daaf765a2c0ac740976e889b73b05b62474228e0f96ab8f471fe0a7fe71a5bdd881618a7312c49655df95f3255850dedee1e84885020f3f0c7e88e031fcdf8322c2e7b900af6d1849f37b9d2b4837bc253d610bbdab52ae6bda90425626bfca9f0f054c827c9005657116c80f7fe15e44c3ec79dc5cc,0x0000000046c1540d20fae9b9e8402022518e9872a4b872d41d358a1980e63d7b3fb9ea8bca417163d83e3ace2c2e73c0b1cff33bf9a3f334b4e55c8688f805d61223fd65febd2b249f86bd5ef0296a22becbd41e6b0ce9ab4ca7ee88fbcecd536e7ddc1ede99adcfbdc11e107535ea5a8592f0b5168c5975e623d1d52e5ce67c
begin,2,421,242,1566377599,21,1024,8,0x000000007fffffffffffffffffffffffffffffffffffffffffffffffffffffffffffffffffffffffffffffffffffffffffffffffffffffffffffffffffffffffffffffffffffffffffffffffffffffffffffffffffffffffffffffffffffffffffffffffffffffffffffffffffffffffffffffffffffffffffffffffffffffff,0x000000002fcded408e920e4fe4dc958e6b69abba1415e34a0e21aa2f94b0c21ff4b1612b336bd02e3c1ab64a5ad40f40e521b2f46ad31b0fb54909fa66a44bcc181349eb4a20535100d03509989176deda80aae1c9cb8fd71d4a6a2f3c0374e678c62cc0f1f04d78cec26bc0265894c06dedf8d5a7b0faaf9f7aaab0e29eaaa9,0x000000001276c76bdeafdf34ff3021ac940bfd62094b39c5f83530c780e21837673d28d69fd14a329213f4869dd0da054f4b911fe9821d145209d408746626b616da9d61f1d0cb9cc93c4c7a386024b2529e9a39291dc42a14d11691066cc4dc33112cc838aebacbf488db867fb857bfb154d8a863973509123d4e7937e7c88d,0x000000005ff43cd7ab2fd1634c3205905e9896c93b8330cfa2c8dfae95ca1f957d2f84ec150c93b0cc8b59c83b9eb6720d8562c04aeb548f43bbc8f0559e37360ae450b1dccf8e7abe7ccd6bde6bb1df7aac8cc390f7c8e0fb57e61d1b83b9e355ca81a2bf9d9f4523395219075e6735e547ff6c0da42413ad5575d961b636ee,0x000000003f95b0f7ef02ead813679b7f5716bde135cc5cbe1c6fe57ea5a0eef6520b8b8c4a84160a1597c21bc55a41b8fe2be321d8f0dc583817ba995fbe5f6f4462cc2ccf7e893df06ed52f4b4c5575b9fcfb9330c63d06726b71388c0da81b758513169f62e0ef38d011a8cb05e6dcdf3b4ebb410a9a7bebdbfcfe5fa883e9
begin,2,421,242,1566377599,22,1024,8,0x000000007fffffffffffffffffffffffffffffffffffffffffffffffffffffffffffffffffffffffffffffffffffffffffffffffffffffffffffffffffffffffffffffffffffffffffffffffffffffffffffffffffffffffffffffffffffffffffffffffffffffffffffffffffffffffffffffffffffffffffffffffffffffff,0x000000007cbd54a25d5e66b5a9adbc21c41ab76cfa09c8e719dca47e005c8ed5157b8e4d52dbc19c62931c8c7ca2da269adb57febe36fb5e66b089a160f69db14841defe65a4e3974962ab27b731f99fbaa275383b9c608d2b186f985f985110941ed9744aaf9ba1d8788e68a3ce91de995ffe14904e11f5719eee3df3d251b2,0x000000003892b4236bda0c04cb28744339b94e47d35a85911b7abfa74108a2179a612a7f61b4bf972e8c9c074ccc26de04c9178014096b3d1dbc3cf1c3211f1172c6ea9f3a5d12eec188e9097e5977ffc3d8016035216e20c00477d8057f5ced10b92dadfbae1bba3e9f6a315320d2baabfa111a6edcfc5512be32c0b94ec4f7,0x00000000360a69ec4412c7a28e098e66351042e4b6f7c1d5500464359275c3c3127a6f0ec2b667dae9fddbd11074b4cb33fbdaf5c26c0143f4c5ed4573f7aff6b4391b9fc7d1a9be79c58fca3267c97c21830c218421d8021c11762aad8abc8e7591aff751c7f053d9e501856d02ddfe7c7bcb1db01a96e5cba20d31e6053577,0x000000006507c6e5998cca6d14689bef4f64f3090abed02ad534a0e80c3ac0ffd2d4b14f585520e87f9a77a79aebb09b8d983f27def368bf10cc43322e4a46fb0f13664328dd4021f0ab97889bd21057d16aa9dac21c906b267e68001a016f7674863795135604b98d72209b0f40e18ed3c7f0f8acbd28a9803a8e6cbb803c27
begin,2,421,242,1566377599,23,1024,8,0x000000007fffffffffffffffffffffffffffffffffffffffffffffffffffffffffffffffffffffffffffffffffffffffffffffffffffffffffffffffffffffffffffffffffffffffffffffffffffffffffffffffffffffffffffffffffffffffffffffffffffffffffffffffffffffffffffffffffffffffffffffffffffffff,0x000000003e6dedf7d507c31d1da9e2b7eeb0a05c2a20164fb30d5a134a0830ec6f1d85852d38c50fc25deb0aaf0ab98bbc0581db7a386dc5603c5759d2f3aa22ad08b9d744d0f209605fffec15499ccee0b08329fc2169d6f753ab0301ba1998440adf54b52b83efb5d824cd97b8e1d764e7bf679193cd2e7b3f0c4990756fa1,0x0000000022e7824e24ee281ca79f5bec11f9aa83988931f607d7583d9de0810d6807116f1bf965552c48cd8e28f99933dcaf552e0cbd5fe57c0761f0fd8127304f2a146b78c2a3bcb294cb3c6536201bfd793e8093fe9e0903883634e1efdb564407e0fd43edee5ba6faa1d4df1073f18d9ec200d92c3ea19cd4282860e03a43,0x00000000720e3de7d9381fe0340c3814c99ce8baf87ba0de922e429de9151e3a56abc43669298cb4e8a8d4293c21e259a426b9f27b69b980337b59ced1e3d07759d5d3fe702f66d4a861b1a84fd6df7edfc1f86fdf07495ceddca5eb9a6db8eb56951d9577edd83b4531fd14a30467e88e33778211387c67a1fd9468c68d498d,0x000000005b1ab0c2fe1bda2ec08d6caaaea34bd7ee6cc28a838132efa6e530d588d1594887d3c1e6520821ab099796173d398909fcc9772a6c97899605fbce4df7897651f188845f9691b5c3d8b7199b8cd65249c27f51d8180023bb77fd896461bf2a0de4e63cdb66ecf657c0e9d1ae7c087f094a098c478a867921bfe3c8a8
begin,2,421,242,1566377599,24,1024,8,0x000000007fffffffffffffffffffffffffffffffffffffffffffffffffffffffffffffffffffffffffffffffffffffffffffffffffffffffffffffffffffffffffffffffffffffffffffffffffffffffffffffffffffffffffffffffffffffffffffffffffffffffffffffffffffffffffffffffffffffffffffffffffffffff,0x000000002994da59db27563854e789aed5fb2c11eb3b242539b1f97cb22e06b08768acf16d5db29ed12c6ddd3663493b53c0e9d84a5c1024f8b63ea310a9eecd7630caee8298078c69dd82e5cacef4c5f70c342a40c53c82a455633efcb7ff9a873f10db12f05090c1154edf472aa9dc5c4ac1197918705a2425d44aeacafe7f,0x00000000571347d126634237600007a03d001857e14614693162ddaff4b28e24a666ee25c3b92e35340ace30e94d63c50f943dd6a6bed1069977c17efcadb44e7c013ef11e8c29adc9c8003a7afda8e80ddd00ea1616795b2a10c7b6d3d7f288d036ea2783789744b7a3c5d163a1c5068611b2ce41a82be54d0f63ed598718ce,0x0000000038ad80b61355cbcf4105dd4dfd6dfc457f3a9e3221b082421e279bf6035c3c50f24a67ceb6803324aafbdd7eb1deec1ad122726fd70823237d4770857b59a3c7216eeab3fe542770d82a75646bbf783f355149b58a47ed3df912c6905e4c5430d188bbf2d36a2f19d7fc6631f54eaa79d1cee359f20168c97f3fa224,0x000000007e82a96b9d599ca43b5f03c08e880892f285d5b69dfa5f725de82d923e2374bd1ff0f6fb8d2834f6b537864c3b8fa87644b3cc872f9b6694f2cb5929032026829db7b7740b76014962532c10d40289918da2c4cb7a1e5e4c19f4a3df0c9840b009b8834b0bd56b45c50d2dc813305550e325dc120fc52f72b8860a66
begin,2,421,242,1566377599,25,1024,8,0x000000007fffffffffffffffffffffffffffffffffffffffffffffffffffffffffffffffffffffffffffffffffffffffffffffffffffffffffffffffffffffffffffffffffffffffffffffffffffffffffffffffffffffffffffffffffffffffffffffffffffffffffffffffffffffffffffffffffffffffffffffffffffffff,0x000000003f6d047685d5043bc24fd9ab3cf3072c210cdf641b13b291e7127f390383dcfa3de499f99e33b9b07810916aa333a882954413eb570fb3a07766a15d3d7ed238d2262801231e888d2edc6f65252dc8d93897d3e9abe4818b354d9585263aff23dbd3d38ba596daf7f86b4d2728e9e4f4d72c9a262bce94652cdc80b8,0x000000000351408d637db6a0fa59b3301ce319e4bcb720ca718166b192de10f43a5dcdd13d6692e6b00d8bac8c66be16acdd05ab4d36d0b679263d0eaf04091c1137870d65b93478fdd6803502ddc9b61ab2f5d9b9c60f5b3c6751e51a65c3313dc7acace82460ccd5c96888732e88e990a59052df9fa23a1d6d7965ef778bc4,0x000000001fba8b46ea8d9fc1adc68ed72b2f0cecce50ff4081e3f144684a3ffb1a016ee98c3a6ff51f0d19fc2c5d9b17bc1c160511457fe240900199bf99f2b8f6dc606888e1449c95f10d0923ef7d808edcb5b81e9f62a96c45a601ae99fdd40842f2e275ccd267fd6b41e2ec7ff03a82e365f4ee7e8d99b9d891f5a337a78d,0x00000000045c2ad8bd36be3828d8cf0d0f1c574fc55863f7e40b4e060c596e9c747ce1319de79964d0f4a8b58b863937c007c62cc172e5aedc441e8af6baf8efe06f70838342f5016c0eb4e4d0e6453a627b3d4b26dd678ef0a6ab6a2b7cac98481c2e6f7facea1bc5717501e5c42b5df5cf9b6d50d52b3b8833bcc5bdce2a70
begin,2,421,242,1566377599,26,1024,8,0x000000007fffffffffffffffffffffffffffffffffffffffffffffffffffffffffffffffffffffffffffffffffffffffffffffffffffffffffffffffffffffffffffffffffffffffffffffffffffffffffffffffffffffffffffffffffffffffffffffffffffffffffffffffffffffffffffffffffffffffffffffffffffffff,0x000000002763ab9e2092c20a9598ef4905f81b526c1537f9023c801b2f59c35ec94dff511be76262ffc34840ad5687cdb8755225b49655870772da127bafc740c18b72f05bc4817cb16d015f564148aece1e9de33a2b9bfb35ccac2101317ff0f4449373ac26000a6d0b1c15bf64bafc2c8f8806272e77e1c540e4d72cfe2447,0x0000000018b608bf91bbee8f8421152467ebf3fb4533047e9b536d5cffa152a179b07bd020727126cd649606594b6af9594e00db5c098681645e973fe964d9acd508857ef3c00df4b484806c66415a284ad1879a366ef26f5aebd21e12eac9d18d1e1f8d36e3c499b6999a4ae92fe746d41096480426efd69cb396a67650f23c,0x00000000415433e89687e678d0e9f1c3385201d3e7f761aa12ec8c3e4c64f90014891519ed5ea45d18f866cfca2df2a6452b4f913286d9e0a689414a9390e8c282c1e376df03bf487a116aa621cb3873e86825357d536c52c36974ed37c71b23472106e63e09ccb3c2290528030180169694ae5acf36caeb43a0e845dea749a1,0x000000002a007316122038defe98d674507388b57d38588db3e4649ec9197c8d7cf845238619aa616aef193433f556355d105edd5dce95d890315b398ec87674875d34aec321334797c7cf2b5c9cfdea050d88c44970b5f0947561430c256c83a3c66037eecd335967b97ad286570ce53534df94ec68e0225a179ac0db2175fe
begin,2,421,242,1566377599,27,1024,8,0x000000007fffffffffffffffffffffffffffffffffffffffffffffffffffffffffffffffffffffffffffffffffffffffffffffffffffffffffffffffffffffffffffffffffffffffffffffffffffffffffffffffffffffffffffffffffffffffffffffffffffffffffffffffffffffffffffffffffffffffffffffffffffffff,0x000000006ef76f6f1ab52b331febd716b266819c2e1ff4cc284f341c8e215c8fbc63469ef106619e4716735cc4207ca2184474c49fa5b037e4b5f6309a0767af2694a6b7d73b4f920f54e4bd632bef044c975e391d4fee0d5d9c6b6fd7b955bfe0b6b72a8a25d98d9dc50ff744b10bf766ef7a847ca01bcf9ea20a036dcf8102,0x000000007e802c7feb801e4c1b21f5e623e74fa802f369d8b92add0a89902e1e16c46725a1e4546bda766b92d46d668783da1d0751b3272e52eae206ba809188567edf0447c2264066608f12e25c90f8914c150aa052177a10f1d1e3339848fab7db7d37a81a205986eaac1ce159f789ad5e448b1d210b689198778528ab5f9a,0x000000006fb5caf890acc431b5435996c90c8bf00190619f21302cba0816111af7dd6383aad03778f797256066c77c650a4d2c0f25babae3affde49e60d3e636417ff197d2ceded433c27249499bd00ca6120eaab51ff343f03eb7ca0dda2df234259e576d5d7e5aa16148e1670b48d010fbd418c2ea0930bc831cc0e0544261,0x000000007e8b0531705440995b71836d2561124c5ba3100902397f87d2af0bd00fc98b46dc5197de1f1ee72f5af9133b4acb59ae54dcbd964012c2a60eac7851f319a94965ad3813d87b61b254d277429d1ea75cafa55a9306f980e6547933ff86e5eb2b9c47ce4aa70f34349f1813e5c91063f7ae813f0a810a394f667ff3e1
begin,2,421,242,1566377599,28,1024,8,0x000000007fffffffffffffffffffffffffffffffffffffffffffffffffffffffffffffffffffffffffffffffffffffffffffffffffffffffffffffffffffffffffffffffffffffffffffffffffffffffffffffffffffffffffffffffffffffffffffffffffffffffffffffffffffffffffffffffffffffffffffffffffffffff,0x00000000156173022feaf702c66369211da525ed848c1f2e8bc7828ea99ac4c5f47a768064874137dd5b690e9e7d73e18853dae1317bcf8114b66466f3acd2faf158893cf9a88fe470d9ec5f0d5bd4d15cc71af6b6ec120261acb3a88d7c53196cacf87fef36e3f74c562367e6f505556b2526a1417f20e563abfebc8aed388b,0x0000000071a2acf0d80cfa61f889f1863da34adfd09a07e9a44c94756ec349f6edb7059db01e0798b7919cd698137f1986c116b0b84b1830d5cecbfbf9df0bfc3822f079e6572231c39e98efc808fb59fc15aaecedef64b39f1106cbb79f92b51dc0f7b2e7ea30dc223f1e77c5edda3f104b00897d836d7a7a71e51fcb23d392,0x000000004cf06a99e2616bb7eacf27329626b0fd3271fbadee4fb0c15d3350f0b3fce1d5f063df867d0832097258be0d0e8e4c747bf825acef66a50234d3440e4d267cab46c0a2afbf31609e411fef9b6aa7f0e2deb994f47509393c07c6e9ffd8db5b79bb4cad95d0a771168e3f983ae67bd23dde91e9d10d17e8fa3d0894ca,0x00000000095be545c1758172951a610002d11f429d7fa732dec024d84efc6db2b7d6059389e7ae046dead33209de9fd39a8f63659ee125cbd71663dd73b50e9fbe3a25011dbf55d7a1fab9758487948c463c1036aee57080868a6507b6cdfe508e33bddf45abb1a85d4d542c41eb867e68425726714d9aee6fa2f43c8170a2f2
begin,2,421,242,1566377599,29,1024,8,0x000000007fffffffffffffffffffffffffffffffffffffffffffffffffffffffffffffffffffffffffffffffffffffffffffffffffffffffffffffffffffffffffffffffffffffffffffffffffffffffffffffffffffffffffffffffffffffffffffffffffffffffffffffffffffffffffffffffffffffffffffffffffffffff,0x000000005a83054d4e12c623165ccdf1f7e72670c2f2622663eefc003ecabcf95262df349e01bafee883a519553d0664d994528379d55fbd4d41709fc98f6172db17ddaed9a176ca0afb8e75ec5c1653afca21f0c7c6c5461bee8d3ade0ba0bc6567c75c8ee629fdafb6a684d4056d63277b9ab12344160c1c09855dc4b0240b,0x000000004737bfb2af6319881e4d500a00edb2858f198870ba4b90d157fb1b93c99f1c6e972fd7b95e9851e2b898240fa80f974c42f5555213c9947049f24da77adf8b02218e33728b8a5dcd680fbb58e86066932a8d4f008b83005bc42077f6fb5c9dfd79a561acbf86ee14c92ea78b2ee90c460b6800099d0ca2990318f1ed,0x0000000037fc6cd36485f4b1fd3b09fb72d6dd113ef9c09fea76a7e0d9c5c93003fc63aac872c649f2050c60835d774a69f471d8073b70639056594f827d6d0140450928acb3a494192988503da999b1d3a03866475b506fcbc7be0eedfb75cdf700a44a4ad847c2dae369d74c7cb32a489127ac023c0395f1f0c68d4af3a837,0x0000000027ed46c054d160df822cd33d6fa6a236f4cac2a9e7294bb990f70e605418f82922b571eaa250e1caa6390f8b08a5d30b0b0c4bd820aa59a17f3f2d0befe4acb263bf2d458b112229404616e0c3666be2dfb6a5bd021b90c2897ced1686dfbf8b19df696dfd038df5444d4c9bcb81ba86cf205c9541e635c277ef921a
begin,2,421,242,1566377599,30,1024,8,0x000000007fffffffffffffffffffffffffffffffffffffffffffffffffffffffffffffffffffffffffffffffffffffffffffffffffffffffffffffffffffffffffffffffffffffffffffffffffffffffffffffffffffffffffffffffffffffffffffffffffffffffffffffffffffffffffffffffffffffffffffffffffffffff,0x000000005366028ea3d352ae8d18d8a09e23cfb94a973d09ceec026778851d47c434f29a200eb7a1978f11cb5573765d4153fc10c1fe15aee2c6b17125504d62837d513bf8f84e653e0710c98df41a3bf221e8772b842d43fa74e988cecf0096862cf7650eb1a7ec5b599ca629ea462ddb6709a0ac6419947da90a15f8256292,0x000000005d80ccb64d54e964acd53f0b36c21bc302831cde0296f76894285b8800abe5e3c548ed3af92c565cc4ab7c21ee7d598c4e53acfc0dc16abf5c421bc9df242a519cbb5caa12000e1d09d5831ada295d7496bb78842870d67a5473fea1f998f9bd2a1c0160390d6d74784303ca06a85e0d39ed0ebca314bb0105524095,0x000000002fb59d8695d0e3aa9a505637f28977dc7a0767fcbd4c686e96b3dc285d5850205499fa4d59c04f5b57ab9c92ad4e0ac61b157700c0acb33da79e687e38787aa83a5f813bf6f4e8014c41195e0105b1c385b4a05e27f29853b88d096375d3b50d46723bf9c8a2f2f671c4538871c0d5048e9ce529fa340a192fab429d,0x000000002196c3c7e6b802e5659343c3a9ec9103775d26fa76517a5b9d137a8e837329a369244144848a01d252d3cdad44410753f247bee70496bc07d0bdd20e1cb4bec6795eee82e1a8caad3e34e986641afe41b7c5cabdba82896010b688a7de20c6629468c5c6bb0f009f390fee6f9d133ac5e26b4f8d5faabd849071df26
begin,2,421,242,1566377599,31,1024,8,0x000000007fffffffffffffffffffffffffffffffffffffffffffffffffffffffffffffffffffffffffffffffffffffffffffffffffffffffffffffffffffffffffffffffffffffffffffffffffffffffffffffffffffffffffffffffffffffffffffffffffffffffffffffffffffffffffffffffffffffffffffffffffffffff,0x000000004e030e9ba3fd60f5013744b82a53a42cf9887e6b429995941b2d87622b512fdc3bb277e01290da60b7905f4cb9481dd1ab87286e17ac2b0cfaccffede9d26587a189540403a428f5b8eb77441330d8e4de24202685fc2f6ac7693f2ae8fe0363b3e1906235b74cd7bb2da5b0f6aa140c97a3614bc9db30e521f615c5,0x0000000038ac13130db4ca31bf36b132b84339e459c33b21744dc6e230401065815a5d2997879ecc388edaf5045069aebf08484f0887280914957d7558fff1554e3004685a2b7312c947e7bc05c4e74488bd23d215d9969cddb57b4416c60141a06d47205f2ffc3beb28420a23cd33120a6ce3ed113cbde3b78be60b04125b4a,0x0000000018a83919f445ca1aa7c1e82d25f7bb524889e16a70377bded5956e54a62d395fce6108ff80863c05d3b6d4a6ed5e8addd9e2edea2a5c061c518282055f25d90d5ce82cf9dcfd191fca83046c73c88db20bde261d0c3acc4afd420c7c19f7487f3b27a39c3b883c8d5596c245de4f8e7c5163964500b38a71e5675105,0x000000007ce09feb451b1d1c92ea47063a95a297dc2a17991b0247fe023c99bc851192c799ff9d3d2e01c7460edea80be8ff9fb989e3d300f6e07c9a9724e5ad59c3dd0ee6305d4012cb289a75b1584069217295c46857466d05299e1eddc0cc8c06307556b302679efff9d94957810ea25136790f93153865aa9b160ef5102d
end,3,663,242,1566377599,0,1024,8,0x000000007fffffffffffffffffffffffffffffffffffffffffffffffffffffffffffffffffffffffffffffffffffffffffffffffffffffffffffffffffffffffffffffffffffffffffffffffffffffffffffffffffffffffffffffffffffffffffffffffffffffffffffffffffffffffffffffffffffffffffffffffffffffff,0x0000000035840777bdb56dd582742d74d8c2a57decf581d29d188e729e69ca9fa3ebfea02ae431e38b221117307ac400919bb03b7fddb0f150fb510b5d31f176070f710a170f7247191a5d1c542b013ed3134f77e8c29b320df23890f4c80977303590336b96f01eac03fb731b5e78669baec8c80be4a966318cb06a3d81d242,0x000000003b7db7a155ae963d78d92fa4638100b859724181543f367d65379416a37244f2072c16041dfd3966443c0e1eddd6e684956ed0416ead84e0f609134a58f70ba4558bad3400299170e3debf80f3c7771d717f7ad1d47bc0593b6ab87b77211566388287745284897ec6c3be4461c93e7140daf6b43155aba7a4cf7fa4,0x00000000771b7ced41fc1125e483d96fa30076895aa3d615e26e856ebc3b31729e649bea84785677cd9b7eb951d43312d96afe197a5e75cdd3526e6963dd4d9d586be4aa36de0dc093b37eee5f92fc59a9056d197268cb2830e8942902de624bc2cc938709b58c13b875d0fd5a3aca23aefbf6b51e847a0f464f24879596259f,0x000000007a4f6740ebd455e388efca75a9d14ad7548f4af15e7afe7372a214fbf19c75701d783f22ff40a68cfe3e18bcadb31f932cd8b02c1e2d0ed2ca9cd3c49f80a18bb8391e16242a9466f4c1396e6cd77a5057ca599a725b0900271ff0ada8f0b31f04a8c5219120647ce2df5584312f57a197142371351a98187387fde4
end,3,663,242,1566377599,1,1024,8,0x000000007fffffffffffffffffffffffffffffffffffffffffffffffffffffffffffffffffffffffffffffffffffffffffffffffffffffffffffffffffffffffffffffffffffffffffffffffffffffffffffffffffffffffffffffffffffffffffffffffffffffffffffffffffffffffffffffffffffffffffffffffffffffff,0x000000005ecc0fc4a50ab6bef2d97fed5aa228f131a70c36b5b9bda90ed5eb5236684fd1a5eb4ea4176f18c783cd769d762c7615cd1d082cff8331172be199677a5fb6abdba5b797120b7fdc916a2006996af5633c7d8917330df5f2996e4d2c5aed88cd4e0c394fa2d24416dd1d4c057741bdb515b15daa8062586b7388968c,0x0000000063c5bd19a64f0b54e00032c3fc40e24e1060fca565116d6785577f87f06873fcd3feb9fafc926bdc512f76786dacc32d8c54bb3620c88a2e3a96742af266f015378a5d86a13f353cbb13bbe80866fd4ebff2a0f456d36764bad4159aed61273edb41136c921245bfb4fd3f0464abaf09af1067762a0b37f5bdf78e7b,0x000000002119145872bffd2217f629ecd29e39308c69c762bb2a0b0d725db6f7caa58ddf5c5bc80ba8628ebc4bd659aeba4f27746371b136863d3cc4fae152794ffd28e680caf34f18015a792bcf48b778a01f70383ebb3fed5a19e3fb4f8fb8116ce47a42fa7eba80d48c8ef31877ef09421626486d71de99c0f91db5e1208d,0x000000004d871d097a2dafe2cad8af6685712fe903c296ccdba1f7fffcba0c06971471a52c3508bf4b2d3836355f008788716abd9aad0da9b48c277467473671811dd3c174eeda303622acb9c622598024969e3852784d2da602c0cd4ff32ac666b6bed5bb75c8ce086384c6cf4ce18e452597f43a80bba30084d9c424998f4f
end,3,663,242,1566377599,2,1024,8,0x000000007fffffffffffffffffffffffffffffffffffffffffffffffffffffffffffffffffffffffffffffffffffffffffffffffffffffffffffffffffffffffffffffffffffffffffffffffffffffffffffffffffffffffffffffffffffffffffffffffffffffffffffffffffffffffffffffffffffffffffffffffffffffff,0x00000000477d069125021f43bbe98e59bbad8eb7418541f034dd67e63498cbcf1e86d1ba8ae350e01cbb647807e538f8781d19a96477b45acbd10be1a6067033cb65c23f952e7ce88aa875095b0f3bf609b742de4b5deafcdc1cefff3328cee146ba459287d08a6ea45e1fb89ed53ee5cc147929373d9f8ed5644022c9be1b23,0x00000000719f8eef9832ea9ece67fc2e848c30b145c4e5784f8837a4ce4179692e5c89e542f0db6aa096b3f22134594ecd1a84b3c025c834f7801098d16d3971aa205b9d4b387d3a3c90076d8dbc23902e54a34cb5e0213d8bde1ffd66c42c5681cbec9d219cd8ba0f7474f7011b3448859e675f2e8af39dc2c8f6d6af1d3d91,0x000000007e34086ef2852308c4756efe285f8036b3c7f90c7b69fc51be87fdf06f04063f8a130dcf03680a531df6b4ed4960fefc3fa235ca4e3c9712a815332fa5f4b5b2b89dcf45a773b7b3c0dba42bdc3e21595a1d53fdad0b3192092bf39493073ee156dd4bba7e710a1e8cddfd09ef9ca9814724432dcc8350d5aaaedff2,0x000000002206e081807c2fe6860805cb03445cbb065c2f618ca0a77d4e5b626369a71ed537c2cc3a9a93764cb93bd62c36a1b628a18d755db1092e9e51d26c1700313ddc6581dca4e2803199ba45869ad93909153d6c0778692908cf5044c13b4cbbbb826c524f0fd332a45e771c1a64672c55aec24796ce34e263e610e7c9b8
end,3,663,242,1566377599,3,1024,8,0x000000007fffffffffffffffffffffffffffffffffffffffffffffffffffffffffffffffffffffffffffffffffffffffffffffffffffffffffffffffffffffffffffffffffffffffffffffffffffffffffffffffffffffffffffffffffffffffffffffffffffffffffffffffffffffffffffffffffffffffffffffffffffffff,0x0000000030a0469dbaee13a69f434d73fe0f89430f6278a40d60ce3d3eb522f3e2751eacdd83b1a38f591affb9bffcd1b0959438877e197d1e23867982aeae9d50c078bc87518ee31fd5461bff524019659288fc06c87032fc754f6d8a5df70ae591d86477029813ec2372c0332ae518da9a3204483f48dbe310515981942cad,0x00000000315d3d91d19d4b082bd3c4e4f602a99505784ea114c806917095e3b3b82cdc68774c6b7f067f7e2aa0d371ac84e094c41b4cc53e08d2835dd2069cb23d6b39b836e60729a591509be5e4099eb98967b59b2af089608d2e3eaac785901fcd3b83309c877bc12469669dcb3b9a8f46390c2daba7490ab8f3d64c9df5c3,0x00000000214597396a73bf5cbf36a8781628a12d1dc55a9dbcf694d8d5c41e8408189be386898ec787044dbba254f538ab489df9ea2bb346d9848f929d978af6bf61c2a3dff369995ee5c6f73b1a08a5ca3fc24519b2a4bcb1d7494f8a208ff0d0326e463f978d0960bcc3ce2c2dd2b7ce189919df801ef3900c0a3ae25bddb6,0x0000000001a51d44a6a0db2b225414e9f2f79f0f676a7a70b36c72eedd4df85eb4c7b6782c0627e81ab2ac8b97e2fe73b30963f41a22261691181e297634aa898a9372f43c57452343bf924b6b9c04a0c36f7bdef5400164ecab54c10fa4abb33f001968cf382383ceded5f4b42fdf0d7a5fff95d20f3015c264c7b16a0890eb
end,3,663,242,1566377599,4,1024,8,0x000000007fffffffffffffffffffffffffffffffffffffffffffffffffffffffffffffffffffffffffffffffffffffffffffffffffffffffffffffffffffffffffffffffffffffffffffffffffffffffffffffffffffffffffffffffffffffffffffffffffffffffffffffffffffffffffffffffffffffffffffffffffffffff,0x000000003e3396e201c126856056948484cad6576e762300f83858d26875cc0626277a1551f09ca5ee743958365a5f7de255c4a7445538f7901c9b26f5e5118e4f660e5748780f15a4c9f09acf83c9e744a43039729f8a563b1ff0c9844f12ab921f38199b34f482a93c774caad5f5e3e1da11c9f1392abf3699dff8222391f1,0x000000002466a112ee0bdfd2ba2600b623d26e397ce9d107b1bc93ce7d9ee04fd30c0a99917bc0c458ce65a21549366caf4eec820979b38683ccccee039fa589bd13f9548611f695aa23dc0e65cbcd8a970205ac9425f7f66b5cfeae285e6d1083c3b5df5b34602a7b4c08ae930a50a6cf7cacbcef10c193cadd80fad9f61706,0x00000000660bbf94fd9aa482012aa6554bdd216698b41e6f31f33be4c36e53ad915e6651ea2c44d7eb0c6a7e05794ba2ccde0dad4c946c9c39dc45e803b22e7f822540dea0ebba7c169a3d1a768ad3137ad2b460f44c58df2e6acfff9bc479aab628356f549ba2872892afaae9e3cc51511b87bcb9648627f3603aee614a865d,0x00000000202447bef4d41e415c7c87d36f15a279f98b9befddc6830b35e74548185b69a24d87c1e0f370c64f16570cd53fdcb712be642da88c474ef137a2e97af1ec754158f00e5065644539218960c17bd9befe7081bae5df1a8d3853e67bf6436a1b9c3cf341523168005560ee0bd4612142588f6f9f078bdee67c9ce8dc60
end,3,663,242,1566377599,5,1024,8,0x000000007fffffffffffffffffffffffffffffffffffffffffffffffffffffffffffffffffffffffffffffffffffffffffffffffffffffffffffffffffffffffffffffffffffffffffffffffffffffffffffffffffffffffffffffffffffffffffffffffffffffffffffffffffffffffffffffffffffffffffffffffffffffff,0x000000005d3f53fe29265b106939c8e10612d77f26ea62e88885655de7beb90a8e0de477d55731f845ebe4ac5fbadacb42a04d215aa3276593a9e23a6a8aacb05c107cdff7d31c9b63901138ebe925680f6482aef14186ca34cb4d01e6b01a617e345cf09a381f0620f7567a3c21ec21aef42d611824c2af913cc96c043f02b9,0x000000007e7d0c3a6447a1422149f11f3444d1c21860d151e1ddad2307b624f6499605df84b63428bc6f63c79f3f096a611360e0b32f3c00d773733ffec010706a1f97932a24d5da8ddf185119cca65f163b2b95d464455391d213a603e98fdc705a066dab248f90091f901c0a21cbea1fb6ff8179f5b2ecc72e6570bd79f76e,0x00000000624c7b75bc188669e46903aeabf2afe9d8bd9ef645f844fd16cb1a81a8d2461c20dc79bc7b812e1e784076a613469d6f5e0d9567148a9e6aae447e2cedf9ad5800da369c219bb061653bd525f633dcf380ea0fae4e8f274a31f63561ff499ba2d46964fc72a894f06bf9c6a20cedf3b6a0e9ccb91ee47b60424aa119,0x000000004e4a230a66e0a96b332809338b643668328886b2a646b7becf622fa34940264481bb4f751fbfbdef8e5ee5e579fee2e525f10ccf503724f26940ce0c1b78800022da0d0f90f961a05d6febb90e4a81d1daaddb51d34d9b3748396fc9cbee61b7fc29fcb536b6bce5a266c9659675a7e54a4dfc78fbdd13204e469fb6
end,3,663,242,1566377599,6,1024,8,0x000000007fffffffffffffffffffffffffffffffffffffffffffffffffffffffffffffffffffffffffffffffffffffffffffffffffffffffffffffffffffffffffffffffffffffffffffffffffffffffffffffffffffffffffffffffffffffffffffffffffffffffffffffffffffffffffffffffffffffffffffffffffffffff,0x000000004c5c4ac1db03a870864ec414e917b90ff7bd6e0ff6378a5238a797f7854dd1bceb5e0d7ecab9bddf46a2581d8bdaeed892ce72c0010d477d30fe0513e63da9b03742cc0c34a5f5f3c3ee27125fa45dcba70521563f024904b91908d5d1c3d3b23967ba9ab77001aa66c71b03e397ea5a56dc107c84841f0bdf684d0d,0x0000000016cc81b57aa2f9b31bec5fcf02a86094e5ff83cb335496e782f9c587d3f1b3e55a4400957ce516a8d527a92fa2059fe9766c2f16cf93c9646dea91837c8de18db7a33331de8b9133d3441c2c640797e42f4333aeca453e487fbf1825401954d258e33d46f2d840608bfe1fb4fafe983bc6c2328758acd3b2185cd2e8,0x00000000791e24cd441896ceae2da1a14741e003d7a176c7de024beb6788275fe9b54e98bf099ea30912ccbd7b754980369675cd23e5384417a634ee5ab8cf7a10f7c58fe5e2e55183f19555a7a5d52a133d6ce80b1e6681cfbdd9c406b0aa1d44219c08f53ac9d7d9e682f01087f6314adaa68463846df5efa2518f593f64b3,0x000000004cd90cab26eb1eca6a65f9270e83cfbe957dea9c06d8dd95f7d0e6c9120cdfcd4fc210ff9466ac496e97047b0653538beeb9b13a408b55c301bee222822770d396d64d036853da584371cd26a86a89e27ce048327a7cb0fd8d344b4104aecd764a1bc8cfe0f1d811f9f950458ad05b9c70e3f6fb5e45156d47f9fa33
end,3,663,242,1566377599,7,1024,8,0x000000007fffffffffffffffffffffffffffffffffffffffffffffffffffffffffffffffffffffffffffffffffffffffffffffffffffffffffffffffffffffffffffffffffffffffffffffffffffffffffffffffffffffffffffffffffffffffffffffffffffffffffffffffffffffffffffffffffffffffffffffffffffffff,0x000000001aa49178341dda102274fb583f003ad1c38b2fc591a4bfd34ac1aba23af4c03877ff69fa7fb1a77cd4823b81a586b9fcc298408a6a84dddff901d74f3516aa643d668546818eabeb63c33f6ac9993c58feb4795bc23a5244bf221fc6af12a2adfe43880d92c085ab578f2283bf77594fe9007c0a7c9bc680ffb545dd,0x000000003567dfc2fd8e5691fa10ccf5d4c3293f3edbf809b73348a257204384d73938330e1aa8f9e11043314922b18e4f8c01b9571e56156d91f97bbe1163a43b99bb66558b2207b0017b5f0a4fe33aa991f8d70703250666f5f8324a395c5d6f818a4fe6efee9ee34fac5b22b7a64caa11f5a06ff951e41b81dae393f11c73,0x000000005d533dade97c1763067bea3e56f37f1f029a59eb4d663bf4c55324280448d37a8d409a9328a7abcf35a837ac90943abeca67b7d3483711961c280772f2d6294c0bd2fb14700f15b270d8d8888512f0b409970e6008b93f85ec68846d5b31c8d3b05866f98ad2f80fcd3f38dca5b43c4aef0546db81bdd06593137edd,0x0000000026641fca0bce358965ba7ad66a2eb0a3a062ce5e18ac7f9f3176d7ff46fef0efa1b76ac0ff23485555ce2eb0609e315aa87af747643cfea2235e78173e1bf84e064a3598218462e513d8c889d878cba6bbeb6c166580d1fbc554891d65e7c00cfc69cf71079ec3a732bed1cf46a0a18a9e87b79d10ffbfb2cecebcb8
end,3,663,242,1566377599,8,1024,8,0x000000007fffffffffffffffffffffffffffffffffffffffffffffffffffffffffffffffffffffffffffffffffffffffffffffffffffffffffffffffffffffffffffffffffffffffffffffffffffffffffffffffffffffffffffffffffffffffffffffffffffffffffffffffffffffffffffffffffffffffffffffffffffffff,0x00000000516b3ea5d04058ac1267785034b08357d4fa489621b81ec2c22c109c87940beb565eb13d851d1b6de62442e7be59f48261492fe68c8be40ae18182cd795ea1440a3cf80933f1a9189ab1057084b7e3329b9467ce98438d15456441df657f2b8c6fc5b83521c3ee18907d6325de6afa8d23332b60ff26338cc4a9f637,0x000000004212fa2e930585e1c3d84eb08b397aff54197b7a42c4db91bb23a42014a11c93d3e1dc81caef554a87a2ed0b8fe5c83e78270cfdb28118db8fd9d32fc807ee9a0a7bb1a71be436fb63206fa0f49f9a64e597583174c009943b9e997f5dd929684d35379199f4474157f47dd20ce203c08061be834762eb2fd23a2b42,0x0000000029317212a383086593e59b9135d569af33d78822b645d2597be2116cd763723aa714a5be392a671a52e9239480cc20d6b3b4c12d1e448b9f06e739c726f6c5429cc1009f39d4305d444d8fa2e13174f11eb08d90f15df5f2fed081446467ca3bda412dab8865147e6a96f8223d80972534b04e5dc1d41370f3edcf20,0x0000000034a26df7fe8cc0f4fb38c35fd8eb792931f3faf89788fddc46b76a30047aaa25d845e299f6e12bb557263d2b82560856625f1e7b60d270abacec30002e9cc1c3d23da8faad8cf709501f4223496a7071b2b96e7b1e37cf1a2466e9227ff769510cb87895ccd901c08cd5a46a328b9c9134896a16435a91f00464e077
end,3,663,242,1566377599,9,1024,8,0x000000007fffffffffffffffffffffffffffffffffffffffffffffffffffffffffffffffffffffffffffffffffffffffffffffffffffffffffffffffffffffffffffffffffffffffffffffffffffffffffffffffffffffffffffffffffffffffffffffffffffffffffffffffffffffffffffffffffffffffffffffffffffffff,0x0000000035eca722688416072cd8e11605baeda76fdb01d299144275539cb096583ddcaf471c4140229d3884de426ca9e4913503308227806c67f7490e8ee79aeaf9eed4e85766f3f5cf1f294fee865a5180ce0a168dd6c556ddcc08b18b53d9d7034fd48d727612cd5a2613d0abbced87c6bee74436ac2c7826461484e31154,0x000000002f613dc609b75efd0529e15ff38473e1c77eff3a1954a58ad96372d7de939e55ffc3a149feabe054b4f5fd7c74c12d3678bce870da9d23b0e623d94da768f0cf90c00951ca7660e8c944ee6ebfc8d90219784190362951699367f7442db65dfc3ef1fb36a1f917d5b9dd27cf53fe223f105910f94dec2c014bcea9bc,0x000000006ff321ab648b892f1a1f2e4b9c3cdf5d83188d6c0937c5aaa63dab0c07ad67e27ba1e30579bc03ae87c9c288b88e31db95fb1a6e91f40a105edb7c15240bbc53fd426397dcf1fb7ba53c94262c0e8f58822a837d65d6be9a00491e51ad8bc0b478527e2f17bdd590455456dc9e4c0f3d2780b7b5115e7fd220026175,0x000000007d5635d2c6381216185b9728a8f48c5b5165340b263c615600beb3e3d7387ad5ac1bd9dc3b3e457e21ed994014d4adccda9109e9d98f0e8b2f28f990bbc8b3b89ec3f41398e043c4090b48c47bcb991227ea3402c05b7fec707f00b7bf7e34852a9e3cf2ca64b28e81bc16c3d13ddfe07cc0030aafe804e1097dc8ae
end,3,663,242,1566377599,10,1024,8,0x000000007fffffffffffffffffffffffffffffffffffffffffffffffffffffffffffffffffffffffffffffffffffffffffffffffffffffffffffffffffffffffffffffffffffffffffffffffffffffffffffffffffffffffffffffffffffffffffffffffffffffffffffffffffffffffffffffffffffffffffffffffffffffff,0x0000000044c089a7642465aa154ac6b0951bde9c09bd2918377e98cdb6ef1ed57a25cbc3d14f6ef42b3af8a8a68a08939d8e79c4ef21514c3c1595e48d836fccd75491b793de32f0deaa9335c697730f2d4114d6fe728ac8a2a5531a877b96775249473321ee7688c0e096e88e5b1ae5fbe55b2c5c7923826b9ef9e3f620998e,0x00000000182fa813d965efed5079f063599cc63ded17a77d173ebae87e6d8d54944455cb7b4df83552b0e46c2ac30ece2e203c7b9e361552914ad8a6ce03e3a683d98e8e7dd3aeea1ff5c779f062b5203b1b4d989e1fa028766c65f37a512e8faf35c83904e445155f03eefdf1166ea0d06a05ec24da5a5eac0490d7aa6c958d,0x000000004d49f2e5cdd5f937e42229fcb063bf1e9fec12ec37ec43c14effed78e8b78cfa040e909b4e7eedf849c8ee729245e3f99f4c0dfaaafa94085b102f44c5440a6249981fa5ef4ce7ecaaee99aacf1013810d627dfec32475b11587fd258d2f0cd96541965f5d60f44b2388dfef92ea9e4024fd958ff4c806e3433cf045,0x0000000027c1bf9d51febba66c8e532bb07f24bcf4a9858508a607f6a5dc16ac6a5113b61b4839d8c3dd8694bb3a3b2ac2f5505aba04ca6478891073e98385063bc0d713e423ee6baeb1067aeb9d10b69561c364ec1d6ef8912abe7395a74a33710da8ba28e7df91faac4c81b9860d022ba86142580ade8d6f563c672432a8f9
end,3,663,242,1566377599,11,1024,8,0x000000007fffffffffffffffffffffffffffffffffffffffffffffffffffffffffffffffffffffffffffffffffffffffffffffffffffffffffffffffffffffffffffffffffffffffffffffffffffffffffffffffffffffffffffffffffffffffffffffffffffffffffffffffffffffffffffffffffffffffffffffffffffffff,0x0000000004c3853ae8b0ecad8569a4386471016b64acb215b15a07d156fa32e863987ae7f1549c251685a2c7c815abef89849eb8e9d2da98e8a53644b376ebfd5c07f6c3e8ef4ff97d738a27cfe1beb3a635053020c7f89d8bacdd8d1093de0176a46ea6781f0ae16b53cd6d63ac03b3b6ae79f55cfc91909b6cccaa8e033a0c,0x0000000041ec12a2edc1358fab32664763747f7aa9dae45897d6c49d27cc817a3017fe50224357ed1dbddd3f62740c83d92660c6c43543a1c6d5f0aa6738e3ae6c4626d1dc5896ee01c04181ebd3aef4c413e84b865276790379afa03c3b7ae3d2886d644a36f1a561ff5105f837d71a8784d30441424804f557e957d92aa112,0x000000001e6bba8ab1f389593bf71afd22e1bd656d763828a62acb520ee2f08c273809149068c8f27e9f4e438047ecc30035811d4db2df540a637f63a6c4407a667421dca688ded1c69fe931f1c849a49c2c2da81bb34e75c0d5d6882ed2090048e58ca400d35ec57ea55c647306e02bd9c9f88612ca5c08aa6093639ad57b4d,0x000000007075a4508034e8c3138a1ece9aaa83228bec25da305bd7e22e23085850dfafa5b12d675f7b5591de9014fe0b250c92d0547f19c0d4d2489eec9c6030be73a356e66b2823907bde55601beeadf0266804657b55e12db54b6c8b3a31b3f6aaca54db112064e84e1db060cc05e7044e0bca1dc83cf104e3838c8625cc27
end,3,663,242,1566377599,12,1024,8,0x000000007fffffffffffffffffffffffffffffffffffffffffffffffffffffffffffffffffffffffffffffffffffffffffffffffffffffffffffffffffffffffffffffffffffffffffffffffffffffffffffffffffffffffffffffffffffffffffffffffffffffffffffffffffffffffffffffffffffffffffffffffffffffff,0x000000003ff0de89fa1e09b6b7f1847a49973a227ed2d04adc217615df494e18ecda8331e10260408a66a7c9136fc3bda381a99440eb3fbec109c11ec3b6e91e0bd61ceeccabc23cb501385efa73510f089900a81960fdd77a14f1c6ce32a0d8b8079cc84b21b5c36e62379ac3440f251471d1d5e6c99dd008d4089af6e80c07,0x0000000048a10c9cd2a1c79d8763a250cefaca46f5475a48654c8c96347a0192c93f2af569e6bee21caf8e2bb18f3ffa66f5095f48ad703bb4b5e0a89673718ee8a00215a378b6eed4dcd96e1fc0593a1c10604e04e0694f4407c75b5321e065c4f09d3b97e0efd91426cf5664d864f98e25e5b6672d04e40335e941334a5690,0x000000001d1cd7e384a233f508c44891fc5037556d53598a12c04ff09ec716edd430e3ee04a52a40ca539c685f09fac6b97f686ffec985e5638068309e1577ffaf391a60aadb73158504d55a5e915ae3d91565431e5d60eeefb4f97c6e541a75816507d045b2a60875e9699cb7b8f2e2ca83a2cd1b8a3d79bab2604201f416ac,0x0000000054682f21031366b0143ccc7b85701d2c639d1fcbef7988fe17ea7c19f8e990b73f9e17f42abcf878c37843ff788bdd98bbad6d48c2bb30ab6f9b25f07c0dc9be4a6eedfc134726323ea7465b47f652ea95c6bb8a1e4fd985601e4c6bff4b638dad38c13fd5f96a6c4268f21fabf90c81936c30f379369a17f75e3427
end,3,663,242,1566377599,13,1024,8,0x000000007fffffffffffffffffffffffffffffffffffffffffffffffffffffffffffffffffffffffffffffffffffffffffffffffffffffffffffffffffffffffffffffffffffffffffffffffffffffffffffffffffffffffffffffffffffffffffffffffffffffffffffffffffffffffffffffffffffffffffffffffffffffff,0x000000006224195d8d1d8885f314179ba051af21db3b41f00bd664715c01cf1bf93655b217c9287243bc7eeb2abd9187875256d7f82aeb91eeeaa09677f2c279e67cbf689bfd9bcac535d59ee30ea1e13550215dc7bb6bcdcf5504d1664c56a9d71d1bc560f438a6055fc2c1595e61c2b6340c7e0d3d5bce2968cba5f2b568fb,0x000000000b1afe99822e170961b9e406e7172de17ffb313ea576c69c6f3216241b737e993396e231f4585a891b65a58be5dce9cadb65299d8599ec81eca6dca236776cd4927ab9aa78f13f3beda44254a0a3604cdfb90adc462cc1c5a0529308e249e764a576f7a3503af01f6e9dd3c92cd6cb67618e378e1ba40a6eab4f9d61,0x0000000025b763cb38fb3a047d00dbecd773b5876cab9235392ceac125f970bd4ff333b16de3bcc1f242834593ccecffb4273f10b20a1c777d5b5aeb1cde3305b5aa37a569b46a7452ee448c5b0c5e8182500a765f5635efe7b4e3179a84e92c5ebb1004d2883bc08ee9654727c8b5c8a23e81a4c88ef002703a7745efb0be4c,0x0000000072498f724d20e8c9bbf6e39a143d61d2d8267cc2650763f73360b8a14d62584f16cda74f3693f060a4debb67d5d2f4e3a9f8d3104b1192a2ae61f3587fbc33f51279bdbd0b1aca41296e93b456089c4dcc77ff58647e3eaf7d178d89bef96c5b6277add88ef796cd6d5d9ffc0f3fb2316570d9f5ce4f4e24cddaa957
end,3,663,242,1566377599,14,1024,8,0x000000007fffffffffffffffffffffffffffffffffffffffffffffffffffffffffffffffffffffffffffffffffffffffffffffffffffffffffffffffffffffffffffffffffffffffffffffffffffffffffffffffffffffffffffffffffffffffffffffffffffffffffffffffffffffffffffffffffffffffffffffffffffffff,0x000000006cc87d5e877577fe86b2b91b376ec055b76c231cd4d1f4e31414c1aabd0677922536efa5a5e217e14750a88fdcb0ea3b5ea00db0d3ea7583831dc2b3e50d17d6dee378fd089a3040552eb69e30a5b3e455ca445a60751338ec64ccb15d1e8d77c5144f160069ebe131b858402e188868f74f221d1eb45b73f9a2d2a9,0x000000000968235d2e44af6c1e4848ad533d2b362013847d39b3481200b40826e4e6068279efb7c1bb63eb8ce89247718964634353eb839cd04a6933a1ee3aa5deb2e11e0b159ce8886773a261152b492ca413f6ab64b44382e0e2ba7a31b69e119ff839eca6fa0eb053698edd9072f10381803b133b8be877c14be595f5a641,0x000000001f7ebca586c5f3feae8baad22912d0f76842ad08bb9992bf53a1f4b829612f342b5b7bfb35444aadc5e9d8295e087809cca96f6a44dcef123795e0de05b277ccce1821dc46a1ca07abe176459380d8abb23f675098a52e83e906fd595e1f5ed673d3dbe8110696d7cd77c3c5a6843eb8cb6697fe68307967897dc7a3,0x00000000436d21a901e7f92bd821eca3b7fabf123e26060539ddec890d90080d5dfc9ca268b9d51e3f7dc7dd3b525b179831710ea301d5e55ed380b9bd5c0c31f98d143888679b0097b880fa986dd293aab5faca6d6eb5f6bdf89440ae490fa7a274d62f9ce2a95dcad443f4e56a9a2853b3e074006dfb5ae3025837f31ebc9e
end,3,663,242,1566377599,15,1024,8,0x000000007fffffffffffffffffffffffffffffffffffffffffffffffffffffffffffffffffffffffffffffffffffffffffffffffffffffffffffffffffffffffffffffffffffffffffffffffffffffffffffffffffffffffffffffffffffffffffffffffffffffffffffffffffffffffffffffffffffffffffffffffffffffff,0x00000000132a92bf015cdfc4a575d84700084851a0f9f1173be6ec271d924c8826a69cb8139bc44c1bbf05569058c8379224f23f5276ed19dfa1e4f3120da2a0a5856ea5c74d1a442c148386e02d1d03d1515d33843e3d6c921abf3eb037599973bf407c280fcbbb152b258558dfb65615a7ae5afd28383ed66791e8eafc54f7,0x0000000048233909b204b7010b2d3461351eb14f073c48d4876838bc3fd149b3ae1c4af0de0f3faa3fe848a813c3c60491c091859d1968f150dcbb589ce31308667ce3e31977ca82e8f7e43973e1e640af8fea98846455a6b44c9d840aee3d53b33d24cca070947db091073d0fa76a9d62f3555c1487c894a6cdbe7d941049b9,0x000000005f1e0109c8762801a8df768ab42978a486a2d94e2f589967e0e11fa5dbbb7c50c54fec7586b80c36c85945322e37e0008c6212aed18b7cb61ed135971c772c969bd50a5254928d404c33d7446acdccaf2a6bf25bfd8a7238957bba17b271250f9cd91f24cbbaf0cb79c6fbb41c9adc740314a479ebe9dd95e60061f3,0x00000000037a9367595abb89bcfefad2c7f8db13ad068015bb368d7a07775df7ee47f1f9c4b82e12a928c6630cb0dabf4e4f1303e35b3fe09d389de2a184524e4075150dff36d301ba3fc4d6cdc14c85165ec4c6cdfc9ff512e3c729bb584be8af5dfd8b8510e32bd351d12f7a331cc20162cf95d9c722233f8f5fe736c07276
end,3,663,242,1566377599,16,1024,8,0x000000007fffffffffffffffffffffffffffffffffffffffffffffffffffffffffffffffffffffffffffffffffffffffffffffffffffffffffffffffffffffffffffffffffffffffffffffffffffffffffffffffffffffffffffffffffffffffffffffffffffffffffffffffffffffffffffffffffffffffffffffffffffffff,0x0000000016f0a59d79957e137b5abbb8105dae4f74d3edd0e189db69afda759e7053b24fac4d23b438c19b2bbf7653127f2b9f102440d4c5add44d94d37ab54263a29ca76789793b4c3c701011d9974562ea725e7f3c1df262fdb143744a94118d8237cc41d16807d5ba993858d2dea81ed0bb50ba9f28529852896c2eaa358f,0x00000000455ce74cb81369b3247d963488b6b45d920056925f12f69983749c46e124f4dded0483ac3d0760758f26b2fe59ace570ca7719f0498814f07c8fc34fb09bc7c367e0c3b73020378f8e6fe134288b3f2cc63ad35dfff57ee47644d2c384d5e9966f14a089cdf4e458d8f38864d0e6d683929eae6da3cf5a5ee0aa1388,0x000000005020fa7235a8759ca761379c48912ecf2259c285fec3f43a5876e7e86eac32f1ce038f0e560be0e0f519d3d6431253a1321a5766dae9b9527f6c32a21ded1db5d2c8765a3469b16d27ebc7b8db40dfc4ee812d1b6d696eea2a02290c449b0d46776fe330896c54503ab3a1b19b0549ec04aed0d61a49b9d643b16e57,0x00000000133936f9ce03b78de3abdb3e54dd616ef26556e549ee4df509fd9e6f3779d62ccd8de3fff8c58676d8ae6b30a24b7dd6461a02c463ac355bac5e7571399ec4b0f0ec62236bcfb8a31929b2a109494cf5d61cd2a34a93eb990b0323fdbb5bea5ddf20fe71e4ffeca1556482f1c587cd7e0655de29d5038d77a064f55f
end,3,663,242,1566377599,17,1024,8,0x000000007fffffffffffffffffffffffffffffffffffffffffffffffffffffffffffffffffffffffffffffffffffffffffffffffffffffffffffffffffffffffffffffffffffffffffffffffffffffffffffffffffffffffffffffffffffffffffffffffffffffffffffffffffffffffffffffffffffffffffffffffffffffff,0x00000000598fc401a575c15d07430f0158f35920cf06ae34d0add0858867035eb87a6e650532f33bb351a1bc44e689070228aaa5a8cebc9b94d84671eaed2073c1044197957536e1fb749ef1d527a77d2d86a626972d392d6912c40c7af2143e32a2b3c19dda2b73c87509431fc5fb5fe32c6e8296b79ad0537d849d04ac3330,0x000000005422b44618929905a2176a08ce6d9ac8afed6601a5dd92a0c39f1bc96e1861f8c586aec5583f5dad0dc6fbabd3691318cc34b48ab387434f5ab44d0d5a41e6976c8035f3559ed21b4cefa7f20e9bb2874bb1d3e252f8f3c04c3b32cce68ad940d4e5e89fd9b828c4897bbef9c6fd766a026db3c86ee479ed3d7235e3,0x000000006f7e577860fd7e3e73e8acc146a1dfd1d67ec53a33394d219519f092376ecd55b715348f8bc3014171d580bbb4cb7bf9000c9ab94e0aaa733865167fc0e469fd5a56c1c920d51899160902fa0460d76dbbc780d29f5dfdcb165f278bcf22dd7258fe4d521c6e5fc4e623ae49935c988fadf82ea573046c06ad25802a,0x0000000012b826e9805135d785e93a3c3e971af758f25a259f8a06035ecf8ae51255d2539d4a0e86ebbadb8063ff8ff2d4c617bac79b720aeef864413cb2b72b13b6eca83266147408998edc36542c5b66fb95c7bbf014004ea294fdef66b317f1f10bf1911f560740a13811615fcc0decde08be6d08f2a9855c0be20c3a84ca
end,3,663,242,1566377599,18,1024,8,0x000000007fffffffffffffffffffffffffffffffffffffffffffffffffffffffffffffffffffffffffffffffffffffffffffffffffffffffffffffffffffffffffffffffffffffffffffffffffffffffffffffffffffffffffffffffffffffffffffffffffffffffffffffffffffffffffffffffffffffffffffffffffffffff,0x0000000004ea359f44544848b61647289dd1ae6a881f3429962790433d8d577c086c2d848b938f9054b7b6762a37de13afb32a37a9369774a3aeebd4d25d2f3913a5eca64cd9ac1f7cffe464ee22a497da37de55e8a76749d482b31cb1a412de4a4b5b9e90a141267cee2912efd1fc583f3656935af4f3bc796098419e155205,0x000000006c2f37d1cf19b671db858e8503546d18d3e2e15b904a072d5ec9d4a079c1b5ebd3d5b03201dde2a32ef3fef5864065ac99df98cebc39d27f42a90fa9d4a97b314d07c324bdc2e4d06d93359c8f2abe10cbd8f6f145d0153c52ae96746bfa95f1ce77cf8303facfc679d2cc4c9cce2ba4511f054414d7578ffcf59530,0x0000000069c94a900e10febafc1db946caeced56437fbc034cf44fa623e8a3cd3ec3996f80728f08649c52790d7c78b7c7f855369ce41464ad8339b1142e952a44433c17493c7910b292d41908789e72db30429c79e7c6c3d3028cc7e2445ba88d1866cf92e1aff202d1573a661df6b7dc4e75bd07b5fcb3342ff3649b6401bb,0x000000001185cae1a0a240e4a4eff11013a74cded386078deff94218a4b2d3b2459b23063e971af8d4d21a62c43364eab2769f432e5e8ece5fcf5e220fde4a709c4f49339e9ee6b1a70ba8aedce1283a653927f6645d96efc0ec3d3ccc405eedbd284a0ba92c3d7b715295bddaf6296bea78426aa28957f160eb8cad58e7c374
end,3,663,242,1566377599,19,1024,8,0x000000007fffffffffffffffffffffffffffffffffffffffffffffffffffffffffffffffffffffffffffffffffffffffffffffffffffffffffffffffffffffffffffffffffffffffffffffffffffffffffffffffffffffffffffffffffffffffffffffffffffffffffffffffffffffffffffffffffffffffffffffffffffffff,0x0000000079163e2d8a953e123d226770abf1b868a5cdde5c9a66466201a823ecf48c37edb4140440104aff1f743215b4278b3c3f79411d5d0ed68f18c272a2b49f83dea8c61ff35aa88acc258db691cb47a48de5e3cd4fccf21bac00eedfd8140de2a8238d192865f3ac07d2e1cab358a58511feca92b7862ddccab9cb908dfb,0x000000006a5bb25d78472e02b65f2476c42aabf6a0323f090ddbf3132c08489f57be57cd207347ee058fe28a002f411d4591c83b4ddd39f1cb7aa80301d01b6fbdbb3f204eafb3c7c7220754707408cd6c183b08e080d2f27f693475820b202b9bc5d92ed61dd21585d8f84420c795f1e6c2ec3bab532ef11df61db8dbd4d3eb,0x000000001177929ebd9c35ba433e575fd759365b9414e2a38889ea41297b1af54efa73a71ca987e5810a7e81576ab032fb8796f69263265e84ee065b2266f5317553e9172cdb4f350af81eb46fc5761f327f7fddd40ab76ccc7dbd81db7177bb9bf714c98cc2c63682fc24ebf64195c9a9c2100a4ffb7fbafe1954f748fcbe0f,0x0000000073d331bfe7b301d7d12bf415bed1607a31478d9887514bccc502d2d9dcf75241fa2b623beb93fb48ef1ed6102aeca8e6381793c87c67ee8fced28b7e8c3628374d6b487c7011cedff36e2e7970239ae2541fbd247f202f3669dea520a743e8bf124943fb23af919aa006880d1333478fac2b4d69c7071a2007e2a6a5
end,3,663,242,1566377599,20,1024,8,0x000000007fffffffffffffffffffffffffffffffffffffffffffffffffffffffffffffffffffffffffffffffffffffffffffffffffffffffffffffffffffffffffffffffffffffffffffffffffffffffffffffffffffffffffffffffffffffffffffffffffffffffffffffffffffffffffffffffffffffffffffffffffffffff,0x0000000053fc59825541dc170e902c7637fb260f2a34c93e529029fb31e54d2aa426a663e8cce315eb09e096354e0cabb1f71023ede6532a690c2be425061290af245ff502d3ea9dc47385c23d8c6d5cac385e25a3d4eba41dac2f6e776bca9ec7a6cdf8d02dd7829082a8a4c2354547c6c8cd936d602ba0f341c8110f1930a4,0x0000000028bf86148d019114c9c58daa671416d58e1f202eba33e742508ee7e69effc7b6dd81e6cb6e5d0206e1a3d596e7f60b5a668407345fb5154f8b54b666654a5938e2dc472df4aee36f96db9d089ffac6dcfa60f153156bdd314ea55234ff5587e590d7a269ab159befbf5de65cf776c96da270c7880ffc4a580ee2ed64,0x000000005470e0d67445432aa31b650cdebf9688db463c1fdaa16ee831e3edf1288b1440a0c366b22250c990b4ee78f98c8eb3607a04105a6646b9914027e40f407d216eab2bc0ec86e854bf01cec8d5c0bf526bc76bec3e7a0340d1a534be9b49d33656b7ad26f38b32a159d5c4de5a0128b6bf45151c26fd941dff49c6ff26,0x0000000000475fc58feb3337a450fbce510b93994b9d4254dc3f88b5b90da72644f535f287b5546cb949be917667a59b31d64ca242a8f2e7ad3ca894648c657a08cd213f0fd1c3b32f29e693e85499919306a2ccf497abef63315c3eabbc3232f494e41c2f531c831ed52a4fff53e852d50ebaa9b934f9d73e169c394a2b1af1
end,3,663,242,1566377599,21,1024,8,0x000000007fffffffffffffffffffffffffffffffffffffffffffffffffffffffffffffffffffffffffffffffffffffffffffffffffffffffffffffffffffffffffffffffffffffffffffffffffffffffffffffffffffffffffffffffffffffffffffffffffffffffffffffffffffffffffffffffffffffffffffffffffffffff,0x000000005ae46ade91cea2555cab4f06790f2ade7d1364db66dedcee1f9cbe8cb9e59fd9179bd6bf29e5ecd291db23a48c76fb83bfba32cdda843d707b2e1ddacd50f6fda64f6e7a57a7abc54144ec786b85f42d264ebdd073e082eeb4c370d6498199ba81261e445e2c282b233fcac854d60693ff399dfdcaa5286fb86f5b22,0x0000000076da5232a995265afc25fe6ea9f136f521774838e5179fa209344e2b167749fd10c8091790a5e48db06273ca882afc803988fbbe112d78a2b82a9f2352b6a94fd38a82ba2aef07d29e1eef9afb5bc074577f88e938bdedd34036453a51ea4dfb603ff19d80fffb74cee69f7fbc914f1c860e7cfdf2c2e2e30db402bd,0x00000000247de213e99a6e54920db90cd5d8769986838cad6955eca65353938716f378ba1155218e52cb2f9fc84c16b87d392e8e560eb453e21a0c6c42fe7c038fe7343f6bf14fa8ff36736a3bfdc8743f1797dcc1d1c3abfbbc06fcee5bcdf408b3b30e95ecafbb7a3a607529bff28b0567ce7efda835fc1bf5b4b61aebe352,0x000000002ec78b2a6aaa6dcd76db07d86fce450da7669cae0eb22a0ba48f643c4c910e56d5a6d81450b9833b5d72d82ed7153327bd32d2f917d9651d064425692d715ccaacc84af08afe91cdc1643212736475bd377275ffa65e8f0b2159456f98526101d894e119cee983c8b113732f72318a50f6ac0e5b9d201a63ddc7cfaa
end,3,663,242,1566377599,22,1024,8,0x000000007fffffffffffffffffffffffffffffffffffffffffffffffffffffffffffffffffffffffffffffffffffffffffffffffffffffffffffffffffffffffffffffffffffffffffffffffffffffffffffffffffffffffffffffffffffffffffffffffffffffffffffffffffffffffffffffffffffffffffffffffffffffff,0x000000003cd43fee8b341e103ac2e1772443f2c6a44230584594f12cd538f4df46832ef4c4540051c554a427089dc00a937d6b238b3fc3e5febc0d26424ab7f4c2ee572b3fb459eade2265a8cfd1ca6e4942229353392d4016ee8189ee99736283070b6f891b787fb74a105c69650fdf63b005b476266c071d7c64487f10009b,0x0000000072d555b58f204e36931337df3a0816e7c65dfb184c65d5a2c127dae3aa766b8193480a6b80fbe98c4961441f450be8220d27c568a53ed2adc1d1585369acaf76c7faab1276b57453370cacaca7ca6c76be279d76a83e9b724304c2f713044521aa32a97d89bf31cf30188ab5952c0169c2f0bd8507144900e51bb778,0x0000000006b80b974a85193abc45c69beca398d5d02a37eddbaa3674182dfd7b03d1bdd1d2751209ae4fc85b1d8342ee7c14da98e22b5d45c138163fed8303736ae0bff9930c523aba448099b116601f910ebc39504ffd9184af2a2d514fe72d5a0cba33c3bdd233339b7fc7742f78c2ae4b553436c990b0f83c60a0da2abbab,0x000000001540b83ab035a7017cf7379be27fb9fe2f3a67e16797a459ede7bda81dad52c6d527708cae8220b28a3b44ee975ee7f79b18a5e664bcda0191c30dcfd68dcdf4123eb342b1a8aaf5245dd06cfecc41324fd61e5b0da1c75183704e762575917d93735d721ebfd7e4a3bbe2b1877bb8e0e342e01ba9fdb1befadd3244
end,3,663,242,1566377599,23,1024,8,0x000000007fffffffffffffffffffffffffffffffffffffffffffffffffffffffffffffffffffffffffffffffffffffffffffffffffffffffffffffffffffffffffffffffffffffffffffffffffffffffffffffffffffffffffffffffffffffffffffffffffffffffffffffffffffffffffffffffffffffffffffffffffffffff,0x000000001a76c120d86ef97714ca3fc4d75e39e817b299dd3c86cb5dfa32e1505dcda298ada837398bb156736fb4c689c082598c8c42b6766eb177295fc7c8902a2347313b180fa30c925e197d8093e6c1dc7fd90f5b1224ade3e5b19b8cb31874a76a14bb1a5536b34adb6ce40742d0353cf020150121d0a1098bbc310d4ca8,0x000000007d8e0e717e018d314ec924d80397cf82073f633d7c5c0da07870b277828386ea47bec59ade2095dd11fe69904417c84c917e23c4387c1f53c65c0948503c1039775ef24cd065d17c1cacbc1635898667264437d11c447af91934cea50014569c571252c7fdeb9a1521f530f554c962a315a83c2880b78a64d8f6320c,0x00000000774286fc98019765712017f777fb3a0e05f2efc32fa9819c9ceceafb874048292d39615160b2ed47ee25989a1499c070a21713ce5bd6271431bc17dc621681a906fa763b049e5268cf24a41036e68b8f990bc32bc2a7719514286c79f4112b9352982962788eda53912be6f0a28a16fee6d73f4738891f1da7b76c25,0x00000000497e901b5b51e376c6335a4b7f73401af1c28053e87372614c2ea64f536e0d472ceeacf0dafea6e33fb1df2821d4082a64825a06dbc3f1fe7f43c85e1a49a1c24ee214b0799a034d151fd33344059da6c1dac326f0a388f2442506443aa789c39c912dd331fc46b91dd17ebd699700d04db68ef81551f02a63814cf2
end,3,663,242,1566377599,24,1024,8,0x000000007fffffffffffffffffffffffffffffffffffffffffffffffffffffffffffffffffffffffffffffffffffffffffffffffffffffffffffffffffffffffffffffffffffffffffffffffffffffffffffffffffffffffffffffffffffffffffffffffffffffffffffffffffffffffffffffffffffffffffffffffffffffff,0x0000000009c8ad1124b2047ba6caf31d136be29918d1af255fb98a99ede2dda0fb80efc6a93fc377a4f9629f40d0374e76d343b43b748a9b0dc3c3c49e3bfac01dcdc1d51b42ce1c974df18ecc414330707c4f42378101d14623766059d2b5575f75d56a25d0d8f34fe64757457468d6cc2c0fc5ba7e0b51ef5bc589206a7b3f,0x0000000026539ad57a072de5023b786c8ff1ff8d43125a58603b4314f209c2f45b84129784bb2433cb30aaee0627b01446931c56a1ce13940e138e996bfac5a5b003e54b440b9745ce5923196661f42e8face68e927feb8cd7615ad59d6a8c7d582ad70de61fc8010fde3756b354c5a44a5af58ebff1cc26ba918beb6412992f,0x0000000041715a21e25607f47a05e370ce9bb78b06b3dccf53524361500f56df37cb0ae04f1d5c7391726b5e854558dc5c20069f0e9da4ab97a54aa15736e57efc0a404c162f276d2f81060a1bd583f9fa769ac9d4dfdbd54f2bf2968b7bc0d45f4cb2596dc7845d44b2f8960c6702240f45906cac4945633321403c94d6b7db,0x000000003fd1b7988c7338c23dd0b05550b5f71d617fd733d311cc74f038cdae5c76cea3f6155c1d806f063765d20f2abd225334b658c9fb4df16ddc2ff7fa57ff48cf6946001dc5de3685476c7f18501ce99f4a0204f52d2c7579bbaabd3437ba49a49bd96f049f5afe4480da7a87938c3626b43503c0e6fde0f4ec5052b73e
end,3,663,242,1566377599,25,1024,8,0x000000007fffffffffffffffffffffffffffffffffffffffffffffffffffffffffffffffffffffffffffffffffffffffffffffffffffffffffffffffffffffffffffffffffffffffffffffffffffffffffffffffffffffffffffffffffffffffffffffffffffffffffffffffffffffffffffffffffffffffffffffffffffffff,0x000000007ebe6ac6d96facbbbbcfa09f32f1fbb898d8e73f614b4b91e975927a01d37090b27c2daf826a51455fc42abfca8a1843c56d78462796e62302e775467c80f82c1002491e71085c7b6bca8942ca035bedc23ccdd9939dfb245e6be29dffd5a7a9e9db71bf775b7a8500420c72fbec9c4cd46543c4cde05f30cdca016f,0x00000000020278d8bbd0bd18f4bc034ac391756cc345e35e2fb8a0a5887abf4fd29fb3d96a2e4ee805c91916603f6d361813305f5c05710302a43ecdccc3cf7b373efad5c80f1cdee764187493537f29b60c903dd25b294082960824e378be2d13f765cf9d4c9a0f819abb5e326ce4c17515602d42c2fea3d55f0e66163eb71b,0x000000002affbe57355f0e5ca2c55f349ff8928c7347ca318c2ae44ef790e6d6d477b89c8c29369c67b48a5a176a5f4d9f1fcaa4a83c3f626f454850e41ba418279d4ead5e74e45290e99f786901a7d19e35a5fa4e0ea816e2ca6f04af9c1459cdb8cf92b54371fa9103767592e98f3d518c7baa43609d63ce32fa9c260cfcd1,0x000000001bf7f9156206bb0bfed3d6311847ce3b8a7bbd86b4791b0acde0bfa58be56f4454f563c011ac4b4456cb9fa8d521d16fc3feff20aac49a5b1d1948ef39e76a01813ef786db546b6b89ef00731d5b8a363e81b37190fe3bd3d24de1bfaa5d52ef07e1d49bd47e262c2a2b6c94b86036d60e47ce9486025efcc7648236
end,3,663,242,1566377599,26,1024,8,0x000000007fffffffffffffffffffffffffffffffffffffffffffffffffffffffffffffffffffffffffffffffffffffffffffffffffffffffffffffffffffffffffffffffffffffffffffffffffffffffffffffffffffffffffffffffffffffffffffffffffffffffffffffffffffffffffffffffffffffffffffffffffffffff,0x0000000019b9ad649b346717642508a319fa66110b82ec92c06156f5973406396a6e2084538c954d3a36cb29609adc13cd5d0d89e2672c249df16dd6c1cc5947ad6e4e17785846a693f35a7b5d02ff1cd0d62085a179990cc8a19847bd00afce830d42d9f0faf5c1573658068b2cfc1432d842a2d6b775338241e6b121a9b48d,0x000000000ccc7d262cfd3b35039d6df0dbb3f62fd5c8968a962a59586d662e52cc9a23a29c4af9ed944f5180fe519ffbe5409ae90d944ef20413d3e2b40e4cfd7b0135edf6ab6575a4625c2e16d1bd9821ca6da38701a624869323b0870f8770c449172c49f4c88e3d304fafc2e443e5cfbd375a38c839c5e445469eb5ba1726,0x000000006817f667693b8fb415849c5a9f154c3093af8aff43c76080367aeaf3a32cf3b36df781cdb720e322b6fc6eb2d68108055f177cd833edbeb6647653423ca9683a70ef34a9896fbadac57a1f1a72153875133063b87c9a57493304367d053302646304770537ac92b79801d484fd0b309c67a527eb732ad439752063bb,0x000000001388e24868ad2b417bae9c887940dcc324e5e659817ea11805636f78fe0d7b9e57996940495d07a1e15a2b0835bf2e06d7059a9c21ca2d9c608effeba33dedfd94bccabf65b543d625a2ee9474ca090d8c7f51ecbc2dfdb06005141394989e305a2cfb14ec4d4140ceb64ca711c87f554b139707f306a89adcaed59d
end,3,663,242,1566377599,27,1024,8,0x000000007fffffffffffffffffffffffffffffffffffffffffffffffffffffffffffffffffffffffffffffffffffffffffffffffffffffffffffffffffffffffffffffffffffffffffffffffffffffffffffffffffffffffffffffffffffffffffffffffffffffffffffffffffffffffffffffffffffffffffffffffffffffff,0x000000000a4e546c72746bcf879f8de6c04ed5d60a379f1731ddfabd1249fa6a7d5ea1e7340c7b14574845de022f82c0a013c961b4d90c42afa3daf66598f51eace97eb4ea50ceebdfdb467c75efa9c9932b2a383bf43386095b69e6c33d10b4efe0d75bd7faa8e8b4242feb2fe3d6007a979ab1c7673854ae5bef3504e48985,0x000000002d4f270b492437bd0b3919be2adcd3343197d533c73d7e7cfa7c4fb05d57c7a3a7e57726da1cbb5b9599ab74bb88abbf4be77943e355fa0f8a6890e63ee47aca433a2707a086a71d5b4e80ad66fcf758a02fad98e838ecbcdc175bd9bbc8264383fa51350d72c8f746e9951594aff59dc868d8147aaf11b6db8c3bd6,0x000000003c2b4ce96b1ec0044c603323d8378bd2f7ef308f0b4e980c7aa96db6e0c28215d7ce69edb8bacf35919a04145f65a2d6d900dbc58d0b360d72d86ebf12bdc82355304668fb2a3c391623d0632dab944d5351aee510d5a5245f45ae0185da5ab1f413f906d8852eda8a96562be329175c68dbfd19b931b92f5491fc40,0x000000002f78c9ac1365e070cfba971df5048b16eb4ad7ba563ab90cae8e66d451da170727709becb1fc7b0c1ab3da8bef503b6bb77d51b980351a3ebecc731220f1c277a12980f3c0b5ccdbdb28cd491c0300bd0a02ac772b60ab1f864e8ee7e05bc046f28850a9d1247e11dda2d68a9e62ac56ecc648d17cb5374b42bf9bda
end,3,663,242,1566377599,28,1024,8,0x000000007fffffffffffffffffffffffffffffffffffffffffffffffffffffffffffffffffffffffffffffffffffffffffffffffffffffffffffffffffffffffffffffffffffffffffffffffffffffffffffffffffffffffffffffffffffffffffffffffffffffffffffffffffffffffffffffffffffffffffffffffffffffff,0x000000000fb903e2c82903283ae0296db44b6a077da8c9e8ebc9a0a9da7563e486606aad2fb824e3f0cf6276980efd017507670b61874569b760907b1c7891a200d1c65df7e0871874cca349ba0ba09f201ed4ff0c263ec4c8d4ad695a682e8c569dec4a65b44a614e86da1de2cbafc0035507e6fdd6d8a91cc58ae9f383692a,0x0000000061999d61239923c764fbc9c3d6bc8b5dabb901324ae65e2cb77fcc61b325bae449c77b5b37146e7460a92148cc7f72d44b7d81a8a2816100e84e2f798c1d0833b5ed9592d5c896296168b37aa8db2f3f345683fd214b389a80dfc44b877e37b4c2a530775a4f4277c85622c0ed728c6980f7bc068395f5fb2ad81ef5,0x0000000005a530c9c7714978efa629178f2a37ffdd8644d473f64edd2b9eae9344b1b84901f59b7b044ea2c1bb08e2b4431d1c3482d05b990db24c7e92469b285d2bc0daa47476ae339866eafffa239a90ff96e80ba2ac317cfe2e13bc159f70f46b74a0cb90de87d55c76b6bf904d823e8f1312bd585b5a7c73876457fa67e9,0x0000000040009ce865236f01baee72afb6ff9bd21dea2be9c9767989d32f58842e05aa158bb5968dc124b80464dcc9829f8f38de056a6d5efdc665230e2edf5f33a3fcf4f270d6452fcdd552953278812175d6f3a072b2cf4a83fdcccfe71e071d953aff587c780ce4e6308319efb6521574ee877d3f846a8d9e3d5a9df8d306
end,3,663,242,1566377599,29,1024,8,0x000000007fffffffffffffffffffffffffffffffffffffffffffffffffffffffffffffffffffffffffffffffffffffffffffffffffffffffffffffffffffffffffffffffffffffffffffffffffffffffffffffffffffffffffffffffffffffffffffffffffffffffffffffffffffffffffffffffffffffffffffffffffffffff,0x0000000026a0466cf9eca7013c3a2c91a269a2fd41d6593c49356e3502c4c6d6d842d258894832b32ab96bc6f3319ea5426fa1eca305f3cd1ee026886c52fd087bd7b263e2e94d41736ca310f3e347958775f9e9f1c4f20469fb8ae8ffec2643f167fa818d9f7d869a106e08cede630ea7806388d032ebb61a7820d6bf270467,0x000000000ab9ecdef0b98e1524a8a3cb8e98e9086783a0cc5e343d7c8ef11103163aa67dc7371eeb9542fda9005109878bef9e5ebd09d01e1452f7bd5d40ba7f3bb724d932ae48dc9cb849f8fc2eff2ad3416450c04cf24554a58bdc3f329bb9405c4f25323eee255acef5c29cc118d5042fb93b2587a7a8590ebb3020b3c0ba,0x000000002659f8b85d6dda3f43854f64fd01f4e1f906e21e03200d95b6446bd8f024827e44e04893caf439291e04e030bb44fd7fabc95cae3e067943e80d7284c09b932ef7b7e7882c2ff1b2c0e73dc09275c20e92c806af293a480d72e221065b4d4f189b62de87957c3d15a15d3ceaa47f0f80e0591264e8d3a2765f251e86,0x000000000db6e8f72a14b596347c417eb6de73ec808d3da69bc9a45983e936f6bf6f248f4525c5a66ec751e8caa028afd740ca76daf8e3105d773558edb63a2a421d819f5d033bc0e25d158c80fa4d1508ae32e2ffc220693806e9c2eb1745b4878c4f10d9f0dd0d9121269318a1c9713c1427968e301246eb5686a8d4e4f567
end,3,663,242,1566377599,30,1024,8,0x000000007fffffffffffffffffffffffffffffffffffffffffffffffffffffffffffffffffffffffffffffffffffffffffffffffffffffffffffffffffffffffffffffffffffffffffffffffffffffffffffffffffffffffffffffffffffffffffffffffffffffffffffffffffffffffffffffffffffffffffffffffffffffff,0x00000000569d9ce04a4a46c9f63ca744be10cfe4dd84cc24bb43a43647ee3b85120026037b59aa1aab0eeae81a95d1c770e6d73df5ee5a37fb062ce622858c10988a7c86d93e9b5540ad2bfa9ed50ca2f8d6aa59fa9662656e06159c1c421cd5d1d36202797d20fe255347f929f075c420735a857d48f1c3e417c6bfbfe44ea5,0x000000005df3a7a79e9aff258d99a5d4386582d90252ab4a096dbd0c7524d669fc5b0ca49c137e5dba1756ee4cc4db63e307d67a189dcef79dcea1e32af4e98be2f7042c8ed5f2904172f32c1ecb24471533fc1eb9f9d8238a60579cee418d2673dfde8d1e506c48029793631a1b3a4719e64b10e096f977dfc1dff1c80e9123,0x00000000538e46149ff5e0bcd272f3bb198dd7259923626f8d2f239addb4b6724db3729dda91bbc42efe46dd33fde0e3e09faf8088c2e25d8a87d2d395a73782078e4d74cb0bf37480ba3daef9b155f2d1f6a3d5f1faeffddf06008f12f943af423b3130e6b474de2f2a76167a0e79582891f51045143246cc7c2c3a37b08da4,0x0000000006b5733e31617cfedbbcc6e06f3c452c06f4e408940d650033898362cf9b641d86ef690d2d7e35222a8edd30c61334e4d6f884245741e95389ba31079e05d126978e843a6c608f755adc7338fc9ed039ea20274f2f38ed7f67067e5559b351402ee0743e50e111af0e9624290d8d0d903cbb27417b6eb170c649fb28
end,3,663,242,1566377599,31,1024,8,0x000000007fffffffffffffffffffffffffffffffffffffffffffffffffffffffffffffffffffffffffffffffffffffffffffffffffffffffffffffffffffffffffffffffffffffffffffffffffffffffffffffffffffffffffffffffffffffffffffffffffffffffffffffffffffffffffffffffffffffffffffffffffffffff,0x000000000c136b4ec65d85cea8074a2c53cc8c39689878ab16eaa5689f588d79acdb70b696b258390e7f00e095e64b252dddc2f737e5c3a2670b38fb4a02c1eed86d1a1f8dc385112fc85847b9592c8ca21780d8f4cc74e98de23d1276276264b34801535fc2428b95b98bec59b55644e33fd4517f282d3a32211e6ff787192a,0x0000000060afd95f80a51f58516d23de36b92b12c4993b8067a3d88ed5ae84226acb2149ccc8b791a990ef128b7c2615fd42d03f4fa2a0b9e7db24562510842fdfc7486beef471acb63beade745a80b22549c0876d6b738686b01cfe9e21f0b149ac4fde9da3fc2ca7c0d24060d7723c07ec54f7375c3eb77a78c6f92c70c96a,0x000000000835810cc60c9695d9b9427ada3252940d5c0b83265d3f84de29ee12b3b056e59752097d42b3ea637bb93d08e672f628b6a2d49d7a90a574af76b70c886e173b1a95fd7e1d9d4ea1a24ade39aa1be6658c11427a55c467dbe60feb9798b8b3399593464bfeb2e08351a5864581dde28cc70dbb3ee5f1b2a922c1837c,0x0000000060d28048fa521cedde690379d9995094f25d664b5c82eed256451cb56d04e8554ebe6d19c48796c87933034140ee6e5becf56a854943a18214d1ed0e3c497cf03fe23d8637ea209e1938507d5b509cf279a9677f6f194c603354eecc3014af7f442297da52cdf7190600b9436d105208538601156ac3114acfa993a2
begin,3,663,266,1566377599,0,1024,8,0x000000007fffffffffffffffffffffffffffffffffffffffffffffffffffffffffffffffffffffffffffffffffffffffffffffffffffffffffffffffffffffffffffffffffffffffffffffffffffffffffffffffffffffffffffffffffffffffffffffffffffffffffffffffffffffffffffffffffffffffffffffffffffffff,0x0000000035840777bdb56dd582742d74d8c2a57decf581d29d188e729e69ca9fa3ebfea02ae431e38b221117307ac400919bb03b7fddb0f150fb510b5d31f176070f710a170f7247191a5d1c542b013ed3134f77e8c29b320df23890f4c80977303590336b96f01eac03fb731b5e78669baec8c80be4a966318cb06a3d81d242,0x000000003b7db7a155ae963d78d92fa4638100b859724181543f367d65379416a37244f2072c16041dfd3966443c0e1eddd6e684956ed0416ead84e0f609134a58f70ba4558bad3400299170e3debf80f3c7771d717f7ad1d47bc0593b6ab87b77211566388287745284897ec6c3be4461c93e7140daf6b43155aba7a4cf7fa4,0x00000000771b7ced41fc1125e483d96fa30076895aa3d615e26e856ebc3b31729e649bea84785677cd9b7eb951d43312d96afe197a5e75cdd3526e6963dd4d9d586be4aa36de0dc093b37eee5f92fc59a9056d197268cb2830e8942902de624bc2cc938709b58c13b875d0fd5a3aca23aefbf6b51e847a0f464f24879596259f,0x000000007a4f6740ebd455e388efca75a9d14ad7548f4af15e7afe7372a214fbf19c75701d783f22ff40a68cfe3e18bcadb31f932cd8b02c1e2d0ed2ca9cd3c49f80a18bb8391e16242a9466f4c1396e6cd77a5057ca599a725b0900271ff0ada8f0b31f04a8c5219120647ce2df5584312f57a197142371351a98187387fde4
begin,3,663,266,1566377599,1,1024,8,0x000000007fffffffffffffffffffffffffffffffffffffffffffffffffffffffffffffffffffffffffffffffffffffffffffffffffffffffffffffffffffffffffffffffffffffffffffffffffffffffffffffffffffffffffffffffffffffffffffffffffffffffffffffffffffffffffffffffffffffffffffffffffffffff,0x000000005ecc0fc4a50ab6bef2d97fed5aa228f131a70c36b5b9bda90ed5eb5236684fd1a5eb4ea4176f18c783cd769d762c7615cd1d082cff8331172be199677a5fb6abdba5b797120b7fdc916a2006996af5633c7d8917330df5f2996e4d2c5aed88cd4e0c394fa2d24416dd1d4c057741bdb515b15daa8062586b7388968c,0x0000000063c5bd19a64f0b54e00032c3fc40e24e1060fca565116d6785577f87f06873fcd3feb9fafc926bdc512f76786dacc32d8c54bb3620c88a2e3a96742af266f015378a5d86a13f353cbb13bbe80866fd4ebff2a0f456d36764bad4159aed61273edb41136c921245bfb4fd3f0464abaf09af1067762a0b37f5bdf78e7b,0x000000002119145872bffd2217f629ecd29e39308c69c762bb2a0b0d725db6f7caa58ddf5c5bc80ba8628ebc4bd659aeba4f27746371b136863d3cc4fae152794ffd28e680caf34f18015a792bcf48b778a01f70383ebb3fed5a19e3fb4f8fb8116ce47a42fa7eba80d48c8ef31877ef09421626486d71de99c0f91db5e1208d,0x000000004d871d097a2dafe2cad8af6685712fe903c296ccdba1f7fffcba0c06971471a52c3508bf4b2d3836355f008788716abd9aad0da9b48c277467473671811dd3c174eeda303622acb9c622598024969e3852784d2da602c0cd4ff32ac666b6bed5bb75c8ce086384c6cf4ce18e452597f43a80bba30084d9c424998f4f
begin,3,663,266,1566377599,2,1024,8,0x000000007fffffffffffffffffffffffffffffffffffffffffffffffffffffffffffffffffffffffffffffffffffffffffffffffffffffffffffffffffffffffffffffffffffffffffffffffffffffffffffffffffffffffffffffffffffffffffffffffffffffffffffffffffffffffffffffffffffffffffffffffffffffff,0x00000000477d069125021f43bbe98e59bbad8eb7418541f034dd67e63498cbcf1e86d1ba8ae350e01cbb647807e538f8781d19a96477b45acbd10be1a6067033cb65c23f952e7ce88aa875095b0f3bf609b742de4b5deafcdc1cefff3328cee146ba459287d08a6ea45e1fb89ed53ee5cc147929373d9f8ed5644022c9be1b23,0x00000000719f8eef9832ea9ece67fc2e848c30b145c4e5784f8837a4ce4179692e5c89e542f0db6aa096b3f22134594ecd1a84b3c025c834f7801098d16d3971aa205b9d4b387d3a3c90076d8dbc23902e54a34cb5e0213d8bde1ffd66c42c5681cbec9d219cd8ba0f7474f7011b3448859e675f2e8af39dc2c8f6d6af1d3d91,0x000000007e34086ef2852308c4756efe285f8036b3c7f90c7b69fc51be87fdf06f04063f8a130dcf03680a531df6b4ed4960fefc3fa235ca4e3c9712a815332fa5f4b5b2b89dcf45a773b7b3c0dba42bdc3e21595a1d53fdad0b3192092bf39493073ee156dd4bba7e710a1e8cddfd09ef9ca9814724432dcc8350d5aaaedff2,0x000000002206e081807c2fe6860805cb03445cbb065c2f618ca0a77d4e5b626369a71ed537c2cc3a9a93764cb93bd62c36a1b628a18d755db1092e9e51d26c1700313ddc6581dca4e2803199ba45869ad93909153d6c0778692908cf5044c13b4cbbbb826c524f0fd332a45e771c1a64672c55aec24796ce34e263e610e7c9b8
begin,3,663,266,1566377599,3,1024,8,0x000000007fffffffffffffffffffffffffffffffffffffffffffffffffffffffffffffffffffffffffffffffffffffffffffffffffffffffffffffffffffffffffffffffffffffffffffffffffffffffffffffffffffffffffffffffffffffffffffffffffffffffffffffffffffffffffffffffffffffffffffffffffffffff,0x0000000030a0469dbaee13a69f434d73fe0f89430f6278a40d60ce3d3eb522f3e2751eacdd83b1a38f591affb9bffcd1b0959438877e197d1e23867982aeae9d50c078bc87518ee31fd5461bff524019659288fc06c87032fc754f6d8a5df70ae591d86477029813ec2372c0332ae518da9a3204483f48dbe310515981942cad,0x00000000315d3d91d19d4b082bd3c4e4f602a99505784ea114c806917095e3b3b82cdc68774c6b7f067f7e2aa0d371ac84e094c41b4cc53e08d2835dd2069cb23d6b39b836e60729a591509be5e4099eb98967b59b2af089608d2e3eaac785901fcd3b83309c877bc12469669dcb3b9a8f46390c2daba7490ab8f3d64c9df5c3,0x00000000214597396a73bf5cbf36a8781628a12d1dc55a9dbcf694d8d5c41e8408189be386898ec787044dbba254f538ab489df9ea2bb346d9848f929d978af6bf61c2a3dff369995ee5c6f73b1a08a5ca3fc24519b2a4bcb1d7494f8a208ff0d0326e463f978d0960bcc3ce2c2dd2b7ce189919df801ef3900c0a3ae25bddb6,0x0000000001a51d44a6a0db2b225414e9f2f79f0f676a7a70b36c72eedd4df85eb4c7b6782c0627e81ab2ac8b97e2fe73b30963f41a22261691181e297634aa898a9372f43c57452343bf924b6b9c04a0c36f7bdef5400164ecab54c10fa4abb33f001968cf382383ceded5f4b42fdf0d7a5fff95d20f3015c264c7b16a0890eb
begin,3,663,266,1566377599,4,1024,8,0x000000007fffffffffffffffffffffffffffffffffffffffffffffffffffffffffffffffffffffffffffffffffffffffffffffffffffffffffffffffffffffffffffffffffffffffffffffffffffffffffffffffffffffffffffffffffffffffffffffffffffffffffffffffffffffffffffffffffffffffffffffffffffffff,0x000000003e3396e201c126856056948484cad6576e762300f83858d26875cc0626277a1551f09ca5ee743958365a5f7de255c4a7445538f7901c9b26f5e5118e4f660e5748780f15a4c9f09acf83c9e744a43039729f8a563b1ff0c9844f12ab921f38199b34f482a93c774caad5f5e3e1da11c9f1392abf3699dff8222391f1,0x000000002466a112ee0bdfd2ba2600b623d26e397ce9d107b1bc93ce7d9ee04fd30c0a99917bc0c458ce65a21549366caf4eec820979b38683ccccee039fa589bd13f9548611f695aa23dc0e65cbcd8a970205ac9425f7f66b5cfeae285e6d1083c3b5df5b34602a7b4c08ae930a50a6cf7cacbcef10c193cadd80fad9f61706,0x00000000660bbf94fd9aa482012aa6554bdd216698b41e6f31f33be4c36e53ad915e6651ea2c44d7eb0c6a7e05794ba2ccde0dad4c946c9c39dc45e803b22e7f822540dea0ebba7c169a3d1a768ad3137ad2b460f44c58df2e6acfff9bc479aab628356f549ba2872892afaae9e3cc51511b87bcb9648627f3603aee614a865d,0x00000000202447bef4d41e415c7c87d36f15a279f98b9befddc6830b35e74548185b69a24d87c1e0f370c64f16570cd53fdcb712be642da88c474ef137a2e97af1ec754158f00e5065644539218960c17bd9befe7081bae5df1a8d3853e67bf6436a1b9c3cf341523168005560ee0bd4612142588f6f9f078bdee67c9ce8dc60
begin,3,663,266,1566377599,5,1024,8,0x000000007fffffffffffffffffffffffffffffffffffffffffffffffffffffffffffffffffffffffffffffffffffffffffffffffffffffffffffffffffffffffffffffffffffffffffffffffffffffffffffffffffffffffffffffffffffffffffffffffffffffffffffffffffffffffffffffffffffffffffffffffffffffff,0x000000005d3f53fe29265b106939c8e10612d77f26ea62e88885655de7beb90a8e0de477d55731f845ebe4ac5fbadacb42a04d215aa3276593a9e23a6a8aacb05c107cdff7d31c9b63901138ebe925680f6482aef14186ca34cb4d01e6b01a617e345cf09a381f0620f7567a3c21ec21aef42d611824c2af913cc96c043f02b9,0x000000007e7d0c3a6447a1422149f11f3444d1c21860d151e1ddad2307b624f6499605df84b63428bc6f63c79f3f096a611360e0b32f3c00d773733ffec010706a1f97932a24d5da8ddf185119cca65f163b2b95d464455391d213a603e98fdc705a066dab248f90091f901c0a21cbea1fb6ff8179f5b2ecc72e6570bd79f76e,0x00000000624c7b75bc188669e46903aeabf2afe9d8bd9ef645f844fd16cb1a81a8d2461c20dc79bc7b812e1e784076a613469d6f5e0d9567148a9e6aae447e2cedf9ad5800da369c219bb061653bd525f633dcf380ea0fae4e8f274a31f63561ff499ba2d46964fc72a894f06bf9c6a20cedf3b6a0e9ccb91ee47b60424aa119,0x000000004e4a230a66e0a96b332809338b643668328886b2a646b7becf622fa34940264481bb4f751fbfbdef8e5ee5e579fee2e525f10ccf503724f26940ce0c1b78800022da0d0f90f961a05d6febb90e4a81d1daaddb51d34d9b3748396fc9cbee61b7fc29fcb536b6bce5a266c9659675a7e54a4dfc78fbdd13204e469fb6
begin,3,663,266,1566377599,6,1024,8,0x000000007fffffffffffffffffffffffffffffffffffffffffffffffffffffffffffffffffffffffffffffffffffffffffffffffffffffffffffffffffffffffffffffffffffffffffffffffffffffffffffffffffffffffffffffffffffffffffffffffffffffffffffffffffffffffffffffffffffffffffffffffffffffff,0x000000004c5c4ac1db03a870864ec414e917b90ff7bd6e0ff6378a5238a797f7854dd1bceb5e0d7ecab9bddf46a2581d8bdaeed892ce72c0010d477d30fe0513e63da9b03742cc0c34a5f5f3c3ee27125fa45dcba70521563f024904b91908d5d1c3d3b23967ba9ab77001aa66c71b03e397ea5a56dc107c84841f0bdf684d0d,0x0000000016cc81b57aa2f9b31bec5fcf02a86094e5ff83cb335496e782f9c587d3f1b3e55a4400957ce516a8d527a92fa2059fe9766c2f16cf93c9646dea91837c8de18db7a33331de8b9133d3441c2c640797e42f4333aeca453e487fbf1825401954d258e33d46f2d840608bfe1fb4fafe983bc6c2328758acd3b2185cd2e8,0x00000000791e24cd441896ceae2da1a14741e003d7a176c7de024beb6788275fe9b54e98bf099ea30912ccbd7b754980369675cd23e5384417a634ee5ab8cf7a10f7c58fe5e2e55183f19555a7a5d52a133d6ce80b1e6681cfbdd9c406b0aa1d44219c08f53ac9d7d9e682f01087f6314adaa68463846df5efa2518f593f64b3,0x000000004cd90cab26eb1eca6a65f9270e83cfbe957dea9c06d8dd95f7d0e6c9120cdfcd4fc210ff9466ac496e97047b0653538beeb9b13a408b55c301bee222822770d396d64d036853da584371cd26a86a89e27ce048327a7cb0fd8d344b4104aecd764a1bc8cfe0f1d811f9f950458ad05b9c70e3f6fb5e45156d47f9fa33
begin,3,663,266,1566377599,7,1024,8,0x000000007fffffffffffffffffffffffffffffffffffffffffffffffffffffffffffffffffffffffffffffffffffffffffffffffffffffffffffffffffffffffffffffffffffffffffffffffffffffffffffffffffffffffffffffffffffffffffffffffffffffffffffffffffffffffffffffffffffffffffffffffffffffff,0x000000001aa49178341dda102274fb583f003ad1c38b2fc591a4bfd34ac1aba23af4c03877ff69fa7fb1a77cd4823b81a586b9fcc298408a6a84dddff901d74f3516aa643d668546818eabeb63c33f6ac9993c58feb4795bc23a5244bf221fc6af12a2adfe43880d92c085ab578f2283bf77594fe9007c0a7c9bc680ffb545dd,0x000000003567dfc2fd8e5691fa10ccf5d4c3293f3edbf809b73348a257204384d73938330e1aa8f9e11043314922b18e4f8c01b9571e56156d91f97bbe1163a43b99bb66558b2207b0017b5f0a4fe33aa991f8d70703250666f5f8324a395c5d6f818a4fe6efee9ee34fac5b22b7a64caa11f5a06ff951e41b81dae393f11c73,0x000000005d533dade97c1763067bea3e56f37f1f029a59eb4d663bf4c55324280448d37a8d409a9328a7abcf35a837ac90943abeca67b7d3483711961c280772f2d6294c0bd2fb14700f15b270d8d8888512f0b409970e6008b93f85ec68846d5b31c8d3b05866f98ad2f80fcd3f38dca5b43c4aef0546db81bdd06593137edd,0x0000000026641fca0bce358965ba7ad66a2eb0a3a062ce5e18ac7f9f3176d7ff46fef0efa1b76ac0ff23485555ce2eb0609e315aa87af747643cfea2235e78173e1bf84e064a3598218462e513d8c889d878cba6bbeb6c166580d1fbc554891d65e7c00cfc69cf71079ec3a732bed1cf46a0a18a9e87b79d10ffbfb2cecebcb8
begin,3,663,266,1566377599,8,1024,8,0x000000007fffffffffffffffffffffffffffffffffffffffffffffffffffffffffffffffffffffffffffffffffffffffffffffffffffffffffffffffffffffffffffffffffffffffffffffffffffffffffffffffffffffffffffffffffffffffffffffffffffffffffffffffffffffffffffffffffffffffffffffffffffffff,0x00000000516b3ea5d04058ac1267785034b08357d4fa489621b81ec2c22c109c87940beb565eb13d851d1b6de62442e7be59f48261492fe68c8be40ae18182cd795ea1440a3cf80933f1a9189ab1057084b7e3329b9467ce98438d15456441df657f2b8c6fc5b83521c3ee18907d6325de6afa8d23332b60ff26338cc4a9f637,0x000000004212fa2e930585e1c3d84eb08b397aff54197b7a42c4db91bb23a42014a11c93d3e1dc81caef554a87a2ed0b8fe5c83e78270cfdb28118db8fd9d32fc807ee9a0a7bb1a71be436fb63206fa0f49f9a64e597583174c009943b9e997f5dd929684d35379199f4474157f47dd20ce203c08061be834762eb2fd23a2b42,0x0000000029317212a383086593e59b9135d569af33d78822b645d2597be2116cd763723aa714a5be392a671a52e9239480cc20d6b3b4c12d1e448b9f06e739c726f6c5429cc1009f39d4305d444d8fa2e13174f11eb08d90f15df5f2fed081446467ca3bda412dab8865147e6a96f8223d80972534b04e5dc1d41370f3edcf20,0x0000000034a26df7fe8cc0f4fb38c35fd8eb792931f3faf89788fddc46b76a30047aaa25d845e299f6e12bb557263d2b82560856625f1e7b60d270abacec30002e9cc1c3d23da8faad8cf709501f4223496a7071b2b96e7b1e37cf1a2466e9227ff769510cb87895ccd901c08cd5a46a328b9c9134896a16435a91f00464e077
begin,3,663,266,1566377599,9,1024,8,0x000000007fffffffffffffffffffffffffffffffffffffffffffffffffffffffffffffffffffffffffffffffffffffffffffffffffffffffffffffffffffffffffffffffffffffffffffffffffffffffffffffffffffffffffffffffffffffffffffffffffffffffffffffffffffffffffffffffffffffffffffffffffffffff,0x0000000035eca722688416072cd8e11605baeda76fdb01d299144275539cb096583ddcaf471c4140229d3884de426ca9e4913503308227806c67f7490e8ee79aeaf9eed4e85766f3f5cf1f294fee865a5180ce0a168dd6c556ddcc08b18b53d9d7034fd48d727612cd5a2613d0abbced87c6bee74436ac2c7826461484e31154,0x000000002f613dc609b75efd0529e15ff38473e1c77eff3a1954a58ad96372d7de939e55ffc3a149feabe054b4f5fd7c74c12d3678bce870da9d23b0e623d94da768f0cf90c00951ca7660e8c944ee6ebfc8d90219784190362951699367f7442db65dfc3ef1fb36a1f917d5b9dd27cf53fe223f105910f94dec2c014bcea9bc,0x000000006ff321ab648b892f1a1f2e4b9c3cdf5d83188d6c0937c5aaa63dab0c07ad67e27ba1e30579bc03ae87c9c288b88e31db95fb1a6e91f40a105edb7c15240bbc53fd426397dcf1fb7ba53c94262c0e8f58822a837d65d6be9a00491e51ad8bc0b478527e2f17bdd590455456dc9e4c0f3d2780b7b5115e7fd220026175,0x000000007d5635d2c6381216185b9728a8f48c5b5165340b263c615600beb3e3d7387ad5ac1bd9dc3b3e457e21ed994014d4adccda9109e9d98f0e8b2f28f990bbc8b3b89ec3f41398e043c4090b48c47bcb991227ea3402c05b7fec707f00b7bf7e34852a9e3cf2ca64b28e81bc16c3d13ddfe07cc0030aafe804e1097dc8ae
begin,3,663,266,1566377599,10,1024,8,0x000000007fffffffffffffffffffffffffffffffffffffffffffffffffffffffffffffffffffffffffffffffffffffffffffffffffffffffffffffffffffffffffffffffffffffffffffffffffffffffffffffffffffffffffffffffffffffffffffffffffffffffffffffffffffffffffffffffffffffffffffffffffffffff,0x0000000044c089a7642465aa154ac6b0951bde9c09bd2918377e98cdb6ef1ed57a25cbc3d14f6ef42b3af8a8a68a08939d8e79c4ef21514c3c1595e48d836fccd75491b793de32f0deaa9335c697730f2d4114d6fe728ac8a2a5531a877b96775249473321ee7688c0e096e88e5b1ae5fbe55b2c5c7923826b9ef9e3f620998e,0x00000000182fa813d965efed5079f063599cc63ded17a77d173ebae87e6d8d54944455cb7b4df83552b0e46c2ac30ece2e203c7b9e361552914ad8a6ce03e3a683d98e8e7dd3aeea1ff5c779f062b5203b1b4d989e1fa028766c65f37a512e8faf35c83904e445155f03eefdf1166ea0d06a05ec24da5a5eac0490d7aa6c958d,0x000000004d49f2e5cdd5f937e42229fcb063bf1e9fec12ec37ec43c14effed78e8b78cfa040e909b4e7eedf849c8ee729245e3f99f4c0dfaaafa94085b102f44c5440a6249981fa5ef4ce7ecaaee99aacf1013810d627dfec32475b11587fd258d2f0cd96541965f5d60f44b2388dfef92ea9e4024fd958ff4c806e3433cf045,0x0000000027c1bf9d51febba66c8e532bb07f24bcf4a9858508a607f6a5dc16ac6a5113b61b4839d8c3dd8694bb3a3b2ac2f5505aba04ca6478891073e98385063bc0d713e423ee6baeb1067aeb9d10b69561c364ec1d6ef8912abe7395a74a33710da8ba28e7df91faac4c81b9860d022ba86142580ade8d6f563c672432a8f9
begin,3,663,266,1566377599,11,1024,8,0x000000007fffffffffffffffffffffffffffffffffffffffffffffffffffffffffffffffffffffffffffffffffffffffffffffffffffffffffffffffffffffffffffffffffffffffffffffffffffffffffffffffffffffffffffffffffffffffffffffffffffffffffffffffffffffffffffffffffffffffffffffffffffffff,0x0000000004c3853ae8b0ecad8569a4386471016b64acb215b15a07d156fa32e863987ae7f1549c251685a2c7c815abef89849eb8e9d2da98e8a53644b376ebfd5c07f6c3e8ef4ff97d738a27cfe1beb3a635053020c7f89d8bacdd8d1093de0176a46ea6781f0ae16b53cd6d63ac03b3b6ae79f55cfc91909b6cccaa8e033a0c,0x0000000041ec12a2edc1358fab32664763747f7aa9dae45897d6c49d27cc817a3017fe50224357ed1dbddd3f62740c83d92660c6c43543a1c6d5f0aa6738e3ae6c4626d1dc5896ee01c04181ebd3aef4c413e84b865276790379afa03c3b7ae3d2886d644a36f1a561ff5105f837d71a8784d30441424804f557e957d92aa112,0x000000001e6bba8ab1f389593bf71afd22e1bd656d763828a62acb520ee2f08c273809149068c8f27e9f4e438047ecc30035811d4db2df540a637f63a6c4407a667421dca688ded1c69fe931f1c849a49c2c2da81bb34e75c0d5d6882ed2090048e58ca400d35ec57ea55c647306e02bd9c9f88612ca5c08aa6093639ad57b4d,0x000000007075a4508034e8c3138a1ece9aaa83228bec25da305bd7e22e23085850dfafa5b12d675f7b5591de9014fe0b250c92d0547f19c0d4d2489eec9c6030be73a356e66b2823907bde55601beeadf0266804657b55e12db54b6c8b3a31b3f6aaca54db112064e84e1db060cc05e7044e0bca1dc83cf104e3838c8625cc27
begin,3,663,266,1566377599,12,1024,8,0x000000007fffffffffffffffffffffffffffffffffffffffffffffffffffffffffffffffffffffffffffffffffffffffffffffffffffffffffffffffffffffffffffffffffffffffffffffffffffffffffffffffffffffffffffffffffffffffffffffffffffffffffffffffffffffffffffffffffffffffffffffffffffffff,0x000000003ff0de89fa1e09b6b7f1847a49973a227ed2d04adc217615df494e18ecda8331e10260408a66a7c9136fc3bda381a99440eb3fbec109c11ec3b6e91e0bd61ceeccabc23cb501385efa73510f089900a81960fdd77a14f1c6ce32a0d8b8079cc84b21b5c36e62379ac3440f251471d1d5e6c99dd008d4089af6e80c07,0x0000000048a10c9cd2a1c79d8763a250cefaca46f5475a48654c8c96347a0192c93f2af569e6bee21caf8e2bb18f3ffa66f5095f48ad703bb4b5e0a89673718ee8a00215a378b6eed4dcd96e1fc0593a1c10604e04e0694f4407c75b5321e065c4f09d3b97e0efd91426cf5664d864f98e25e5b6672d04e40335e941334a5690,0x000000001d1cd7e384a233f508c44891fc5037556d53598a12c04ff09ec716edd430e3ee04a52a40ca539c685f09fac6b97f686ffec985e5638068309e1577ffaf391a60aadb73158504d55a5e915ae3d91565431e5d60eeefb4f97c6e541a75816507d045b2a60875e9699cb7b8f2e2ca83a2cd1b8a3d79bab2604201f416ac,0x0000000054682f21031366b0143ccc7b85701d2c639d1fcbef7988fe17ea7c19f8e990b73f9e17f42abcf878c37843ff788bdd98bbad6d48c2bb30ab6f9b25f07c0dc9be4a6eedfc134726323ea7465b47f652ea95c6bb8a1e4fd985601e4c6bff4b638dad38c13fd5f96a6c4268f21fabf90c81936c30f379369a17f75e3427
begin,3,663,266,1566377599,13,1024,8,0x000000007fffffffffffffffffffffffffffffffffffffffffffffffffffffffffffffffffffffffffffffffffffffffffffffffffffffffffffffffffffffffffffffffffffffffffffffffffffffffffffffffffffffffffffffffffffffffffffffffffffffffffffffffffffffffffffffffffffffffffffffffffffffff,0x000000006224195d8d1d8885f314179ba051af21db3b41f00bd664715c01cf1bf93655b217c9287243bc7eeb2abd9187875256d7f82aeb91eeeaa09677f2c279e67cbf689bfd9bcac535d59ee30ea1e13550215dc7bb6bcdcf5504d1664c56a9d71d1bc560f438a6055fc2c1595e61c2b6340c7e0d3d5bce2968cba5f2b568fb,0x000000000b1afe99822e170961b9e406e7172de17ffb313ea576c69c6f3216241b737e993396e231f4585a891b65a58be5dce9cadb65299d8599ec81eca6dca236776cd4927ab9aa78f13f3beda44254a0a3604cdfb90adc462cc1c5a0529308e249e764a576f7a3503af01f6e9dd3c92cd6cb67618e378e1ba40a6eab4f9d61,0x0000000025b763cb38fb3a047d00dbecd773b5876cab9235392ceac125f970bd4ff333b16de3bcc1f242834593ccecffb4273f10b20a1c777d5b5aeb1cde3305b5aa37a569b46a7452ee448c5b0c5e8182500a765f5635efe7b4e3179a84e92c5ebb1004d2883bc08ee9654727c8b5c8a23e81a4c88ef002703a7745efb0be4c,0x0000000072498f724d20e8c9bbf6e39a143d61d2d8267cc2650763f73360b8a14d62584f16cda74f3693f060a4debb67d5d2f4e3a9f8d3104b1192a2ae61f3587fbc33f51279bdbd0b1aca41296e93b456089c4dcc77ff58647e3eaf7d178d89bef96c5b6277add88ef796cd6d5d9ffc0f3fb2316570d9f5ce4f4e24cddaa957
begin,3,663,266,1566377599,14,1024,8,0x000000007fffffffffffffffffffffffffffffffffffffffffffffffffffffffffffffffffffffffffffffffffffffffffffffffffffffffffffffffffffffffffffffffffffffffffffffffffffffffffffffffffffffffffffffffffffffffffffffffffffffffffffffffffffffffffffffffffffffffffffffffffffffff,0x000000006cc87d5e877577fe86b2b91b376ec055b76c231cd4d1f4e31414c1aabd0677922536efa5a5e217e14750a88fdcb0ea3b5ea00db0d3ea7583831dc2b3e50d17d6dee378fd089a3040552eb69e30a5b3e455ca445a60751338ec64ccb15d1e8d77c5144f160069ebe131b858402e188868f74f221d1eb45b73f9a2d2a9,0x000000000968235d2e44af6c1e4848ad533d2b362013847d39b3481200b40826e4e6068279efb7c1bb63eb8ce89247718964634353eb839cd04a6933a1ee3aa5deb2e11e0b159ce8886773a261152b492ca413f6ab64b44382e0e2ba7a31b69e119ff839eca6fa0eb053698edd9072f10381803b133b8be877c14be595f5a641,0x000000001f7ebca586c5f3feae8baad22912d0f76842ad08bb9992bf53a1f4b829612f342b5b7bfb35444aadc5e9d8295e087809cca96f6a44dcef123795e0de05b277ccce1821dc46a1ca07abe176459380d8abb23f675098a52e83e906fd595e1f5ed673d3dbe8110696d7cd77c3c5a6843eb8cb6697fe68307967897dc7a3,0x00000000436d21a901e7f92bd821eca3b7fabf123e26060539ddec890d90080d5dfc9ca268b9d51e3f7dc7dd3b525b179831710ea301d5e55ed380b9bd5c0c31f98d143888679b0097b880fa986dd293aab5faca6d6eb5f6bdf89440ae490fa7a274d62f9ce2a95dcad443f4e56a9a2853b3e074006dfb5ae3025837f31ebc9e
begin,3,663,266,1566377599,15,1024,8,0x000000007fffffffffffffffffffffffffffffffffffffffffffffffffffffffffffffffffffffffffffffffffffffffffffffffffffffffffffffffffffffffffffffffffffffffffffffffffffffffffffffffffffffffffffffffffffffffffffffffffffffffffffffffffffffffffffffffffffffffffffffffffffffff,0x00000000132a92bf015cdfc4a575d84700084851a0f9f1173be6ec271d924c8826a69cb8139bc44c1bbf05569058c8379224f23f5276ed19dfa1e4f3120da2a0a5856ea5c74d1a442c148386e02d1d03d1515d33843e3d6c921abf3eb037599973bf407c280fcbbb152b258558dfb65615a7ae5afd28383ed66791e8eafc54f7,0x0000000048233909b204b7010b2d3461351eb14f073c48d4876838bc3fd149b3ae1c4af0de0f3faa3fe848a813c3c60491c091859d1968f150dcbb589ce31308667ce3e31977ca82e8f7e43973e1e640af8fea98846455a6b44c9d840aee3d53b33d24cca070947db091073d0fa76a9d62f3555c1487c894a6cdbe7d941049b9,0x000000005f1e0109c8762801a8df768ab42978a486a2d94e2f589967e0e11fa5dbbb7c50c54fec7586b80c36c85945322e37e0008c6212aed18b7cb61ed135971c772c969bd50a5254928d404c33d7446acdccaf2a6bf25bfd8a7238957bba17b271250f9cd91f24cbbaf0cb79c6fbb41c9adc740314a479ebe9dd95e60061f3,0x00000000037a9367595abb89bcfefad2c7f8db13ad068015bb368d7a07775df7ee47f1f9c4b82e12a928c6630cb0dabf4e4f1303e35b3fe09d389de2a184524e4075150dff36d301ba3fc4d6cdc14c85165ec4c6cdfc9ff512e3c729bb584be8af5dfd8b8510e32bd351d12f7a331cc20162cf95d9c722233f8f5fe736c07276
begin,3,663,266,1566377599,16,1024,8,0x000000007fffffffffffffffffffffffffffffffffffffffffffffffffffffffffffffffffffffffffffffffffffffffffffffffffffffffffffffffffffffffffffffffffffffffffffffffffffffffffffffffffffffffffffffffffffffffffffffffffffffffffffffffffffffffffffffffffffffffffffffffffffffff,0x0000000016f0a59d79957e137b5abbb8105dae4f74d3edd0e189db69afda759e7053b24fac4d23b438c19b2bbf7653127f2b9f102440d4c5add44d94d37ab54263a29ca76789793b4c3c701011d9974562ea725e7f3c1df262fdb143744a94118d8237cc41d16807d5ba993858d2dea81ed0bb50ba9f28529852896c2eaa358f,0x00000000455ce74cb81369b3247d963488b6b45d920056925f12f69983749c46e124f4dded0483ac3d0760758f26b2fe59ace570ca7719f0498814f07c8fc34fb09bc7c367e0c3b73020378f8e6fe134288b3f2cc63ad35dfff57ee47644d2c384d5e9966f14a089cdf4e458d8f38864d0e6d683929eae6da3cf5a5ee0aa1388,0x000000005020fa7235a8759ca761379c48912ecf2259c285fec3f43a5876e7e86eac32f1ce038f0e560be0e0f519d3d6431253a1321a5766dae9b9527f6c32a21ded1db5d2c8765a3469b16d27ebc7b8db40dfc4ee812d1b6d696eea2a02290c449b0d46776fe330896c54503ab3a1b19b0549ec04aed0d61a49b9d643b16e57,0x00000000133936f9ce03b78de3abdb3e54dd616ef26556e549ee4df509fd9e6f3779d62ccd8de3fff8c58676d8ae6b30a24b7dd6461a02c463ac355bac5e7571399ec4b0f0ec62236bcfb8a31929b2a109494cf5d61cd2a34a93eb990b0323fdbb5bea5ddf20fe71e4ffeca1556482f1c587cd7e0655de29d5038d77a064f55f
begin,3,663,266,1566377599,17,1024,8,0x000000007fffffffffffffffffffffffffffffffffffffffffffffffffffffffffffffffffffffffffffffffffffffffffffffffffffffffffffffffffffffffffffffffffffffffffffffffffffffffffffffffffffffffffffffffffffffffffffffffffffffffffffffffffffffffffffffffffffffffffffffffffffffff,0x00000000598fc401a575c15d07430f0158f35920cf06ae34d0add0858867035eb87a6e650532f33bb351a1bc44e689070228aaa5a8cebc9b94d84671eaed2073c1044197957536e1fb749ef1d527a77d2d86a626972d392d6912c40c7af2143e32a2b3c19dda2b73c87509431fc5fb5fe32c6e8296b79ad0537d849d04ac3330,0x000000005422b44618929905a2176a08ce6d9ac8afed6601a5dd92a0c39f1bc96e1861f8c586aec5583f5dad0dc6fbabd3691318cc34b48ab387434f5ab44d0d5a41e6976c8035f3559ed21b4cefa7f20e9bb2874bb1d3e252f8f3c04c3b32cce68ad940d4e5e89fd9b828c4897bbef9c6fd766a026db3c86ee479ed3d7235e3,0x000000006f7e577860fd7e3e73e8acc146a1dfd1d67ec53a33394d219519f092376ecd55b715348f8bc3014171d580bbb4cb7bf9000c9ab94e0aaa733865167fc0e469fd5a56c1c920d51899160902fa0460d76dbbc780d29f5dfdcb165f278bcf22dd7258fe4d521c6e5fc4e623ae49935c988fadf82ea573046c06ad25802a,0x0000000012b826e9805135d785e93a3c3e971af758f25a259f8a06035ecf8ae51255d2539d4a0e86ebbadb8063ff8ff2d4c617bac79b720aeef864413cb2b72b13b6eca83266147408998edc36542c5b66fb95c7bbf014004ea294fdef66b317f1f10bf1911f560740a13811615fcc0decde08be6d08f2a9855c0be20c3a84ca
begin,3,663,266,1566377599,18,1024,8,0x000000007fffffffffffffffffffffffffffffffffffffffffffffffffffffffffffffffffffffffffffffffffffffffffffffffffffffffffffffffffffffffffffffffffffffffffffffffffffffffffffffffffffffffffffffffffffffffffffffffffffffffffffffffffffffffffffffffffffffffffffffffffffffff,0x0000000004ea359f44544848b61647289dd1ae6a881f3429962790433d8d577c086c2d848b938f9054b7b6762a37de13afb32a37a9369774a3aeebd4d25d2f3913a5eca64cd9ac1f7cffe464ee22a497da37de55e8a76749d482b31cb1a412de4a4b5b9e90a141267cee2912efd1fc583f3656935af4f3bc796098419e155205,0x000000006c2f37d1cf19b671db858e8503546d18d3e2e15b904a072d5ec9d4a079c1b5ebd3d5b03201dde2a32ef3fef5864065ac99df98cebc39d27f42a90fa9d4a97b314d07c324bdc2e4d06d93359c8f2abe10cbd8f6f145d0153c52ae96746bfa95f1ce77cf8303facfc679d2cc4c9cce2ba4511f054414d7578ffcf59530,0x0000000069c94a900e10febafc1db946caeced56437fbc034cf44fa623e8a3cd3ec3996f80728f08649c52790d7c78b7c7f855369ce41464ad8339b1142e952a44433c17493c7910b292d41908789e72db30429c79e7c6c3d3028cc7e2445ba88d1866cf92e1aff202d1573a661df6b7dc4e75bd07b5fcb3342ff3649b6401bb,0x000000001185cae1a0a240e4a4eff11013a74cded386078deff94218a4b2d3b2459b23063e971af8d4d21a62c43364eab2769f432e5e8ece5fcf5e220fde4a709c4f49339e9ee6b1a70ba8aedce1283a653927f6645d96efc0ec3d3ccc405eedbd284a0ba92c3d7b715295bddaf6296bea78426aa28957f160eb8cad58e7c374
begin,3,663,266,1566377599,19,1024,8,0x000000007fffffffffffffffffffffffffffffffffffffffffffffffffffffffffffffffffffffffffffffffffffffffffffffffffffffffffffffffffffffffffffffffffffffffffffffffffffffffffffffffffffffffffffffffffffffffffffffffffffffffffffffffffffffffffffffffffffffffffffffffffffffff,0x0000000079163e2d8a953e123d226770abf1b868a5cdde5c9a66466201a823ecf48c37edb4140440104aff1f743215b4278b3c3f79411d5d0ed68f18c272a2b49f83dea8c61ff35aa88acc258db691cb47a48de5e3cd4fccf21bac00eedfd8140de2a8238d192865f3ac07d2e1cab358a58511feca92b7862ddccab9cb908dfb,0x000000006a5bb25d78472e02b65f2476c42aabf6a0323f090ddbf3132c08489f57be57cd207347ee058fe28a002f411d4591c83b4ddd39f1cb7aa80301d01b6fbdbb3f204eafb3c7c7220754707408cd6c183b08e080d2f27f693475820b202b9bc5d92ed61dd21585d8f84420c795f1e6c2ec3bab532ef11df61db8dbd4d3eb,0x000000001177929ebd9c35ba433e575fd759365b9414e2a38889ea41297b1af54efa73a71ca987e5810a7e81576ab032fb8796f69263265e84ee065b2266f5317553e9172cdb4f350af81eb46fc5761f327f7fddd40ab76ccc7dbd81db7177bb9bf714c98cc2c63682fc24ebf64195c9a9c2100a4ffb7fbafe1954f748fcbe0f,0x0000000073d331bfe7b301d7d12bf415bed1607a31478d9887514bccc502d2d9dcf75241fa2b623beb93fb48ef1ed6102aeca8e6381793c87c67ee8fced28b7e8c3628374d6b487c7011cedff36e2e7970239ae2541fbd247f202f3669dea520a743e8bf124943fb23af919aa006880d1333478fac2b4d69c7071a2007e2a6a5
begin,3,663,266,1566377599,20,1024,8,0x000000007fffffffffffffffffffffffffffffffffffffffffffffffffffffffffffffffffffffffffffffffffffffffffffffffffffffffffffffffffffffffffffffffffffffffffffffffffffffffffffffffffffffffffffffffffffffffffffffffffffffffffffffffffffffffffffffffffffffffffffffffffffffff,0x0000000053fc59825541dc170e902c7637fb260f2a34c93e529029fb31e54d2aa426a663e8cce315eb09e096354e0cabb1f71023ede6532a690c2be425061290af245ff502d3ea9dc47385c23d8c6d5cac385e25a3d4eba41dac2f6e776bca9ec7a6cdf8d02dd7829082a8a4c2354547c6c8cd936d602ba0f341c8110f1930a4,0x0000000028bf86148d019114c9c58daa671416d58e1f202eba33e742508ee7e69effc7b6dd81e6cb6e5d0206e1a3d596e7f60b5a668407345fb5154f8b54b666654a5938e2dc472df4aee36f96db9d089ffac6dcfa60f153156bdd314ea55234ff5587e590d7a269ab159befbf5de65cf776c96da270c7880ffc4a580ee2ed64,0x000000005470e0d67445432aa31b650cdebf9688db463c1fdaa16ee831e3edf1288b1440a0c366b22250c990b4ee78f98c8eb3607a04105a6646b9914027e40f407d216eab2bc0ec86e854bf01cec8d5c0bf526bc76bec3e7a0340d1a534be9b49d33656b7ad26f38b32a159d5c4de5a0128b6bf45151c26fd941dff49c6ff26,0x0000000000475fc58feb3337a450fbce510b93994b9d4254dc3f88b5b90da72644f535f287b5546cb949be917667a59b31d64ca242a8f2e7ad3ca894648c657a08cd213f0fd1c3b32f29e693e85499919306a2ccf497abef63315c3eabbc3232f494e41c2f531c831ed52a4fff53e852d50ebaa9b934f9d73e169c394a2b1af1
begin,3,663,266,1566377599,21,1024,8,0x000000007fffffffffffffffffffffffffffffffffffffffffffffffffffffffffffffffffffffffffffffffffffffffffffffffffffffffffffffffffffffffffffffffffffffffffffffffffffffffffffffffffffffffffffffffffffffffffffffffffffffffffffffffffffffffffffffffffffffffffffffffffffffff,0x000000005ae46ade91cea2555cab4f06790f2ade7d1364db66dedcee1f9cbe8cb9e59fd9179bd6bf29e5ecd291db23a48c76fb83bfba32cdda843d707b2e1ddacd50f6fda64f6e7a57a7abc54144ec786b85f42d264ebdd073e082eeb4c370d6498199ba81261e445e2c282b233fcac854d60693ff399dfdcaa5286fb86f5b22,0x0000000076da5232a995265afc25fe6ea9f136f521774838e5179fa209344e2b167749fd10c8091790a5e48db06273ca882afc803988fbbe112d78a2b82a9f2352b6a94fd38a82ba2aef07d29e1eef9afb5bc074577f88e938bdedd34036453a51ea4dfb603ff19d80fffb74cee69f7fbc914f1c860e7cfdf2c2e2e30db402bd,0x00000000247de213e99a6e54920db90cd5d8769986838cad6955eca65353938716f378ba1155218e52cb2f9fc84c16b87d392e8e560eb453e21a0c6c42fe7c038fe7343f6bf14fa8ff36736a3bfdc8743f1797dcc1d1c3abfbbc06fcee5bcdf408b3b30e95ecafbb7a3a607529bff28b0567ce7efda835fc1bf5b4b61aebe352,0x000000002ec78b2a6aaa6dcd76db07d86fce450da7669cae0eb22a0ba48f643c4c910e56d5a6d81450b9833b5d72d82ed7153327bd32d2f917d9651d064425692d715ccaacc84af08afe91cdc1643212736475bd377275ffa65e8f0b2159456f98526101d894e119cee983c8b113732f72318a50f6ac0e5b9d201a63ddc7cfaa
begin,3,663,266,1566377599,22,1024,8,0x000000007fffffffffffffffffffffffffffffffffffffffffffffffffffffffffffffffffffffffffffffffffffffffffffffffffffffffffffffffffffffffffffffffffffffffffffffffffffffffffffffffffffffffffffffffffffffffffffffffffffffffffffffffffffffffffffffffffffffffffffffffffffffff,0x000000003cd43fee8b341e103ac2e1772443f2c6a44230584594f12cd538f4df46832ef4c4540051c554a427089dc00a937d6b238b3fc3e5febc0d26424ab7f4c2ee572b3fb459eade2265a8cfd1ca6e4942229353392d4016ee8189ee99736283070b6f891b787fb74a105c69650fdf63b005b476266c071d7c64487f10009b,0x0000000072d555b58f204e36931337df3a0816e7c65dfb184c65d5a2c127dae3aa766b8193480a6b80fbe98c4961441f450be8220d27c568a53ed2adc1d1585369acaf76c7faab1276b57453370cacaca7ca6c76be279d76a83e9b724304c2f713044521aa32a97d89bf31cf30188ab5952c0169c2f0bd8507144900e51bb778,0x0000000006b80b974a85193abc45c69beca398d5d02a37eddbaa3674182dfd7b03d1bdd1d2751209ae4fc85b1d8342ee7c14da98e22b5d45c138163fed8303736ae0bff9930c523aba448099b116601f910ebc39504ffd9184af2a2d514fe72d5a0cba33c3bdd233339b7fc7742f78c2ae4b553436c990b0f83c60a0da2abbab,0x000000001540b83ab035a7017cf7379be27fb9fe2f3a67e16797a459ede7bda81dad52c6d527708cae8220b28a3b44ee975ee7f79b18a5e664bcda0191c30dcfd68dcdf4123eb342b1a8aaf5245dd06cfecc41324fd61e5b0da1c75183704e762575917d93735d721ebfd7e4a3bbe2b1877bb8e0e342e01ba9fdb1befadd3244
begin,3,663,266,1566377599,23,1024,8,0x000000007fffffffffffffffffffffffffffffffffffffffffffffffffffffffffffffffffffffffffffffffffffffffffffffffffffffffffffffffffffffffffffffffffffffffffffffffffffffffffffffffffffffffffffffffffffffffffffffffffffffffffffffffffffffffffffffffffffffffffffffffffffffff,0x000000001a76c120d86ef97714ca3fc4d75e39e817b299dd3c86cb5dfa32e1505dcda298ada837398bb156736fb4c689c082598c8c42b6766eb177295fc7c8902a2347313b180fa30c925e197d8093e6c1dc7fd90f5b1224ade3e5b19b8cb31874a76a14bb1a5536b34adb6ce40742d0353cf020150121d0a1098bbc310d4ca8,0x000000007d8e0e717e018d314ec924d80397cf82073f633d7c5c0da07870b277828386ea47bec59ade2095dd11fe69904417c84c917e23c4387c1f53c65c0948503c1039775ef24cd065d17c1cacbc1635898667264437d11c447af91934cea50014569c571252c7fdeb9a1521f530f554c962a315a83c2880b78a64d8f6320c,0x00000000774286fc98019765712017f777fb3a0e05f2efc32fa9819c9ceceafb874048292d39615160b2ed47ee25989a1499c070a21713ce5bd6271431bc17dc621681a906fa763b049e5268cf24a41036e68b8f990bc32bc2a7719514286c79f4112b9352982962788eda53912be6f0a28a16fee6d73f4738891f1da7b76c25,0x00000000497e901b5b51e376c6335a4b7f73401af1c28053e87372614c2ea64f536e0d472ceeacf0dafea6e33fb1df2821d4082a64825a06dbc3f1fe7f43c85e1a49a1c24ee214b0799a034d151fd33344059da6c1dac326f0a388f2442506443aa789c39c912dd331fc46b91dd17ebd699700d04db68ef81551f02a63814cf2
begin,3,663,266,1566377599,24,1024,8,0x000000007fffffffffffffffffffffffffffffffffffffffffffffffffffffffffffffffffffffffffffffffffffffffffffffffffffffffffffffffffffffffffffffffffffffffffffffffffffffffffffffffffffffffffffffffffffffffffffffffffffffffffffffffffffffffffffffffffffffffffffffffffffffff,0x0000000009c8ad1124b2047ba6caf31d136be29918d1af255fb98a99ede2dda0fb80efc6a93fc377a4f9629f40d0374e76d343b43b748a9b0dc3c3c49e3bfac01dcdc1d51b42ce1c974df18ecc414330707c4f42378101d14623766059d2b5575f75d56a25d0d8f34fe64757457468d6cc2c0fc5ba7e0b51ef5bc589206a7b3f,0x0000000026539ad57a072de5023b786c8ff1ff8d43125a58603b4314f209c2f45b84129784bb2433cb30aaee0627b01446931c56a1ce13940e138e996bfac5a5b003e54b440b9745ce5923196661f42e8face68e927feb8cd7615ad59d6a8c7d582ad70de61fc8010fde3756b354c5a44a5af58ebff1cc26ba918beb6412992f,0x0000000041715a21e25607f47a05e370ce9bb78b06b3dccf53524361500f56df37cb0ae04f1d5c7391726b5e854558dc5c20069f0e9da4ab97a54aa15736e57efc0a404c162f276d2f81060a1bd583f9fa769ac9d4dfdbd54f2bf2968b7bc0d45f4cb2596dc7845d44b2f8960c6702240f45906cac4945633321403c94d6b7db,0x000000003fd1b7988c7338c23dd0b05550b5f71d617fd733d311cc74f038cdae5c76cea3f6155c1d806f063765d20f2abd225334b658c9fb4df16ddc2ff7fa57ff48cf6946001dc5de3685476c7f18501ce99f4a0204f52d2c7579bbaabd3437ba49a49bd96f049f5afe4480da7a87938c3626b43503c0e6fde0f4ec5052b73e
begin,3,663,266,1566377599,25,1024,8,0x000000007fffffffffffffffffffffffffffffffffffffffffffffffffffffffffffffffffffffffffffffffffffffffffffffffffffffffffffffffffffffffffffffffffffffffffffffffffffffffffffffffffffffffffffffffffffffffffffffffffffffffffffffffffffffffffffffffffffffffffffffffffffffff,0x000000007ebe6ac6d96facbbbbcfa09f32f1fbb898d8e73f614b4b91e975927a01d37090b27c2daf826a51455fc42abfca8a1843c56d78462796e62302e775467c80f82c1002491e71085c7b6bca8942ca035bedc23ccdd9939dfb245e6be29dffd5a7a9e9db71bf775b7a8500420c72fbec9c4cd46543c4cde05f30cdca016f,0x00000000020278d8bbd0bd18f4bc034ac391756cc345e35e2fb8a0a5887abf4fd29fb3d96a2e4ee805c91916603f6d361813305f5c05710302a43ecdccc3cf7b373efad5c80f1cdee764187493537f29b60c903dd25b294082960824e378be2d13f765cf9d4c9a0f819abb5e326ce4c17515602d42c2fea3d55f0e66163eb71b,0x000000002affbe57355f0e5ca2c55f349ff8928c7347ca318c2ae44ef790e6d6d477b89c8c29369c67b48a5a176a5f4d9f1fcaa4a83c3f626f454850e41ba418279d4ead5e74e45290e99f786901a7d19e35a5fa4e0ea816e2ca6f04af9c1459cdb8cf92b54371fa9103767592e98f3d518c7baa43609d63ce32fa9c260cfcd1,0x000000001bf7f9156206bb0bfed3d6311847ce3b8a7bbd86b4791b0acde0bfa58be56f4454f563c011ac4b4456cb9fa8d521d16fc3feff20aac49a5b1d1948ef39e76a01813ef786db546b6b89ef00731d5b8a363e81b37190fe3bd3d24de1bfaa5d52ef07e1d49bd47e262c2a2b6c94b86036d60e47ce9486025efcc7648236
begin,3,663,266,1566377599,26,1024,8,0x000000007fffffffffffffffffffffffffffffffffffffffffffffffffffffffffffffffffffffffffffffffffffffffffffffffffffffffffffffffffffffffffffffffffffffffffffffffffffffffffffffffffffffffffffffffffffffffffffffffffffffffffffffffffffffffffffffffffffffffffffffffffffffff,0x0000000019b9ad649b346717642508a319fa66110b82ec92c06156f5973406396a6e2084538c954d3a36cb29609adc13cd5d0d89e2672c249df16dd6c1cc5947ad6e4e17785846a693f35a7b5d02ff1cd0d62085a179990cc8a19847bd00afce830d42d9f0faf5c1573658068b2cfc1432d842a2d6b775338241e6b121a9b48d,0x000000000ccc7d262cfd3b35039d6df0dbb3f62fd5c8968a962a59586d662e52cc9a23a29c4af9ed944f5180fe519ffbe5409ae90d944ef20413d3e2b40e4cfd7b0135edf6ab6575a4625c2e16d1bd9821ca6da38701a624869323b0870f8770c449172c49f4c88e3d304fafc2e443e5cfbd375a38c839c5e445469eb5ba1726,0x000000006817f667693b8fb415849c5a9f154c3093af8aff43c76080367aeaf3a32cf3b36df781cdb720e322b6fc6eb2d68108055f177cd833edbeb6647653423ca9683a70ef34a9896fbadac57a1f1a72153875133063b87c9a57493304367d053302646304770537ac92b79801d484fd0b309c67a527eb732ad439752063bb,0x000000001388e24868ad2b417bae9c887940dcc324e5e659817ea11805636f78fe0d7b9e57996940495d07a1e15a2b0835bf2e06d7059a9c21ca2d9c608effeba33dedfd94bccabf65b543d625a2ee9474ca090d8c7f51ecbc2dfdb06005141394989e305a2cfb14ec4d4140ceb64ca711c87f554b139707f306a89adcaed59d
begin,3,663,266,1566377599,27,1024,8,0x000000007fffffffffffffffffffffffffffffffffffffffffffffffffffffffffffffffffffffffffffffffffffffffffffffffffffffffffffffffffffffffffffffffffffffffffffffffffffffffffffffffffffffffffffffffffffffffffffffffffffffffffffffffffffffffffffffffffffffffffffffffffffffff,0x000000000a4e546c72746bcf879f8de6c04ed5d60a379f1731ddfabd1249fa6a7d5ea1e7340c7b14574845de022f82c0a013c961b4d90c42afa3daf66598f51eace97eb4ea50ceebdfdb467c75efa9c9932b2a383bf43386095b69e6c33d10b4efe0d75bd7faa8e8b4242feb2fe3d6007a979ab1c7673854ae5bef3504e48985,0x000000002d4f270b492437bd0b3919be2adcd3343197d533c73d7e7cfa7c4fb05d57c7a3a7e57726da1cbb5b9599ab74bb88abbf4be77943e355fa0f8a6890e63ee47aca433a2707a086a71d5b4e80ad66fcf758a02fad98e838ecbcdc175bd9bbc8264383fa51350d72c8f746e9951594aff59dc868d8147aaf11b6db8c3bd6,0x000000003c2b4ce96b1ec0044c603323d8378bd2f7ef308f0b4e980c7aa96db6e0c28215d7ce69edb8bacf35919a04145f65a2d6d900dbc58d0b360d72d86ebf12bdc82355304668fb2a3c391623d0632dab944d5351aee510d5a5245f45ae0185da5ab1f413f906d8852eda8a96562be329175c68dbfd19b931b92f5491fc40,0x000000002f78c9ac1365e070cfba971df5048b16eb4ad7ba563ab90cae8e66d451da170727709becb1fc7b0c1ab3da8bef503b6bb77d51b980351a3ebecc731220f1c277a12980f3c0b5ccdbdb28cd491c0300bd0a02ac772b60ab1f864e8ee7e05bc046f28850a9d1247e11dda2d68a9e62ac56ecc648d17cb5374b42bf9bda
begin,3,663,266,1566377599,28,1024,8,0x000000007fffffffffffffffffffffffffffffffffffffffffffffffffffffffffffffffffffffffffffffffffffffffffffffffffffffffffffffffffffffffffffffffffffffffffffffffffffffffffffffffffffffffffffffffffffffffffffffffffffffffffffffffffffffffffffffffffffffffffffffffffffffff,0x000000000fb903e2c82903283ae0296db44b6a077da8c9e8ebc9a0a9da7563e486606aad2fb824e3f0cf6276980efd017507670b61874569b760907b1c7891a200d1c65df7e0871874cca349ba0ba09f201ed4ff0c263ec4c8d4ad695a682e8c569dec4a65b44a614e86da1de2cbafc0035507e6fdd6d8a91cc58ae9f383692a,0x0000000061999d61239923c764fbc9c3d6bc8b5dabb901324ae65e2cb77fcc61b325bae449c77b5b37146e7460a92148cc7f72d44b7d81a8a2816100e84e2f798c1d0833b5ed9592d5c896296168b37aa8db2f3f345683fd214b389a80dfc44b877e37b4c2a530775a4f4277c85622c0ed728c6980f7bc068395f5fb2ad81ef5,0x0000000005a530c9c7714978efa629178f2a37ffdd8644d473f64edd2b9eae9344b1b84901f59b7b044ea2c1bb08e2b4431d1c3482d05b990db24c7e92469b285d2bc0daa47476ae339866eafffa239a90ff96e80ba2ac317cfe2e13bc159f70f46b74a0cb90de87d55c76b6bf904d823e8f1312bd585b5a7c73876457fa67e9,0x0000000040009ce865236f01baee72afb6ff9bd21dea2be9c9767989d32f58842e05aa158bb5968dc124b80464dcc9829f8f38de056a6d5efdc665230e2edf5f33a3fcf4f270d6452fcdd552953278812175d6f3a072b2cf4a83fdcccfe71e071d953aff587c780ce4e6308319efb6521574ee877d3f846a8d9e3d5a9df8d306
begin,3,663,266,1566377599,29,1024,8,0x000000007fffffffffffffffffffffffffffffffffffffffffffffffffffffffffffffffffffffffffffffffffffffffffffffffffffffffffffffffffffffffffffffffffffffffffffffffffffffffffffffffffffffffffffffffffffffffffffffffffffffffffffffffffffffffffffffffffffffffffffffffffffffff,0x0000000026a0466cf9eca7013c3a2c91a269a2fd41d6593c49356e3502c4c6d6d842d258894832b32ab96bc6f3319ea5426fa1eca305f3cd1ee026886c52fd087bd7b263e2e94d41736ca310f3e347958775f9e9f1c4f20469fb8ae8ffec2643f167fa818d9f7d869a106e08cede630ea7806388d032ebb61a7820d6bf270467,0x000000000ab9ecdef0b98e1524a8a3cb8e98e9086783a0cc5e343d7c8ef11103163aa67dc7371eeb9542fda9005109878bef9e5ebd09d01e1452f7bd5d40ba7f3bb724d932ae48dc9cb849f8fc2eff2ad3416450c04cf24554a58bdc3f329bb9405c4f25323eee255acef5c29cc118d5042fb93b2587a7a8590ebb3020b3c0ba,0x000000002659f8b85d6dda3f43854f64fd01f4e1f906e21e03200d95b6446bd8f024827e44e04893caf439291e04e030bb44fd7fabc95cae3e067943e80d7284c09b932ef7b7e7882c2ff1b2c0e73dc09275c20e92c806af293a480d72e221065b4d4f189b62de87957c3d15a15d3ceaa47f0f80e0591264e8d3a2765f251e86,0x000000000db6e8f72a14b596347c417eb6de73ec808d3da69bc9a45983e936f6bf6f248f4525c5a66ec751e8caa028afd740ca76daf8e3105d773558edb63a2a421d819f5d033bc0e25d158c80fa4d1508ae32e2ffc220693806e9c2eb1745b4878c4f10d9f0dd0d9121269318a1c9713c1427968e301246eb5686a8d4e4f567
begin,3,663,266,1566377599,30,1024,8,0x000000007fffffffffffffffffffffffffffffffffffffffffffffffffffffffffffffffffffffffffffffffffffffffffffffffffffffffffffffffffffffffffffffffffffffffffffffffffffffffffffffffffffffffffffffffffffffffffffffffffffffffffffffffffffffffffffffffffffffffffffffffffffffff,0x00000000569d9ce04a4a46c9f63ca744be10cfe4dd84cc24bb43a43647ee3b85120026037b59aa1aab0eeae81a95d1c770e6d73df5ee5a37fb062ce622858c10988a7c86d93e9b5540ad2bfa9ed50ca2f8d6aa59fa9662656e06159c1c421cd5d1d36202797d20fe255347f929f075c420735a857d48f1c3e417c6bfbfe44ea5,0x000000005df3a7a79e9aff258d99a5d4386582d90252ab4a096dbd0c7524d669fc5b0ca49c137e5dba1756ee4cc4db63e307d67a189dcef79dcea1e32af4e98be2f7042c8ed5f2904172f32c1ecb24471533fc1eb9f9d8238a60579cee418d2673dfde8d1e506c48029793631a1b3a4719e64b10e096f977dfc1dff1c80e9123,0x00000000538e46149ff5e0bcd272f3bb198dd7259923626f8d2f239addb4b6724db3729dda91bbc42efe46dd33fde0e3e09faf8088c2e25d8a87d2d395a73782078e4d74cb0bf37480ba3daef9b155f2d1f6a3d5f1faeffddf06008f12f943af423b3130e6b474de2f2a76167a0e79582891f51045143246cc7c2c3a37b08da4,0x0000000006b5733e31617cfedbbcc6e06f3c452c06f4e408940d650033898362cf9b641d86ef690d2d7e35222a8edd30c61334e4d6f884245741e95389ba31079e05d126978e843a6c608f755adc7338fc9ed039ea20274f2f38ed7f67067e5559b351402ee0743e50e111af0e9624290d8d0d903cbb27417b6eb170c649fb28
begin,3,663,266,1566377599,31,1024,8,0x000000007fffffffffffffffffffffffffffffffffffffffffffffffffffffffffffffffffffffffffffffffffffffffffffffffffffffffffffffffffffffffffffffffffffffffffffffffffffffffffffffffffffffffffffffffffffffffffffffffffffffffffffffffffffffffffffffffffffffffffffffffffffffff,0x000000000c136b4ec65d85cea8074a2c53cc8c39689878ab16eaa5689f588d79acdb70b696b258390e7f00e095e64b252dddc2f737e5c3a2670b38fb4a02c1eed86d1a1f8dc385112fc85847b9592c8ca21780d8f4cc74e98de23d1276276264b34801535fc2428b95b98bec59b55644e33fd4517f282d3a32211e6ff787192a,0x0000000060afd95f80a51f58516d23de36b92b12c4993b8067a3d88ed5ae84226acb2149ccc8b791a990ef128b7c2615fd42d03f4fa2a0b9e7db24562510842fdfc7486beef471acb63beade745a80b22549c0876d6b738686b01cfe9e21f0b149ac4fde9da3fc2ca7c0d24060d7723c07ec54f7375c3eb77a78c6f92c70c96a,0x000000000835810cc60c9695d9b9427ada3252940d5c0b83265d3f84de29ee12b3b056e59752097d42b3ea637bb93d08e672f628b6a2d49d7a90a574af76b70c886e173b1a95fd7e1d9d4ea1a24ade39aa1be6658c11427a55c467dbe60feb9798b8b3399593464bfeb2e08351a5864581dde28cc70dbb3ee5f1b2a922c1837c,0x0000000060d28048fa521cedde690379d9995094f25d664b5c82eed256451cb56d04e8554ebe6d19c48796c87933034140ee6e5becf56a854943a18214d1ed0e3c497cf03fe23d8637ea209e1938507d5b509cf279a9677f6f194c603354eecc3014af7f442297da52cdf7190600b9436d105208538601156ac3114acfa993a2
end,4,929,266,1566377599,0,1024,8,0x000000007fffffffffffffffffffffffffffffffffffffffffffffffffffffffffffffffffffffffffffffffffffffffffffffffffffffffffffffffffffffffffffffffffffffffffffffffffffffffffffffffffffffffffffffffffffffffffffffffffffffffffffffffffffffffffffffffffffffffffffffffffffffff,0x00000000109b0ecedc6986ab693b9d60d83f1e61dee0e77c0d51ecedb744a783a364640f6a7781f5d46d95114658d24f2330db9fcc50d02e887d760a561a40570e25ae6fdd887a7f4623c82ea401b1ffb9df98d312ca40bd8ca3f721e67eaded18ec81db9e9c0d9be3c98a2a19bb449f4a049d2b2bb2715e1b1a9b0f565f5e6c,0x000000000b85ad712b545140caeb5752915e8b0a45563851dfd54ff6c9daa7c1247ff9433e38f7eaa5cf0e6e028b7ef242bdc51f0ed64b594ae10074f0b61d10681f34dabb65d560743a37116af48f3edb34f74afd64a7f89b764e5abd389476d5c7f4fede90f47ce3ef5aab11a51a581f2d1588a370ed015d220d32994bce97,0x0000000028cc963fd374b1bc3957b72bc0a35d8fc8494d7ad9529eebdc48734b130bbe4ee8290da4d39ef732c4757d247929dfdd1306d8b6773d8ef2d090daa8fa3fbe271942c0448ff36f9db739b026edfcc455cd72be6f9a3eb7b001f7f90bb1cd4780dc429cbd2ac7cbc4aa9d39127623e164d643ee5926f48c0f759d0678,0x00000000447c900d631e757bfadf8f0f14e57a4c9337f05bcdc4311f0ddfb426072d9387399972d7defda2f0f2a05fb0b1164aa9e798bd4de171bd83308de5859cf56b6aa06f15b49c1b39a803766072988f70eea8fabcc4180c1d47d6eb23868c4fb6745aa6fd8322e028780c68ebcd827f3e9953338d9d92de209eba6b9783
end,4,929,266,1566377599,1,1024,8,0x000000007fffffffffffffffffffffffffffffffffffffffffffffffffffffffffffffffffffffffffffffffffffffffffffffffffffffffffffffffffffffffffffffffffffffffffffffffffffffffffffffffffffffffffffffffffffffffffffffffffffffffffffffffffffffffffffffffffffffffffffffffffffffff,0x00000000611c4c3e6f711251ff3932acd0e8f5dc5926dc78dbdae16a18333c4bedf64a80dc4208bafc019645393a699d1944d41e64ff20c181a300e161328ba1e0744e84279b6194d8beefc35098dcf5cd522c9aad7e9f18ff32fe60714f313741e995e68f505383e6d0b62a208a991d03ecec69c2c6ab40058afd27d4fb6c6f,0x0000000062be01bb540a808cebb967ff59d6fac85f96096612c40a80d46ffefe7d49d36d0ceeaf6e595280f5675cb65fe023fb7c0757218e8f1b49513c62f8bfdfdd3f6f0dff6fcec3c4728d7c10c97a739e079e5a7ab6319f81d051d77a93a7fad1df0a28fe796f76168866e8bc7a414e882aad76198cc914623ebb466cbddd,0x000000002f392a6d2130204f7067811ddc746761f60368e8355b1c556598385096de1c40a209c69e6e50701d541dc5a53a86109390ddf6b74a2c74713eaa10da3296b22f794c3388915f16e925f0141ec02ca39826ae280a49811f62e66fcc59d7c82cab51fc8758f34c7497a0e5b0f183f674ea84bb7474b68c3aff75c9e07d,0x00000000104a47bad34fffc167fbe22cf1a0120b3ffb0d28141c8367e3982d680b8e9b515e0503bea6f6fb8472ae0728172a8be218c4b5fb5e8c506db08a6f3d61364506ee54eb9ce164dd2bd1c7697c65956d435f5794befeada63e19165bbfe5b746e059f7e5667aa756b9daa48ca40f4dc52c9eb004e867aeaa0aa8a330a0
end,4,929,266,1566377599,2,1024,8,0x000000007fffffffffffffffffffffffffffffffffffffffffffffffffffffffffffffffffffffffffffffffffffffffffffffffffffffffffffffffffffffffffffffffffffffffffffffffffffffffffffffffffffffffffffffffffffffffffffffffffffffffffffffffffffffffffffffffffffffffffffffffffffffff,0x000000004a513f0f9f1308b4ba9319c6599c2058edf2260c4d78079c1b9d26b49f25d853d812f9bdbfc705539e10eaf4a1f34cdafd95bbe7540a3d4ac3527f9ea895a0b13dab7d0657d114fbd03443124340835aba43ae41bbe578f1efe25069b3260d47e6b7aff35fd2b9c2ce4d19f4aa9f9dfbbc7864bdd373d84b7ab943ee,0x00000000526ee9dedba040ca46737f83f3f81469250b8840c3146adb749e9cc37a577eded72e6506c340e6fe8a3703eaf7bccc549d18f814836a92266bc217517228b883643a32edb7987f1c96a99be9484c6dce835d8d32f13a85625cfc193d418b108902a04a8be5b6d543a9571876b04f6a6c25da5e9fdc5f94865dcba130,0x0000000055d71a1ce7a012f1370328a7113359e59a146edaf2caa89cb3f9b0a00dd4169a145017c011ec3ec4ea5a7652992a50f98c7d008a1dec28a8237e13d35b01ae33d85ab59af93065f9ed3d97371df965bc6102c322c91d92958d1e4c9c36ba8474370a27bf7bd1f5f6ced4169be4f59e8255fd7f0314c9fd28f7584e0b,0x000000006b1622ecb81b9fa5b9211db44d51499cd64197cdd7ce293f50fd46e0c7ffefb9a0351d8a855cb08dad80da705b8285546d9adab4d3bf4ba0625884d2eb1b850f752e3a5dc67eee6e1b25547595eebfa8e4d7736a0bf2c0af6800df30f142538df1f12081fca07cf78afe1e0f398524d650288660dd821779046e2ae2
end,4,929,266,1566377599,3,1024,8,0x000000007fffffffffffffffffffffffffffffffffffffffffffffffffffffffffffffffffffffffffffffffffffffffffffffffffffffffffffffffffffffffffffffffffffffffffffffffffffffffffffffffffffffffffffffffffffffffffffffffffffffffffffffffffffffffffffffffffffffffffffffffffffffff,0x0000000039e4ef0d5b08457322b1d0f388a8ac351e17e917050ef48599a108938a3548811119d1980a9ee252a9ef3f4e54a06c5676c106e402c5b17e07b0eacb983dae3bc740c55a5f63c0f948c16368569598603d8da19443801038bfa570a033aa8d2e7085b0e0408250bceb6583e92cffd3b8650b5c22c4944df57e534840,0x0000000032fb53cd35c4a1973039ae3a603c73665926fd277c235ca4bb965a4e2ea1f134e84984c0cd3f89de0d1800df66fbfdcea2d083efcd1a3d25ddd0d26faf4bf76c30477a2e46d9deb7c41b5985f1c1bb48a41d3401267c7e712797febe8bc4436bc0c1b18d02cd24656e774a5530039ead161f86103bf4443de19c615f,0x000000002ab9fd5cba6040237728f8fd99fe8c764469931ef7a5a87995eb5909a802dc93a11300250c863256cf4d216ea5c21f63b9d5e78b50bbf3ceff739fc62fec0c9438d86aa937541c1e5fa1f1716e11f9a6452607efc3f0330b77bab42262bece3ba67536ae4115b3a4467394de75af1ea5fbdb0b9f897fe96700d1fe6b,0x000000005f142115ebe23df532b44cbb259fe9c90e1dfbbdd52ce88f0bd6b593c719087a99b62ce0dfaaab402f89f1b2958e79465fa2342f531145540c43725a617ba957e745a4b99135458b29c140f7443b17280b2f0a670a03e850d915e5d19915eb745b6649a956f3a3b64f29d7ec6b4648db228b4866e0d7caacd860d3b5
end,4,929,266,1566377599,4,1024,8,0x000000007fffffffffffffffffffffffffffffffffffffffffffffffffffffffffffffffffffffffffffffffffffffffffffffffffffffffffffffffffffffffffffffffffffffffffffffffffffffffffffffffffffffffffffffffffffffffffffffffffffffffffffffffffffffffffffffffffffffffffffffffffffffff,0x0000000021126330b00d7a4c18a03715adc0f37ac604c1a7aeb23dd60e36c7cad6a430f2f7e3725eca27ea6e0e585f5443da86e1a0cb7313aae8ace1b629a25c974fa2d62687f974e023dbca60c5eec3248aa36ab64c9d766ea31a23bafb42d15d5436551ef358ec6d099216afd57daf8705393b2a386e338caefcacc51278ad,0x00000000358333da665192457ef4b317f5cee507b2e4ba9da9a00cc21f86b331ba36f4f9e3ac73768d56c24bed449179fa01cfa02ec5b32d9065062d9b421bc2f0d259f25326f1dc4acd6a101a6c5624d2b3a479fccff22616a847edb85f25a7b19791e5b9d17b6698f3209d83147f5523cd1cc2a93f31b97e000691560c4169,0x0000000035d735a9ed7e200e864cc2793cdeaa3d52da2df63986cc5d9dd3207b672f532a5b0a71bf687077d08ee392ee14ce05e20a1454db10de3feda792052bd2820dbbd4e07275ac3dcc5ac4c660bbc352442362d4e3a9279b83cc2de6ffadec42a819c577f22ec1be85b56aa907280a5283bbb40938d36a31b1d2554f9115,0x0000000009916c69d9b4567765c7b44f322a40187d638a25801e695a6dee15ab577711ffad8a6d6d5e2a22741ca49f0394cd68a28b4d70ede391cb92a4b0d4d2cd333f6617118689f0a0b774dafc630d1ab08816b6d8b67b1b43b7129e85dbc19497f05a3f5d9e6a22236d387ef44b8accd26b58b37b99279bde34f3563e99a2
end,4,929,266,1566377599,5,1024,8,0x000000007fffffffffffffffffffffffffffffffffffffffffffffffffffffffffffffffffffffffffffffffffffffffffffffffffffffffffffffffffffffffffffffffffffffffffffffffffffffffffffffffffffffffffffffffffffffffffffffffffffffffffffffffffffffffffffffffffffffffffffffffffffffff,0x000000005361da0bd6c40a9f18bf91b70c55fb805d3bba87d67997855684147a553e94d86b0bc03b057d0d4d49ad6414b989f00c30ca86e6a098fc6c8fd145497b7909392727f545f700cfafd32161ba129ee3aea1340c3d0f8db7a5a9194ac4f7985bc1ed3f50f06ad0d4ef10817909aad26b6dd078ce737c3dda015cfcaa69,0x0000000021111f455f21a577e819b298fab3a80c4e86817509aa0de8f6799ac22346a1aba572fca3bedee2844fd7f542ac7d843e74a314f0708625124a47677f0f969ae772d7c9df85b3243231ec65c6ab7bc428346a6848b93368533825a9ad20daaa19d0fe5a1c18bf1584e7e767a02d3e87a4228e12ce2b9f9bf6c86d0b38,0x000000007647f6e2515cb0fe77843b299cfb7446913e12db4473a1e7a2fcd4ee6e1dbe36c4804658c0eb86ce719641905e75db6fe31bae7de878942393f60be833fc7c466f7ad64f91aa3e608c11cb2fd9b855bd32e36748db2b4efc86f8312c89ba98ec5c2a47fe9a8d89e4b8e776df6dcfc54030ae5d862663da250353cbc3,0x000000004780b881cfad2a2c2edaa77b1d7692926364b0c0c248455e231943ec169888a7ab47e0b8d9c67363194853d71e2185e29c303df06876f4300217ed706c06f3acb0650b364ef0d5fe7900960f30507cac733680c5729bde55eac86fa5564c61964d973bcd02bb60a62280927349f7e5351705cc31293cafef8c47d024
end,4,929,266,1566377599,6,1024,8,0x000000007fffffffffffffffffffffffffffffffffffffffffffffffffffffffffffffffffffffffffffffffffffffffffffffffffffffffffffffffffffffffffffffffffffffffffffffffffffffffffffffffffffffffffffffffffffffffffffffffffffffffffffffffffffffffffffffffffffffffffffffffffffffff,0x000000006e18e07eaeb61b9cbd8deaf38369cdbf29f2f535abd6f2441b74f215c61018306e1f4380dfb755d2d63f9230c7eee553bfbb86598fcea54d8af81cde6f40a4ec3c426d42088d86acd1d71d4dfd01454ae8ab244a2b620592b9d1c9db4329c3de826a8fcec0e9a6772b54e7ae48516ff5a0fd801112e1d322ae261a9a,0x000000002c1f4b71372e420f7f24029e3b9d6ce792f22e72b8017f08b14ce027d2bf941db4707e7853504d0aa5bc03917bd0eab8f1c0bc30ed070acc3d11027a92a8413b02e44eb0653cb48226c5ec2a0dfee1d3a18265320a5e01dd1409c57df4b6791b7e08bbd426c9a9658f69df2c89edc050bf719338a75f24927c07dae7,0x000000006e37c5bf1f05ae3652f38d3069ec0b671ad57af73b3eda2c55e3122a7eb102e91b169e18811c735c17055148d977a11ae1465114f1d9f486a89f44c36c8d22486df257ba44c83a450188dbc71bd9a65b2352236a2cc2138547fb8bfde6d42eb0d454c78ffb0e04fbb404f1591ac190859b71a2eb565891a8678f7170,0x0000000055fcf2e8f91c0f983e4339aa77161d4ff8eda53fa623d3cdf25455268d56bb16a44edd170f3d3d6340f675b1b2d0cf78138b7b8d47ffac884d4ac2bb5077f6aab5af63a3be2edd9bab30b38038155c1d1d029a766f32180227ea522ffc2169fcaeebd223282a8ba3b3a0c9b737e52a4c4c6ab79335f1a8373b22e1f5
end,4,929,266,1566377599,7,1024,8,0x000000007fffffffffffffffffffffffffffffffffffffffffffffffffffffffffffffffffffffffffffffffffffffffffffffffffffffffffffffffffffffffffffffffffffffffffffffffffffffffffffffffffffffffffffffffffffffffffffffffffffffffffffffffffffffffffffffffffffffffffffffffffffffff,0x000000000d09ddced5f8a78592ada77d7e821e18516582a51116d8e021aa58b0a800f0db41ea430739763ca22fc1a6a5468d2f0c51b5504e8ed3fbf6008fc1741cda257676ef20a31c0aae1be110f2466f3eed1ad50556f1bac3de3241a4851daad97a13134372275037ef33c7fc161ddd728d3c7c33bba6dd4ac8ddfd13021d,0x0000000036740936139fd445c867ff954ee4055950b953fb09037d236ad41ed22a5179f1ad13b23652afc0ac985235c48c88ea670e9c53f4f89584bf71e7a7a71ba9d1c9dc23558fbc57bc305aa3c3afc68b63fc8f8db0dc0663eff36078dba73e7edeccba3eadb4e969e1acc311a4c68574aca5afea4dc73a9fecd2ee1b3f16,0x0000000073bb83c73944256e191c829ea1872ffb388d68fa4bd14296fe3d918ab25a5014a3e212490256b82d3e70dfe8c1271c4685e9e710c4c39b070c1440c876c91b5fafb2f3edd819922df68e174203ade72e85710d51f9570deb7287405c33031ec2b87498aa5f77d5a530d1e62d1d7eef8ef284bba0940241d1d1cc59f1,0x0000000078c6d58e9c639a1035c6ec97a8e085d6718e808e37ea5a68e16aa5c141c0900360cb379dde4923cda1eb391bc9cedfafe0e66998ad45895054392f4c2b6c2a354b8b0005f627acddcef9dcbc1c69dd547bfdcc881bde44ec50dd1add0fc6fdf37843d4db0b148dcb9ee077989ef20f7d49261254550ff7426439a9ed
end,4,929,266,1566377599,8,1024,8,0x000000007fffffffffffffffffffffffffffffffffffffffffffffffffffffffffffffffffffffffffffffffffffffffffffffffffffffffffffffffffffffffffffffffffffffffffffffffffffffffffffffffffffffffffffffffffffffffffffffffffffffffffffffffffffffffffffffffffffffffffffffffffffffff,0x0000000019f91876d33ccea10285d03816e5c16acf85a5530a3a8205952da1f54e70d45baf7c286f977d6a972f3011ba7eb95211f85bc6d0b5a7bec51cdd53ad906817abbf62e541ef4ad1d7f2cbab4257bd80542c1accf533174fb395e466b5ad2589e80885a5b55d3e01079eac287626274a97821e61a923004737a63a0ea9,0x000000000b316f9d3ba227fea00b087e353a64e779347d0597be4a932a7d27863eed43008ab08cf5b0963ef394385bc99a10d2545bebf627588838a650cd31d62fb2895e6d93911be2184457c69962b6ed1c478ed5e03e11b31b5d665c9e59390eebc5ef6825ef72678a261fd0bf5d550abb15d4be5f581948d486b3aa7fd2b7,0x000000002d8e597d98e520976ed83ee2229720828b688b1a40fb98cb1ea142135b5e04e59bef4aece77ef889ef79f9debc605b358c79c65e4c2fc60b1cce6d98c3d030bc0774d77f3d5a9443afbf402f29144812e6edc1eb336bfedd0060cfc821d7d3213d68c82ede067c042ffc32fc17eb7afa47ea2a51d6d1fe62bf9a3213,0x0000000021d22377400b2be93af87b97b4b157f913fa55febf856e4a6458167a9a4300821dcda53010c967570b91753d34f198ac76f94a7d366511ba057ba6dd4584b640075586d7915c2a903b5a90f4a17fab559feb342d245a3eb9205427128e5882f2f8382727f5254bf1c1869c70f6e846df54b8b7223f77e7af51c6b756
end,4,929,266,1566377599,9,1024,8,0x000000007fffffffffffffffffffffffffffffffffffffffffffffffffffffffffffffffffffffffffffffffffffffffffffffffffffffffffffffffffffffffffffffffffffffffffffffffffffffffffffffffffffffffffffffffffffffffffffffffffffffffffffffffffffffffffffffffffffffffffffffffffffffff,0x000000002346c5dbc2d701a44e7374708929634ac454baed1f75e8c97d74336a7134938bb0ea37e4f803e04237dc21ca90c84e888e30b19ad3184c6b623fc1ad1922a7215209199ccb239c2446e4ff33f487dedf6088edf254559ef9cea0a0b3739a0ade41c519b5631e9201477fb15b2380be192800f40d81ce2d8db57b14f9,0x000000002c8a1ff0a94641d2d714f43128e76b48b8447170c252e13a9a57eb6ad6a32122356daa0ea6903dfa1ce0135f0e76d553778a7543c9d846ef97dcc327bb082c81e04f35fe66e53b358544344aac1af826ed3c51450dd09c882a75adeecab946e65d5fab31997306c830addf44a7ecd16ccb3d65c7868048430efa3c20,0x0000000053dabdbc1396c1de40a1031a79d2ab43c6fee17e5f1cca63a3461c90a021ecd0eaad3187a6a7a2c3b06302f5b25fb03619fc4751ae3453c34d5af23f77dac57282a77bf9fa7da273dd41f5b24cc17ccee8ac6767047b633097f4f66fc0a22f7fda653a798dc689467831616424ebcbf1c3f7071ff6d5bf46ab83eae8,0x000000005de219d96b50e500cdeaeb896dc72f9df7a5291cb376f0d96225fb4df8e8cb08792c4cc4fa29a11096318caa7ccba803dc9de67077a91955ac18421eac7cd57939feca969bb35947dbfc327b8b0f130a8de55743b297e172dc9255aa95511e3de78105640dd30db19631a49806bc78c34cf565f678acbcfc6430aacf
end,4,929,266,1566377599,10,1024,8,0x000000007fffffffffffffffffffffffffffffffffffffffffffffffffffffffffffffffffffffffffffffffffffffffffffffffffffffffffffffffffffffffffffffffffffffffffffffffffffffffffffffffffffffffffffffffffffffffffffffffffffffffffffffffffffffffffffffffffffffffffffffffffffffff,0x0000000035372cab17b74d2abb55a0a7aff9b4545c5a4c3e70efa8913166dbae7b4bdf50e7949d6e0abf7c05b543c72335af7e54b3c44469241de79c814e42c6cb4a22671d19308ebf60a3cb1d10cf488976f8aef91dbc41ca284aa8304f6cb28bd595abc95e44bd9ab792c52b43b88357d3b551d63b605ea03d0b14bda1ab35,0x00000000134aebca675b2af3338ae98f3a0f78f6f1c64f0542eb39ffb20d7d0ff9a420a1fd388402e0f177f7ad67dd18917407328355cf2ad1700664912fdf3c790417c8376939e0f33eba7c65d15de95904403fb68f086e7e0df709dbcd3040a44b90fe678ab3b24d250ca039103271b0ec93ccf936712fb48d71f16b57c40c,0x000000005a82ed2d234f4a22ddd1e585063be54e5bf455725fd89e5b62d24873a22b46879d652bf248f973c5fa337b612ae6cc09184bb3239f1ca7e712156089a90b2c1f4e759a8c0cf22e72728ea79bc93baecdfb0e010cce6b34c537402e1f3d5d317a2b4d1dbe1f39d31a3b2e0c747f444a9c4b0a71d69dcf3d3a376e56b6,0x0000000000261605d9ac54ec2ec7537ca9dc18f8eb73013351e579e861c9cdd01fbe36a0741c3958acb1564b17b6b0d201ee600cbae3d8c31f97b3f5899b55e3471257de55945a3258404d76edf98a2bc7fe12ac02d79cf0b8960586e01c278062da3b531756d20629f743525124562a6d83a51a74da5d1dd572de5d39beb5d1
end,4,929,266,1566377599,11,1024,8,0x000000007fffffffffffffffffffffffffffffffffffffffffffffffffffffffffffffffffffffffffffffffffffffffffffffffffffffffffffffffffffffffffffffffffffffffffffffffffffffffffffffffffffffffffffffffffffffffffffffffffffffffffffffffffffffffffffffffffffffffffffffffffffffff,0x000000002d92ea0aa3c199fbd0aed3a87e0238eae4d3c67b69271d66bc9d5137b2a841a978890a4cc2698a1244c21a503b56ff05b04f49f720b3d777e6dff4182ab32a7ca011ff56e789edbc4a5c68a058fc08b26dd9520ed787a5948d480664540732eac7b9fe8258bb1c42f37203ed779462a89439e1fcc0de4d7e1662511f,0x000000000c3fa177e70803a26e020ac8601c2c8eaad8504e67c6b0316a9287ab762cf7181d2979dd04514c116d4029cf8de89b4589ccd054821c87d3394efb09b6c7511709c0b293014d43ef4aa09962de55c32ad961d73f6538c0501d4bed08ad90ac601eabde2d4fb8dbf9600000ead4c4c0a0ffa36dee2937b60e0e507bb4,0x000000003d02994e606990f5ceee0688b854c27bdfa790dbf449ec39db1de7937048d01e39ee28a2d13e2ab2b806266797d920fbee3bb772d3abb79201eb2232529a28b60964f9b292b7dd5a8941939e76610ec88575901ccae3ead956f9afc07cab6c00adb27def4d99d63ceef54ddb5f89cbbf9e77b7b89d6136469d4753fa,0x00000000016ed7b7a1f1752d1fc15944b6d2d2b56a1e7181ec2f47984d66ccc7cdf0eaa505c4d58c1f23608d4e1b31213b52f0068cdc94ec6d4eb47614001c4ff9e0c58df08a293b44806834264e0f73adfaafb91ab3bc58c8b7de919d589ddae8473abfdcfd398d2815cbb4b2378b54342f20072bfa0910c7ac0bf536e2199e
end,4,929,266,1566377599,12,1024,8,0x000000007fffffffffffffffffffffffffffffffffffffffffffffffffffffffffffffffffffffffffffffffffffffffffffffffffffffffffffffffffffffffffffffffffffffffffffffffffffffffffffffffffffffffffffffffffffffffffffffffffffffffffffffffffffffffffffffffffffffffffffffffffffffff,0x0000000065b3d1e51ad02572839774a0d65ce39d08cefb66038f05730ba681feace271b41bb5440d3fa46715697c25fb4ad6370c845b60af2b8007a7cda69d86b36dcd51d1b4e3479902edc6ddecffbc6deb8a1ff2462d1e52ebf87988c1eff537b7fb3787fe9b6f57d286a476a3c4f632e50a34a12646427c46dba85a571869,0x000000001e875597c01500230e2ba2fecc22e52d158b49068788e24a2f62da6f441675eb3630857435811302d0664945a2bc08da5c0af9713065b6a2c22c7dab4da6a525ebc95865dd0ef6b2468674ebae1cf0450b8bdec45efebd6ca6a28d23786eddc95c491099678b0f64e07a8858b65bf46a43ba04d55c04a81f6cdacbde,0x000000004d7f732005cc3d3d4fac659fb7372bcd7ec19b0e1f612094a532a2af0728c3ec2988fb4cba025766623f4b30edc0eed012b7b83ee6807d069632e3d82ad01b85aa9ede689dce04ea87276f1283af325e1bec9f9591cad43c7f7179ce73faaad7553906744eaaeac53a0a4eab54e24ad2f3b0babe0731771d29c16dfd,0x0000000001fc814a492c4f7ac320f7a6b458ae533fe265990976b50abd4b80db5c3438f8ddf959137367a40a2cfff1bc33373338b2225b7cc67577cd9f3441b601c25fd610b37628d5fad22ee4ad85fcd7632bfe7d7e54ae9ffd7627191f35846c1a509e86d597f12c118211105701a77de717a28c1fef6210840f02546870fa
end,4,929,266,1566377599,13,1024,8,0x000000007fffffffffffffffffffffffffffffffffffffffffffffffffffffffffffffffffffffffffffffffffffffffffffffffffffffffffffffffffffffffffffffffffffffffffffffffffffffffffffffffffffffffffffffffffffffffffffffffffffffffffffffffffffffffffffffffffffffffffffffffffffffff,0x0000000033431ea0ab7c2c1bd4e716490cd0fc11b2c2eeeb9aad1842e20aca5a7dc354898a45f95d9e9bca66fe067c4b169e4fb7b0ee6f519e02ce83b5e411562d07f2e8c81c27129a794b59bda8725b5bcadcf0c2fa2a60be080fff725faa525fc9ec169402889966706582579a010c2b0066fe2d9642dd2565380e9b3f9f81,0x000000002b8c3c466377a7c7a3ef96e81f85746835ae3cac8cf62d1f25d2f3e2f5393586b37f1f52c5bae468e3c0632cd2c1797880125c45e8efd92ba2ac1b72389990496c1d28c4786456d747e49eeb213bf26daad8202edcc7707523a29660feddc70c6a7130ff83e0b0759eb72512e0573fae6380a4cb2cc647195c1ce33a,0x0000000028c290ea08255495a03c2271c620b9ccaeeba53ef67ae5c69bf8cdc98f5ec1a6a090a0e2add4b5b60a202ddcfff554cb11a632cc1bef6bf58d40badc60fbbf44a62f377cb6cfc521497429d0478fce44721d83d6f658c6207f4b3e934c1007d9bc0baba16397e3069d66db4008edb3ffd56c0532433eb8637251e7aa,0x0000000075b11e70e7009d207ea2c2d1fd9451829cb86bc292ce8fbffe0aef5f24cd79cf08176b05018eb5aee91afef68fec24dd97b4088e2a1ab2a196775f3dee149c1a0dea1ff848951eecedb458f5acc0fe84f5177ec872b6362f703e3baead9a229a662fa7433aee3026591af1ed00c5a1e38f9c75cae42efe7191fd12be
end,4,929,266,1566377599,14,1024,8,0x000000007fffffffffffffffffffffffffffffffffffffffffffffffffffffffffffffffffffffffffffffffffffffffffffffffffffffffffffffffffffffffffffffffffffffffffffffffffffffffffffffffffffffffffffffffffffffffffffffffffffffffffffffffffffffffffffffffffffffffffffffffffffffff,0x000000006f978c3dad29bb2b1e37969a06bb99bfafe26630774a81e96aa1887684d55c1b9085cc2ea9fbc751bd3e5b31a3ce15a4ea737efc7094db7fb59d07c43c0b2e217afa0a2e8d2a462907f77c2528909007dd1a8d05eafda02a04a9673963ad9c9edfbf654e0e3e003df6492cab1eb8341259601c98bba0870cc7dd9dac,0x0000000063ff6b5c2f53a0e4cb52f802524736bc5d89070b94779d84f5739f613d7d7688ae94d4f709f4c17f7a5e1234812c2f89532e95210a7a7163c640caef76d07e1ac71fa14719657e90aa26956b3cdb01322f7a935113d1d46a43d3b6be0f9191849f3214b01e5c4e005996ea1de366c7cf5b6e56b269089f0fac22c72a,0x0000000052b8205ec73bb3ed858a1d80212d13c27528c7dae9d1958a469d4339ad12604f40a6977484329ce2455644edb6fe2c39bb7f62d1628eff179d7c350b6bc0b10d011d13d9f044459a2ed32d30ecaf9b75a40cc222c2a8859886c6d7508eccbd9be3a42d20f7743bdcf59c24906277c5df4a4ed42840c4664f0072d0d8,0x0000000016e6b4e8817da3f21ef6ae06fd1fd9bc4820b3642d44aa4df424498f1dcc5bb8a5b8149d8bceed0e7ac40b8f87818120ce9e1cc82c7023fc758dac35cf6784f3cba39b03b897e8d218e3e02368869ae68bd810761016a148384eac7fb7688d44c56e77ba994ba48b2d2aec1bab7eb7ae478ec7e3640707a88c04c4ba
end,4,929,266,1566377599,15,1024,8,0x000000007fffffffffffffffffffffffffffffffffffffffffffffffffffffffffffffffffffffffffffffffffffffffffffffffffffffffffffffffffffffffffffffffffffffffffffffffffffffffffffffffffffffffffffffffffffffffffffffffffffffffffffffffffffffffffffffffffffffffffffffffffffffff,0x00000000744db03ae005c0e0fd0600870c59d54ab51071df8e9d637f164b81493f7bd61fd69090828d7841a83d98d6aa9876532dcde4e65a9dc0eb5ff86cd79a9fd594eaa983cf1e7246a96e3d566f0168761568e5ec6e0dc3968e87d9829eba8392c04131946948c55fd706aab5697db9280ecfee281551b9cb8f1bbcd599c1,0x000000006a6b513598eec9e787ac37573e70e9913e1f791fe7a8f1f39e2943bbe175984035a63ba83fdab8de9385c93eaccdd5ad0507df191192c077304814e0b0205ba89fc9d6bf4045ed6ad1dd32677d30220e3cbddafd318120500fc819ae108b625ebcceaaa4bb6dfa864a2dc0930c977c5a7739ceef6f7b45c6860ed1c5,0x000000000749ceeca59827030be27a873be6acc821d7fbb56a74e9792dae3413e84f9597e8a568c7cad32d76a69d6bb8f5ee4fde310ddfddc1fab9ef3be9c1b9b741cf62d7f7f6b2ea1336b0588458b9c85a702dea9200b3d256a0a72542ebcd4e25c37d9683ff30f61eebb67dba6565d3f7e3b4ff4680709aef6e63f988a54c,0x0000000040231e8ff92ffe6e6efa7dc8f0adcee41dcb9b743490f208038519103a6d65f0e0ebc4095fd6be04b35e6dfd6bac56bf1500629d660cebddeed1b5636d086f17e4c658d03de2f78cf722909c6785e1e99f2189c1993c1fa35e61f4a21aa7cc33e96de3cc8373cff3c3e2f1186e7d345afa49fb11a69a71320cd6c816
end,4,929,266,1566377599,16,1024,8,0x000000007fffffffffffffffffffffffffffffffffffffffffffffffffffffffffffffffffffffffffffffffffffffffffffffffffffffffffffffffffffffffffffffffffffffffffffffffffffffffffffffffffffffffffffffffffffffffffffffffffffffffffffffffffffffffffffffffffffffffffffffffffffffff,0x0000000039ba1edde7aa502a7cb0468babc73df7e381eae6afc5a85409799d12a80181318e7bd29d16cd055fdcf004abf04f2eb1cdc31b578e408f31af355a633c894f2207138d4bbc98c6754969fc2e2a1556d39d67b0a8e685a53a94151ac8dfdfb768a777f307359634f9dd77de325034de957a57c4e388f46b3605e4de0e,0x000000007f24e7f3550b9931b492692b81c066eb860e5244967385b7c7530be74ac16380277cb1645c0d2268213348ca6a92ea0189b3c506524c5200ce6bdd6d46ee0c834ae56a38c35371e9ef34ef9e9547de0325e28107a14be6ab7d102f00990c5212849750c0f2df7145d575a0d7ebdbfc431a8d699998009a3d2cbd9aa4,0x00000000225ee5f47dd76d93b5aa9a277370caa2cce8ff3609d2cb131c56a6145fa79cfa4ea2b57cb16346c8ec26cc4c57ee27339636094596344c294b427934c90322e971934d4d254538854c146c48af742f1b8b0931a37564e0378305a5a59f864556636dd37df8ce425302740b42bb281d315f3685ae842f05e029ad5d1c,0x000000005d41ed636ca380e3546017cf260417c50087ee981e72e16c7a6808c577f1c9d0644d1005d5a039d826f9958749bf8c39ca9afc412188ffc81d1ee97557b3135398ca7404b2fbba58254f927e0020a7a85a82badf8883f1a00037c5dfba1beeb68f7114f6b38ed7fc301c5f0ed256583e31bd1efea30f1aea449784ae
end,4,929,266,1566377599,17,1024,8,0x000000007fffffffffffffffffffffffffffffffffffffffffffffffffffffffffffffffffffffffffffffffffffffffffffffffffffffffffffffffffffffffffffffffffffffffffffffffffffffffffffffffffffffffffffffffffffffffffffffffffffffffffffffffffffffffffffffffffffffffffffffffffffffff,0x000000001f80cab992eeb0f08c564961c667314c5b905d9aca65bd6974e458f68ab8439db203aa0196fb89fc6d2627413462ee347ff87cee8616a5d7d6a2b9d1cfd24f8d81eb5da7ff6a0cc36a23fda9e545a8e2ca1e76bb4610ba7e974b4824f15e636e3ce8ecb250169c37914ed53590bdfc4bbfb397a9152cf83d10ac1025,0x000000007b72d19eb32721f8ae2da672a617343d2af73428c9fb33208c4f60944a724fbe000f77fc7b84888a9936b85ee85b65787f833617063797017247f64c618514cb01494d45c6583101f651ecd44f1686a60d8fe952cc86fd248017060692ccdbf8091b2f8ae1085800525e688e119c44534e7595d0e097e0f5801d1cef,0x000000007c2f5994b297b6f02600d26c7f69993b043a99d526d6dfefaa1ba852a29d560fd4c8a0600e3fbfcbfc2190d8dfbdf07f8b2d4483d50e5ed6d0af9b97e5ea89c2dc57036981debcd25832006a12348cdc4a40a52c423ce1b98ff57ff954f09596e2f5ecb7ffaf0dbe1180ee7c5fac42a4cd592c47838670a1e3a729dc,0x0000000005fb019ea133c26a93d7580d4ba81ab4ee4cb8e48daae33c57eb24c932a3bb81f29f35d20c3323db64290d251bbefc75cb7dbe7bc98fa0133ad28124a134621a7cd73399ae739fb60ae8855ff186c25eb064eb9c4ef3f53cc2d4b2e719fa9f81ae9edcec7d95e2d212c275fc310f0cc247b4a67c9af1de8a06db8aaf
end,4,929,266,1566377599,18,1024,8,0x000000007fffffffffffffffffffffffffffffffffffffffffffffffffffffffffffffffffffffffffffffffffffffffffffffffffffffffffffffffffffffffffffffffffffffffffffffffffffffffffffffffffffffffffffffffffffffffffffffffffffffffffffffffffffffffffffffffffffffffffffffffffffffff,0x000000002b2085e202f2660f0a8b178b4f229671dc420ce48af67af641547b6deb95cedd4ae791195fa7abb2e67b25dc4dc1b7a6826ce5a3abc6d75dab0b782878c38a035465985ff63970935567d0cafe9d2cdcd372931bfd98ed556893271b913927cd4f852ad70adc35b230f9d474843b7ca6e74fd7cf0dbaba64ce0f4ff1,0x00000000627f47f8d7aef59bcbd257810aa2bc66ba9f9a3031e84155806b7cddaf9e516ff95758cd61da2650affd531677307c1926e7ce6acc7af9906a2e695196c58bede9c63f173da5efddeeb408f909641a675a8c8f13d50a94a51df0e6f7dd457e7c01e3f62a799e77e0ad337559e749bf60e9e5ad0a22ade4324692a7ba,0x00000000537356acc8d132bb65a65e3b1557aac142945ba7fb60523f33107f760a763f4a635a7c7cbfe08f88092c67c229509870491c3d89ad33c08038a1d91dac4c497b3265023c3dbc425a8fea30c271be58456ae28a99e259fff16122ebe10a472a543daa5048f0a2931e631a94571c5f43fcab5c2d776e564e6428882359,0x00000000234acdb4b4f01fa74e27f80dbc19b8fe7c0df2a15facdb125388ddda75ae48f4823ab6cbca5c8bd87fcb04557c520c2ace5578de148d339bb7101e3d51253fea7318ee85db9f49ef08f508195630e89de4f1f1224774483d6194f95db66d8087a601411be885b880a922bf5d20e2b41c7ee5dd9d1dba36613d2af754
end,4,929,266,1566377599,19,1024,8,0x000000007fffffffffffffffffffffffffffffffffffffffffffffffffffffffffffffffffffffffffffffffffffffffffffffffffffffffffffffffffffffffffffffffffffffffffffffffffffffffffffffffffffffffffffffffffffffffffffffffffffffffffffffffffffffffffffffffffffffffffffffffffffffff,0x00000000369a112e2831425f394eb91fd68b873ba1d506f4dfa64f9640186c3e8eb8c92ac6996c17b9252eb4bbe4f6eef282381225231d93acac8f03cd00b2e9dacc25fd612bf85b2c03420a5d04b8e69f609e2cf074dc64b6aa4d77f97c10c6a7de5854f8e625db29ac2f95a7521c5cad8edaeeb493679d8796a8f727723f39,0x00000000174f1a515c3a597491ff348a0421d5c103f7782d4472e206937b4a5897cf0b49e8c842a6adc2016e0d015d82e127a1732e940f33f304432eb60664e73def714d2f002d7079dba519ec15827c113c71c31cff73b2848e457bc116d43117a1577035df0ff7a6e7d09eae491f38e7a0cb97e9acd2cd3e85391ba69e4b55,0x0000000077f4e52f6bfd9e24ea6f124f1dec9b1347be23fd39370323b709262fade7fa7e538274f784b05f08d65d222b67c0a3f052fb55c78b8b1653df2cdf83c14d51ae146f60bb380e6e39a10bc4288756dadddb5a10c6efa8df511d282e0f752b39dc71ba78d050c9c02c4add8346dc7e3a366dd48bf884f151c41d4aa6fe,0x0000000040f098964adccc029306b03faf9582ba682834cdea7276b177e342aa702280b37e3a9f28013ba33e30890679f456c94f800892618db280be4a76aa87dfa3fd22dcd5931bd7b19a932f6377ede8b2de8e8988d9d291d4f3ffa52ba20d9a22d019931011c9fc9e1d8cb6facb0406e534b1aafe7e2a83d055606734af4c
end,4,929,266,1566377599,20,1024,8,0x000000007fffffffffffffffffffffffffffffffffffffffffffffffffffffffffffffffffffffffffffffffffffffffffffffffffffffffffffffffffffffffffffffffffffffffffffffffffffffffffffffffffffffffffffffffffffffffffffffffffffffffffffffffffffffffffffffffffffffffffffffffffffffff,0x000000004bfb77676ed95644b301c4f31dc368fb1f6783a54add63d192a027626edf0465889d56b37b2253f5f1e68ab71c61ed4ebee2856661a03a03a718a165780de5c3847442211f8e991d8c498563bec9b09902aea9c150bc5f5beef84ddf3f96bf15c465cc814a7a2e7098ca7111e7421384b6851c9e860ad62961f885e4,0x000000004766f80a674dfae5d8f588d68946b800481654f67bd6b1e7baf36741684fecaab08209b4d0bb8508c8c0778351dc8cfcd4558ae9d2980f3b457eb67b4f9b87e5b6328b37202fc9f806b5dd6ec05a0afe51396dafd5f5d228f5f0949df1a169658d2f9cebbe418b21673854a3fa31775b808f00f424c7622f82173cd9,0x000000001bef82e5fe625d50a96747730d8e13baf3e36bcead7552615e02ab9abaa35388079287e36e3f8d7136ed284966df15910a7356a371f28986f534ae004dbfe6dbb402a193cadd2484f5814ce248affa7a4d324e62ff0ec70737643b6330a1eb5ca24449624ae94bed0608c092c6fdf7c2e6609faa5b37430f01502db1,0x000000001c96893830fc30386d8dd9a24e84750c3a2022b73db40c78238115b5a49d2a9f509e5c0d8ce5413619a1a253647648229ce33205af03c3d1aa0a7beb14273845ab41ce8c5de32d4c4c68e614cc2117f59b8b01c1839a17983eb9440a773feb8b28aca3749db50cf89cce842c32b68f4f7358ed1de188c10fad1cf7b0
end,4,929,266,1566377599,21,1024,8,0x000000007fffffffffffffffffffffffffffffffffffffffffffffffffffffffffffffffffffffffffffffffffffffffffffffffffffffffffffffffffffffffffffffffffffffffffffffffffffffffffffffffffffffffffffffffffffffffffffffffffffffffffffffffffffffffffffffffffffffffffffffffffffffff,0x00000000029ab21a6b58539fe80f6948dc096da8dda8f7e6a7daa9ed9f6ea103ee757450108f14776e1c15e04163a93b8aebd8947cef715607d6ff13360e6d7d61c8ec7e088634ebb7c7a77ec4ae02da78b0f4ccd482c9ee33fd4ca6f0b3b8554540ae5ed40cbb43d0c7aa160c10e083e9345d97d3f7c373fb0d526672e5983b,0x0000000023b7734d9eeb7f64366cd5ca3e89dfca0813c810e1c717d9fee51efda36642cbf10c1ea77567d1c1832a3a0daf87189163731d3b10d2cd14846e1ecdfab59fa94f53f62dfb7c795b49b98d8561f136c5996f768c6d9d9af27400aebe6fee0085f69a61f9529434d127123d8b63220e6eb1f03efd3babb128f851e6df,0x00000000531aef81142171cab162330bec3e2694e00f0fb768eee4196a7e7a32c2f646bd1af367747cf345d3ad4c21a5b0642b8ba48a00af7937ef31fb17982806ad4891f5aff9fe8a028746e17b612cb40f7b2340f4fc5011718c33a07a347fbd8aa81bea585d8f73a456873b5076e029af93adc9d57f8bbeb4fc81428dea4c,0x0000000048cabc00514733c223fa14362cccca27706b8503e6657902d7025eb8eaf982faed26942d3db5adcfa1dc741a2dd40fc904423675e49e090a307e8ecf0bb398f6e2f8e97409675759bf4ac2896dd9145a94f04eef90833199067199db35b9934e30b12fbfd9d99c1ea6577321c3379ce274404e1b8b3463a41322c34c
end,4,929,266,1566377599,22,1024,8,0x000000007fffffffffffffffffffffffffffffffffffffffffffffffffffffffffffffffffffffffffffffffffffffffffffffffffffffffffffffffffffffffffffffffffffffffffffffffffffffffffffffffffffffffffffffffffffffffffffffffffffffffffffffffffffffffffffffffffffffffffffffffffffffff,0x000000001859e509a8485647c6182b96aacb899f2ba98cc3c528167df6df1279011730ab8fd3c0709fbe2eec61798e68d7b30802be55efae6b3c05a02a5702b663d0e89703e7f5cc6bc35495681aa5ec8bfc7e17edf3dac46afa91cdfde8c487c5564cdd2e84270614f53ae42d691b8ba73a51e2cc001b94a12f27cc22064f7a,0x0000000072f3a73ad93c5d524ae0209e105eb4d1ce3d2d4b404970e0058fe73eec788af8d688a970ffa255c6943b1e6f3297ddbc3a7dff134f006dfcba950b04d85c1bb371f15d07add513c8c9ebda89c60254b1a000739839f2ddd7b7225725064cd3fb4cc159ee9e0b5fe4050a55e7901b08f74e8795f4a39994fbcb960257,0x00000000173165fe9bdd81a1c3e3000af2b8399cec7af71479cb96a6953288bba2c70afb66f67fdbc94bcb86ecfaab4241096d5b42a083f9a7be6564750d4d6bd7f6f7a14787f73fe29e19ca6b4d619c4554f24cfb09dee5374536e601defc31f85f25948a2cbaf58bf75ed07e4298c79b2139e62f9d084f54137da5fd6196c8,0x000000001a1db1c994a68a12ac6c0bd1691079057dec8a519fdd27c51b876f80acb681737b30ae27aaf0b7b5dc4c3bf797b5834a7251db4468d5171b27eb7b2f7ca8028875bb1df642d80f8545cdac0a490ec394c5bf2cee1ba7e4d958c038205c2a5368e8dc181928f6123fa8bcfe5c165a064a9d74dc80d70514d1de764ecf
end,4,929,266,1566377599,23,1024,8,0x000000007fffffffffffffffffffffffffffffffffffffffffffffffffffffffffffffffffffffffffffffffffffffffffffffffffffffffffffffffffffffffffffffffffffffffffffffffffffffffffffffffffffffffffffffffffffffffffffffffffffffffffffffffffffffffffffffffffffffffffffffffffffffff,0x000000005328375edfb25b13be165e09708837df103642c3f396dcb2eb31827c5f3561f147e831cb1203a3fb49aaca4175f07da11332fa10a4b4a26b6e6f1b7aeee8532bad1897238ee9c9e301e2239aaf1e9061cd0405fdf8135ff72f8313749aeb7bdf44f21ad6eb1450d3f083664c01b15714b5096e69b4258cbc47934f9a,0x0000000064f58b6f744649d9d3412cad1e8c4e4643648b4029b0ba9451304529cd751564c44d1b12802c9ea99f8cc9f689f6dca734fac7f8c2f2f6a448c4b4ddf7da3f03f80827ef1293265d724ba4c35058c002910c2b621f4efd7e14b5a3d2292bb3c8ac355ce17ae5f3c87bbdd208818884605fffbdc74e3ba117ecbd9d3f,0x00000000151d935634ad97d7341e6da84430f49a84f2f9483e90d6435182a7b3a46e4758589ed572a697de23a853e481e46ca71d87346acbc469f681f80ccd4b2b258a6c89a38cae9b2ee0875189aa7547fcaa787fe0d79d99644af65068da8b8eeb4f341feb143bdb9320193481155c1e248678a02d07d298138fcb2fed39c8,0x000000001253cd422ccff22e7cde8755ffd81263a6458007270faedea451818c1d86373505600cb003a37ed9376be3894d088b20a3146cef7cdfbf6226f28225d6638ea9e0576ea553faf1dbef4776572f96c21ddaf4ff1c852446a689b4a66e80a3f0a3eeaabd3c23799e7e5e99157e86982fc664ba3da0d8b01da704a86af4
end,4,929,266,1566377599,24,1024,8,0x000000007fffffffffffffffffffffffffffffffffffffffffffffffffffffffffffffffffffffffffffffffffffffffffffffffffffffffffffffffffffffffffffffffffffffffffffffffffffffffffffffffffffffffffffffffffffffffffffffffffffffffffffffffffffffffffffffffffffffffffffffffffffffff,0x0000000075a6d1827476428b665c5c80c0aa968eecf1258b05e77852e68a8c9f385c3d226699e11d356119aaa424b5946954d0736c0f1f3d25be47f6a9b63ea09f47d35ec35ee2b0b4a5db2458bed8d6918c897fadd4e9598cf575731d26a309d8a1eb264c5efc55688ec5295590ad38aefd297fbcf2fd67ea8b155860e12251,0x000000002701a042de81d1a61a25e05ef7a2e800bfd50e2d06c1912a022dbbab3102f08e03019678f3cf5463c43205d7fcead2e12e5ce25311cea9517da0a9915eea52bfbc17be9d847a81f65a95bf8ea68c12abbb790f8992ba66b3ad6267057c9589e6b51971008ed51d056e17f59b52a9a88283774a7aef235a6ef01ae59f,0x000000001682e386751a40bd31b580cb8bd9f41edb9497baa31a4a8f8b65783c6116cd480030f96cecb89e059865ff4d1137e38bce83eb3ce85b1338500b6eed58926b88d418e5521b9ac223e02043c156b90905da9bdf3842ef7e80d5ecf8008248d536c4d3832aab7f0e5950adc53bd9f5b0fb14424a23851b767f411e2d10,0x0000000011c01695bea84f2d1196c013d7de294a6a4fbba92830c5c861530e9a6bb9fb3438a6bef767ea5a43e51c28afbcfb7b6a02d7a7d1f1762c997c2a032d070a86ee4daeb103eb342ff0ac201d8e61560c57eb8c3d6d0b9cdacf58b400883571e49a1c87e869a563c2176059d9956eb235ebc91d9b46e5bd12837d7a94b1
end,4,929,266,1566377599,25,1024,8,0x000000007fffffffffffffffffffffffffffffffffffffffffffffffffffffffffffffffffffffffffffffffffffffffffffffffffffffffffffffffffffffffffffffffffffffffffffffffffffffffffffffffffffffffffffffffffffffffffffffffffffffffffffffffffffffffffffffffffffffffffffffffffffffff,0x000000004624a9b706c79a170cb4721ab3e7f949d2cf2ad64c2659f3314be26dd0e31355d57a5a980faeb2e242aa03c506a4cc8e88f7b8c7718ef62f235a91f12654e97ac78b99bcbcf98a78ce7d514b3a84f22bfaba7e2820a52e78134dee0ac2f261df23ebe64ccb726a6ee4157ba1772b2267cb9f55f4c009746e2afa3c0b,0x000000004f9a226340e484fcd9cb4b28b184025ac2318b7d98e32297bbc833b59e74d26dbbb029aecaee0d4a631e5d847efd22d1ed36e1557eca43d7ddbe62e009be5ca9d7d23457588e472e8f5a6074c0d91b0c503f8c70e4070f84a242882f037e3c04708aa57394a009b7a8d29fd61ec504e7b90580c392b0567a5f4584e1,0x000000004b4011634a2ea52ade90a528fac6e51ff90b60c7cb0cf48aff4f72579af196315cb3ea778acc5da80a8eb3cdece9d654684a51dbba5dbd0c8800236413decaf1c2796b514d523c828f2b9d14374abf25071cb2a075945013f771b62ffb3ba5038c327741bd6bb76eda1762d78e93199d6265dae018a603720843ecf8,0x000000007a46a71efe02c41cc36e754be86083e82cd544149ba549a9b85d473abda97695226b167dd9aa33c12e172147043cbd9a9f12b05893c6eda65f052007d9ec1212e1dba6e127e93a4436adca25770758a8713c76ecf9a4c15b52bb2f0ad09f71f68b94b14fbc2547a6cff2794c98a7539bb682e5398c5b796a9ef471e8
end,4,929,266,1566377599,26,1024,8,0x000000007fffffffffffffffffffffffffffffffffffffffffffffffffffffffffffffffffffffffffffffffffffffffffffffffffffffffffffffffffffffffffffffffffffffffffffffffffffffffffffffffffffffffffffffffffffffffffffffffffffffffffffffffffffffffffffffffffffffffffffffffffffffff,0x000000002d0ddb4569adc260643d9d3270a3dc3119716ade8f504ee4e6648a81755209fbfaa9eafa31b1ec58622fbe4917c838751e88db99cda64e706705b33a226393004b4c98f9cea2ea261135f7480b0a39521e43574349729d120daf503607f08a4ce260f68bcd9b0fcfc33c8705fd2d23a4c9b8f84a50c69b2947c85832,0x000000002c726f5287ed5d71df2add852b9090f43b9b7d2b5be4a8d33c915e50b7564062b8e8963c48e8ae4da08c0b7d09227509cc21bb549442cf2be4c91ba3aee38b16998073d81bf0860af33cdc27ac91807e403090b9ab985d679f7b18e81ed0df0f9a670888181b9dcbfadd2cdd4bc16c274c0d3b588679c5dfef803e88,0x0000000072468c11c2fff1f1ba97c5bc5bdaf0c03beda776904085fabf7c1573173b2130a5e7213b008a53ac7f247819c171efd1b58d6127d86adbc1a30545f941b39b2147fd39b4ef28c3dbdcf0abfa8cb69b28f5c981e91d0e4993b35985b94f47cc8135dc31cd0ed289ed8f75ddcf5d25c4f341fdd4c5378dfc61422feb7a,0x0000000025334ad6bb8370dee0d69db94af159390484032698e057d6141e17fde5c015c498b1d4041309c26a2d9d211dee1822b1ea912deaf8b66913a81af3aa9714529aaf50886afd48aa7f4a53c47b72bd203566726e5f3821e39d84c0b69fdc10735a7ea82d103a9112af06f1782351ac71d1f1343ffdcc0b32ba9a522260
end,4,929,266,1566377599,27,1024,8,0x000000007fffffffffffffffffffffffffffffffffffffffffffffffffffffffffffffffffffffffffffffffffffffffffffffffffffffffffffffffffffffffffffffffffffffffffffffffffffffffffffffffffffffffffffffffffffffffffffffffffffffffffffffffffffffffffffffffffffffffffffffffffffffff,0x0000000058475ba141920a50ad2974b0095458adba4d000ffcd5bbb2be2cd98554b8c25538b696d3591a8ded396f468335168840390bf41a69259f3295d69922605c07eb287a9e0c27ba4e7e92d19cf588f8ff4a758986d9b90266814e8e4483f40ca5879bb7265e5bc14e28088a3c648d4e369f743c5ee67175ff3d2c669224,0x000000007146ad5088bf81144e7e60860515861aded32f340bad03e327f1fd9d0104f668615852500255661b72103144f72ddc6c92118b8044059d6047a5400a0e80349fb6e4639ad3a1d10d3f7b39f8910849cf230a5637777fd3dd4ae224c4f14deef2d5c11df8e65da7b4ab28bb9255cf6b5eb97113f890309b0e29d0e863,0x000000007269d85cdea12d867f67ecc3c4b1f9890b4e4b0a1fa01649db4abc0bb97af478e25dc7d004cc3b44371b0801208eb272301db0d060468e3b14cb9e6fd622102e25d5a5bf542d34e91c8d84326016fb88f61c14c8e1d21d7df34b37605c9b8c9abac3367fa41070fe70899376a52fd42fcb37fc99e2ddc9d97787baae,0x00000000439644baf45a9074d8c1fd531090038a0e5ef944987e3046b9cb7d97398b18c975f766a2b88664b2ed1b939c884eb11c8dea298770484ca161a1b60807b6a8b00a630f8cda95c45fee1d66d807c974fd8f86bba9493bdcaaa0b4c334fc773da76ae04b301a01af65aaebedbab9a791fb1fe2e38dd9b45a0bf7f173df
end,4,929,266,1566377599,28,1024,8,0x000000007fffffffffffffffffffffffffffffffffffffffffffffffffffffffffffffffffffffffffffffffffffffffffffffffffffffffffffffffffffffffffffffffffffffffffffffffffffffffffffffffffffffffffffffffffffffffffffffffffffffffffffffffffffffffffffffffffffffffffffffffffffffff,0x0000000035a57e112d7d56308ec56ab4c6a3f17d77ed09050b48656ccd0a757604d28f93c6e812d63877e0589702cc7345a509aecc14e98784ff0598b849a32ef0be66b378a78ef0e2646f367a8b6a601c9a232d50be0a9c924cd68a838a05c63deb3c8049154f3806ce545ae468c284564d24491d1102cdb90b7087db43091b,0x0000000049890e6e19d353aeed3a51cf0fd7bb5d2769511d5dac830dc16421301c27ec374d54f8811583ed87331a6b9202387c58b7e35c40e07a7d2ffa6e5e7afae1377a530b08777c832b9b0fbd8f8794631a7af7120ece800209bff58ae9f49c38363c930313cfdc95a190f37e1a3bda2d9fc3b555fb4727ff8179e73ae613,0x0000000031620f2e3ea9b69580aea3553f83ada7cd42db9e171b18478bcf82398f6bede6988da914369e78a0b2f4fb59999531fbabf9a23b59286140ee6c7d39b71144728b9d3664c24b13113301a7af5c65a92b2249e006571a242aa425e7e4b6dd8e338d61265ba4c4e82b01f6f074bfc2446c8215a1bdf9b45df4fee8b24f,0x0000000048e9ccc722e9decf1eac4abe902b1ee9970486269c9ca7e67761f5751fc0b6bec19fe7bdededd0b06b1b26a86a13919eb621cd273359f014a2a43c2bdacd2364d11d2247a1f4adee5dc3803efe48f7110adfb52151e7bc990633c7ebe96e9df8b42d6856549d3d5edf15b5f62698638208ccae83c415da1bca474917
end,4,929,266,1566377599,29,1024,8,0x000000007fffffffffffffffffffffffffffffffffffffffffffffffffffffffffffffffffffffffffffffffffffffffffffffffffffffffffffffffffffffffffffffffffffffffffffffffffffffffffffffffffffffffffffffffffffffffffffffffffffffffffffffffffffffffffffffffffffffffffffffffffffffff,0x000000002b1fc612484cbe4724778bb4de8e1aae746ce3a7bd56d2caed66c2c3fba94c3320396c3980bf1aead0808f1512925e102461e3266fd49c6616628199866d75bfc237509ffa30c10f0d808b292acf33f2e9661638d3bc6b1898ccf8c86f24ce9d56a05baf31652b7f639eae06ada037534f3d3985f595690884f05396,0x000000006195cafd6e0fdc4c792a1d001cf7764db80ee65724410f7b0fa7302651cc75a137d01c94d7686fe7170f4014ed7f81de2ec3ee3433759b11ca4551557f1f71c1db2fed0fd97af3b0b75ff3b499c1cd7b87f793e25220e75c4510a3689fdcde8d628d80a121c0e553b62018a02c4725916f15357566d52442fbcade54,0x0000000019800d0c489e28e093792ec3095ab30cef3660a43d1e1fcbbd67ef63a7424f8354aef9da4cf9724416b5cfda53234cd645c012f1a5388241166d2ef9fb10b23e2308fb154627faa38d0ffca07a7ac193d055bd0ab5875fedcb389350f2d4469ea9463f58466833f3ed2c6aa3c699b782b0b07b9d421e90278f3706e9,0x000000000104d32d4c89b4a0dab00dea04b75ea3dcbd6f83043adfafdc742ecd900f875eef8bff272b7c54d3e609bea6733d916145ab0ee5c0e690505bd4352e84837f394e8f8d88c90a87045c64b8a0222bddac5af203a608bf4ba3af1ca9eae79017c9e63b9205d332ff44c9f1b801e14a31ed3be6048d35402efb0d84d142
end,4,929,266,1566377599,30,1024,8,0x000000007fffffffffffffffffffffffffffffffffffffffffffffffffffffffffffffffffffffffffffffffffffffffffffffffffffffffffffffffffffffffffffffffffffffffffffffffffffffffffffffffffffffffffffffffffffffffffffffffffffffffffffffffffffffffffffffffffffffffffffffffffffffff,0x00000000131a081e74d23dcee027fe38ce250c94c82dd693026c1ea606b983d70158db46a9bc7ec32fa8663c9c0d6513f0242db120f6567dd3cc8b5d4a8062c6a3aa674764ce3f47af08ef0144b02f1f9ae0fafd4794082aa6197c7ddec20c18c3738520cbbf801e905f387a2a558e4f4de373c7b77d98ef892e0555fea6f346,0x00000000252106d2561a32e4104f2174a374a4fdbc2b05cc700ab21f86f086a9f95a7f6590008de9d3f19caf534f93e08259631a6f6e57fe5d4eb7ad8a1ca431be24197df0338ed585d950bdcb4ea9754b508094db195f5e15b9587db68b003eebf00b543c8473b689291ca4d85499ceb9b433514db438c6e39a740ff759c2d0,0x0000000032e4ba4a8e629d7d641e7712b8ac70d3b26e369c510cba60da18c64e5bbc58193d4d412e17f87ec29aa031832fd986930cc36a67cd2dc618bf28192c23c7f3406b14ae00de194cae0713366e497d78b0c51b3d3d8091270fa91fbaa853e333e8e52f76b05823fbbfb13fa5661b0e54ee046bcbf112783feeaaaa2639,0x0000000049ced0b36a66e4978a28bfe536b159dbeac770ee748e64aa2f2402823c03fab6334c7ee6423782632b4d3f30d08bcbc0670ee1bbb810b41b36d471ef322aacdf24e3b0436667b5adbd67750c43d2fc073f5e33d53d3eb9f43988c79e1f03ef0675c3566b899d4cb8e4c61619ae221141e97162d547f821fe1a13c7c2
end,4,929,266,1566377599,31,1024,8,0x000000007fffffffffffffffffffffffffffffffffffffffffffffffffffffffffffffffffffffffffffffffffffffffffffffffffffffffffffffffffffffffffffffffffffffffffffffffffffffffffffffffffffffffffffffffffffffffffffffffffffffffffffffffffffffffffffffffffffffffffffffffffffffff,0x0000000003ce298ccfe1a82bf322cfce7361e4d2b8c5e7be181d3faee76cc5fc82c170c2b03a9f8d7f7e0bf0d2acbd7cda9f62f9e599778cbcd8086aee385f6d3cc8a79e67c0fd094827e3695f936e5e65ea0b7bd0fa1a2726e40823cd22bf14033e63d1d98f81e166faf696ba171c5bf8153911283c31bee2ac7578f1cbe05a,0x0000000067ce40a7ecf9f4fff6bbc2c65ce11686f23084ceb597781c9d04148c70e51025b81ded0ef80989efc1d11f6b84ee279dfc48d373addab3eff95c8ed37ae06f286584938bb8315ff0cca3b004f83c4aa5748ca2ffd233856e2a48558fbe20dcab143d76556d21be8df15bbf5fda353ad1932cabeb54611802186919c6,0x000000003afbe007e02a711c6f95ac2df68e982b49aefb70a85ae41c90bcffa47524e4be6787751ee25c1967fd2dd96b140143247038ff810287739cf0d427c9962862204ca952121abe2b6505fbb97b02a34ac7e9cbcdc750930ca88f311d7ba5c81b63dc915c07b62fef33f3a0ed16f0499b6e39803293e3b80a3381d95067,0x00000000514e3746f6099a4e8855bc5a13d71d72b37e7fbcf65f14f0a3217788f58ce00781eaf114bcc87d8b2d2d53b3a436312bfc6ed3ac929bbc6b8a85ac3f777a48b8a9102dad51eda8d2c6fed1bf35c2e65d1d96a57cb965d5fd697afbcc380b4a31e7c46b74a0697396be876a262951adbc0bef939aef1f94860636c953
begin,4,929,292,1566377599,0,1024,8,0x000000007fffffffffffffffffffffffffffffffffffffffffffffffffffffffffffffffffffffffffffffffffffffffffffffffffffffffffffffffffffffffffffffffffffffffffffffffffffffffffffffffffffffffffffffffffffffffffffffffffffffffffffffffffffffffffffffffffffffffffffffffffffffff,0x00000000109b0ecedc6986ab693b9d60d83f1e61dee0e77c0d51ecedb744a783a364640f6a7781f5d46d95114658d24f2330db9fcc50d02e887d760a561a40570e25ae6fdd887a7f4623c82ea401b1ffb9df98d312ca40bd8ca3f721e67eaded18ec81db9e9c0d9be3c98a2a19bb449f4a049d2b2bb2715e1b1a9b0f565f5e6c,0x000000000b85ad712b545140caeb5752915e8b0a45563851dfd54ff6c9daa7c1247ff9433e38f7eaa5cf0e6e028b7ef242bdc51f0ed64b594ae10074f0b61d10681f34dabb65d560743a37116af48f3edb34f74afd64a7f89b764e5abd389476d5c7f4fede90f47ce3ef5aab11a51a581f2d1588a370ed015d220d32994bce97,0x0000000028cc963fd374b1bc3957b72bc0a35d8fc8494d7ad9529eebdc48734b130bbe4ee8290da4d39ef732c4757d247929dfdd1306d8b6773d8ef2d090daa8fa3fbe271942c0448ff36f9db739b026edfcc455cd72be6f9a3eb7b001f7f90bb1cd4780dc429cbd2ac7cbc4aa9d39127623e164d643ee5926f48c0f759d0678,0x00000000447c900d631e757bfadf8f0f14e57a4c9337f05bcdc4311f0ddfb426072d9387399972d7defda2f0f2a05fb0b1164aa9e798bd4de171bd83308de5859cf56b6aa06f15b49c1b39a803766072988f70eea8fabcc4180c1d47d6eb23868c4fb6745aa6fd8322e028780c68ebcd827f3e9953338d9d92de209eba6b9783
begin,4,929,292,1566377599,1,1024,8,0x000000007fffffffffffffffffffffffffffffffffffffffffffffffffffffffffffffffffffffffffffffffffffffffffffffffffffffffffffffffffffffffffffffffffffffffffffffffffffffffffffffffffffffffffffffffffffffffffffffffffffffffffffffffffffffffffffffffffffffffffffffffffffffff,0x00000000611c4c3e6f711251ff3932acd0e8f5dc5926dc78dbdae16a18333c4bedf64a80dc4208bafc019645393a699d1944d41e64ff20c181a300e161328ba1e0744e84279b6194d8beefc35098dcf5cd522c9aad7e9f18ff32fe60714f313741e995e68f505383e6d0b62a208a991d03ecec69c2c6ab40058afd27d4fb6c6f,0x0000000062be01bb540a808cebb967ff59d6fac85f96096612c40a80d46ffefe7d49d36d0ceeaf6e595280f5675cb65fe023fb7c0757218e8f1b49513c62f8bfdfdd3f6f0dff6fcec3c4728d7c10c97a739e079e5a7ab6319f81d051d77a93a7fad1df0a28fe796f76168866e8bc7a414e882aad76198cc914623ebb466cbddd,0x000000002f392a6d2130204f7067811ddc746761f60368e8355b1c556598385096de1c40a209c69e6e50701d541dc5a53a86109390ddf6b74a2c74713eaa10da3296b22f794c3388915f16e925f0141ec02ca39826ae280a49811f62e66fcc59d7c82cab51fc8758f34c7497a0e5b0f183f674ea84bb7474b68c3aff75c9e07d,0x00000000104a47bad34fffc167fbe22cf1a0120b3ffb0d28141c8367e3982d680b8e9b515e0503bea6f6fb8472ae0728172a8be218c4b5fb5e8c506db08a6f3d61364506ee54eb9ce164dd2bd1c7697c65956d435f5794befeada63e19165bbfe5b746e059f7e5667aa756b9daa48ca40f4dc52c9eb004e867aeaa0aa8a330a0
begin,4,929,292,1566377599,2,1024,8,0x000000007fffffffffffffffffffffffffffffffffffffffffffffffffffffffffffffffffffffffffffffffffffffffffffffffffffffffffffffffffffffffffffffffffffffffffffffffffffffffffffffffffffffffffffffffffffffffffffffffffffffffffffffffffffffffffffffffffffffffffffffffffffffff,0x000000004a513f0f9f1308b4ba9319c6599c2058edf2260c4d78079c1b9d26b49f25d853d812f9bdbfc705539e10eaf4a1f34cdafd95bbe7540a3d4ac3527f9ea895a0b13dab7d0657d114fbd03443124340835aba43ae41bbe578f1efe25069b3260d47e6b7aff35fd2b9c2ce4d19f4aa9f9dfbbc7864bdd373d84b7ab943ee,0x00000000526ee9dedba040ca46737f83f3f81469250b8840c3146adb749e9cc37a577eded72e6506c340e6fe8a3703eaf7bccc549d18f814836a92266bc217517228b883643a32edb7987f1c96a99be9484c6dce835d8d32f13a85625cfc193d418b108902a04a8be5b6d543a9571876b04f6a6c25da5e9fdc5f94865dcba130,0x0000000055d71a1ce7a012f1370328a7113359e59a146edaf2caa89cb3f9b0a00dd4169a145017c011ec3ec4ea5a7652992a50f98c7d008a1dec28a8237e13d35b01ae33d85ab59af93065f9ed3d97371df965bc6102c322c91d92958d1e4c9c36ba8474370a27bf7bd1f5f6ced4169be4f59e8255fd7f0314c9fd28f7584e0b,0x000000006b1622ecb81b9fa5b9211db44d51499cd64197cdd7ce293f50fd46e0c7ffefb9a0351d8a855cb08dad80da705b8285546d9adab4d3bf4ba0625884d2eb1b850f752e3a5dc67eee6e1b25547595eebfa8e4d7736a0bf2c0af6800df30f142538df1f12081fca07cf78afe1e0f398524d650288660dd821779046e2ae2
begin,4,929,292,1566377599,3,1024,8,0x000000007fffffffffffffffffffffffffffffffffffffffffffffffffffffffffffffffffffffffffffffffffffffffffffffffffffffffffffffffffffffffffffffffffffffffffffffffffffffffffffffffffffffffffffffffffffffffffffffffffffffffffffffffffffffffffffffffffffffffffffffffffffffff,0x0000000039e4ef0d5b08457322b1d0f388a8ac351e17e917050ef48599a108938a3548811119d1980a9ee252a9ef3f4e54a06c5676c106e402c5b17e07b0eacb983dae3bc740c55a5f63c0f948c16368569598603d8da19443801038bfa570a033aa8d2e7085b0e0408250bceb6583e92cffd3b8650b5c22c4944df57e534840,0x0000000032fb53cd35c4a1973039ae3a603c73665926fd277c235ca4bb965a4e2ea1f134e84984c0cd3f89de0d1800df66fbfdcea2d083efcd1a3d25ddd0d26faf4bf76c30477a2e46d9deb7c41b5985f1c1bb48a41d3401267c7e712797febe8bc4436bc0c1b18d02cd24656e774a5530039ead161f86103bf4443de19c615f,0x000000002ab9fd5cba6040237728f8fd99fe8c764469931ef7a5a87995eb5909a802dc93a11300250c863256cf4d216ea5c21f63b9d5e78b50bbf3ceff739fc62fec0c9438d86aa937541c1e5fa1f1716e11f9a6452607efc3f0330b77bab42262bece3ba67536ae4115b3a4467394de75af1ea5fbdb0b9f897fe96700d1fe6b,0x000000005f142115ebe23df532b44cbb259fe9c90e1dfbbdd52ce88f0bd6b593c719087a99b62ce0dfaaab402f89f1b2958e79465fa2342f531145540c43725a617ba957e745a4b99135458b29c140f7443b17280b2f0a670a03e850d915e5d19915eb745b6649a956f3a3b64f29d7ec6b4648db228b4866e0d7caacd860d3b5
begin,4,929,292,1566377599,4,1024,8,0x000000007fffffffffffffffffffffffffffffffffffffffffffffffffffffffffffffffffffffffffffffffffffffffffffffffffffffffffffffffffffffffffffffffffffffffffffffffffffffffffffffffffffffffffffffffffffffffffffffffffffffffffffffffffffffffffffffffffffffffffffffffffffffff,0x0000000021126330b00d7a4c18a03715adc0f37ac604c1a7aeb23dd60e36c7cad6a430f2f7e3725eca27ea6e0e585f5443da86e1a0cb7313aae8ace1b629a25c974fa2d62687f974e023dbca60c5eec3248aa36ab64c9d766ea31a23bafb42d15d5436551ef358ec6d099216afd57daf8705393b2a386e338caefcacc51278ad,0x00000000358333da665192457ef4b317f5cee507b2e4ba9da9a00cc21f86b331ba36f4f9e3ac73768d56c24bed449179fa01cfa02ec5b32d9065062d9b421bc2f0d259f25326f1dc4acd6a101a6c5624d2b3a479fccff22616a847edb85f25a7b19791e5b9d17b6698f3209d83147f5523cd1cc2a93f31b97e000691560c4169,0x0000000035d735a9ed7e200e864cc2793cdeaa3d52da2df63986cc5d9dd3207b672f532a5b0a71bf687077d08ee392ee14ce05e20a1454db10de3feda792052bd2820dbbd4e07275ac3dcc5ac4c660bbc352442362d4e3a9279b83cc2de6ffadec42a819c577f22ec1be85b56aa907280a5283bbb40938d36a31b1d2554f9115,0x0000000009916c69d9b4567765c7b44f322a40187d638a25801e695a6dee15ab577711ffad8a6d6d5e2a22741ca49f0394cd68a28b4d70ede391cb92a4b0d4d2cd333f6617118689f0a0b774dafc630d1ab08816b6d8b67b1b43b7129e85dbc19497f05a3f5d9e6a22236d387ef44b8accd26b58b37b99279bde34f3563e99a2
begin,4,929,292,1566377599,5,1024,8,0x000000007fffffffffffffffffffffffffffffffffffffffffffffffffffffffffffffffffffffffffffffffffffffffffffffffffffffffffffffffffffffffffffffffffffffffffffffffffffffffffffffffffffffffffffffffffffffffffffffffffffffffffffffffffffffffffffffffffffffffffffffffffffffff,0x000000005361da0bd6c40a9f18bf91b70c55fb805d3bba87d67997855684147a553e94d86b0bc03b057d0d4d49ad6414b989f00c30ca86e6a098fc6c8fd145497b7909392727f545f700cfafd32161ba129ee3aea1340c3d0f8db7a5a9194ac4f7985bc1ed3f50f06ad0d4ef10817909aad26b6dd078ce737c3dda015cfcaa69,0x0000000021111f455f21a577e819b298fab3a80c4e86817509aa0de8f6799ac22346a1aba572fca3bedee2844fd7f542ac7d843e74a314f0708625124a47677f0f969ae772d7c9df85b3243231ec65c6ab7bc428346a6848b93368533825a9ad20daaa19d0fe5a1c18bf1584e7e767a02d3e87a4228e12ce2b9f9bf6c86d0b38,0x000000007647f6e2515cb0fe77843b299cfb7446913e12db4473a1e7a2fcd4ee6e1dbe36c4804658c0eb86ce719641905e75db6fe31bae7de878942393f60be833fc7c466f7ad64f91aa3e608c11cb2fd9b855bd32e36748db2b4efc86f8312c89ba98ec5c2a47fe9a8d89e4b8e776df6dcfc54030ae5d862663da250353cbc3,0x000000004780b881cfad2a2c2edaa77b1d7692926364b0c0c248455e231943ec169888a7ab47e0b8d9c67363194853d71e2185e29c303df06876f4300217ed706c06f3acb0650b364ef0d5fe7900960f30507cac733680c5729bde55eac86fa5564c61964d973bcd02bb60a62280927349f7e5351705cc31293cafef8c47d024
begin,4,929,292,1566377599,6,1024,8,0x000000007fffffffffffffffffffffffffffffffffffffffffffffffffffffffffffffffffffffffffffffffffffffffffffffffffffffffffffffffffffffffffffffffffffffffffffffffffffffffffffffffffffffffffffffffffffffffffffffffffffffffffffffffffffffffffffffffffffffffffffffffffffffff,0x000000006e18e07eaeb61b9cbd8deaf38369cdbf29f2f535abd6f2441b74f215c61018306e1f4380dfb755d2d63f9230c7eee553bfbb86598fcea54d8af81cde6f40a4ec3c426d42088d86acd1d71d4dfd01454ae8ab244a2b620592b9d1c9db4329c3de826a8fcec0e9a6772b54e7ae48516ff5a0fd801112e1d322ae261a9a,0x000000002c1f4b71372e420f7f24029e3b9d6ce792f22e72b8017f08b14ce027d2bf941db4707e7853504d0aa5bc03917bd0eab8f1c0bc30ed070acc3d11027a92a8413b02e44eb0653cb48226c5ec2a0dfee1d3a18265320a5e01dd1409c57df4b6791b7e08bbd426c9a9658f69df2c89edc050bf719338a75f24927c07dae7,0x000000006e37c5bf1f05ae3652f38d3069ec0b671ad57af73b3eda2c55e3122a7eb102e91b169e18811c735c17055148d977a11ae1465114f1d9f486a89f44c36c8d22486df257ba44c83a450188dbc71bd9a65b2352236a2cc2138547fb8bfde6d42eb0d454c78ffb0e04fbb404f1591ac190859b71a2eb565891a8678f7170,0x0000000055fcf2e8f91c0f983e4339aa77161d4ff8eda53fa623d3cdf25455268d56bb16a44edd170f3d3d6340f675b1b2d0cf78138b7b8d47ffac884d4ac2bb5077f6aab5af63a3be2edd9bab30b38038155c1d1d029a766f32180227ea522ffc2169fcaeebd223282a8ba3b3a0c9b737e52a4c4c6ab79335f1a8373b22e1f5
begin,4,929,292,1566377599,7,1024,8,0x000000007fffffffffffffffffffffffffffffffffffffffffffffffffffffffffffffffffffffffffffffffffffffffffffffffffffffffffffffffffffffffffffffffffffffffffffffffffffffffffffffffffffffffffffffffffffffffffffffffffffffffffffffffffffffffffffffffffffffffffffffffffffffff,0x000000000d09ddced5f8a78592ada77d7e821e18516582a51116d8e021aa58b0a800f0db41ea430739763ca22fc1a6a5468d2f0c51b5504e8ed3fbf6008fc1741cda257676ef20a31c0aae1be110f2466f3eed1ad50556f1bac3de3241a4851daad97a13134372275037ef33c7fc161ddd728d3c7c33bba6dd4ac8ddfd13021d,0x0000000036740936139fd445c867ff954ee4055950b953fb09037d236ad41ed22a5179f1ad13b23652afc0ac985235c48c88ea670e9c53f4f89584bf71e7a7a71ba9d1c9dc23558fbc57bc305aa3c3afc68b63fc8f8db0dc0663eff36078dba73e7edeccba3eadb4e969e1acc311a4c68574aca5afea4dc73a9fecd2ee1b3f16,0x0000000073bb83c73944256e191c829ea1872ffb388d68fa4bd14296fe3d918ab25a5014a3e212490256b82d3e70dfe8c1271c4685e9e710c4c39b070c1440c876c91b5fafb2f3edd819922df68e174203ade72e85710d51f9570deb7287405c33031ec2b87498aa5f77d5a530d1e62d1d7eef8ef284bba0940241d1d1cc59f1,0x0000000078c6d58e9c639a1035c6ec97a8e085d6718e808e37ea5a68e16aa5c141c0900360cb379dde4923cda1eb391bc9cedfafe0e66998ad45895054392f4c2b6c2a354b8b0005f627acddcef9dcbc1c69dd547bfdcc881bde44ec50dd1add0fc6fdf37843d4db0b148dcb9ee077989ef20f7d49261254550ff7426439a9ed
begin,4,929,292,1566377599,8,1024,8,0x000000007fffffffffffffffffffffffffffffffffffffffffffffffffffffffffffffffffffffffffffffffffffffffffffffffffffffffffffffffffffffffffffffffffffffffffffffffffffffffffffffffffffffffffffffffffffffffffffffffffffffffffffffffffffffffffffffffffffffffffffffffffffffff,0x0000000019f91876d33ccea10285d03816e5c16acf85a5530a3a8205952da1f54e70d45baf7c286f977d6a972f3011ba7eb95211f85bc6d0b5a7bec51cdd53ad906817abbf62e541ef4ad1d7f2cbab4257bd80542c1accf533174fb395e466b5ad2589e80885a5b55d3e01079eac287626274a97821e61a923004737a63a0ea9,0x000000000b316f9d3ba227fea00b087e353a64e779347d0597be4a932a7d27863eed43008ab08cf5b0963ef394385bc99a10d2545bebf627588838a650cd31d62fb2895e6d93911be2184457c69962b6ed1c478ed5e03e11b31b5d665c9e59390eebc5ef6825ef72678a261fd0bf5d550abb15d4be5f581948d486b3aa7fd2b7,0x000000002d8e597d98e520976ed83ee2229720828b688b1a40fb98cb1ea142135b5e04e59bef4aece77ef889ef79f9debc605b358c79c65e4c2fc60b1cce6d98c3d030bc0774d77f3d5a9443afbf402f29144812e6edc1eb336bfedd0060cfc821d7d3213d68c82ede067c042ffc32fc17eb7afa47ea2a51d6d1fe62bf9a3213,0x0000000021d22377400b2be93af87b97b4b157f913fa55febf856e4a6458167a9a4300821dcda53010c967570b91753d34f198ac76f94a7d366511ba057ba6dd4584b640075586d7915c2a903b5a90f4a17fab559feb342d245a3eb9205427128e5882f2f8382727f5254bf1c1869c70f6e846df54b8b7223f77e7af51c6b756
begin,4,929,292,1566377599,9,1024,8,0x000000007fffffffffffffffffffffffffffffffffffffffffffffffffffffffffffffffffffffffffffffffffffffffffffffffffffffffffffffffffffffffffffffffffffffffffffffffffffffffffffffffffffffffffffffffffffffffffffffffffffffffffffffffffffffffffffffffffffffffffffffffffffffff,0x000000002346c5dbc2d701a44e7374708929634ac454baed1f75e8c97d74336a7134938bb0ea37e4f803e04237dc21ca90c84e888e30b19ad3184c6b623fc1ad1922a7215209199ccb239c2446e4ff33f487dedf6088edf254559ef9cea0a0b3739a0ade41c519b5631e9201477fb15b2380be192800f40d81ce2d8db57b14f9,0x000000002c8a1ff0a94641d2d714f43128e76b48b8447170c252e13a9a57eb6ad6a32122356daa0ea6903dfa1ce0135f0e76d553778a7543c9d846ef97dcc327bb082c81e04f35fe66e53b358544344aac1af826ed3c51450dd09c882a75adeecab946e65d5fab31997306c830addf44a7ecd16ccb3d65c7868048430efa3c20,0x0000000053dabdbc1396c1de40a1031a79d2ab43c6fee17e5f1cca63a3461c90a021ecd0eaad3187a6a7a2c3b06302f5b25fb03619fc4751ae3453c34d5af23f77dac57282a77bf9fa7da273dd41f5b24cc17ccee8ac6767047b633097f4f66fc0a22f7fda653a798dc689467831616424ebcbf1c3f7071ff6d5bf46ab83eae8,0x000000005de219d96b50e500cdeaeb896dc72f9df7a5291cb376f0d96225fb4df8e8cb08792c4cc4fa29a11096318caa7ccba803dc9de67077a91955ac18421eac7cd57939feca969bb35947dbfc327b8b0f130a8de55743b297e172dc9255aa95511e3de78105640dd30db19631a49806bc78c34cf565f678acbcfc6430aacf
begin,4,929,292,1566377599,10,1024,8,0x000000007fffffffffffffffffffffffffffffffffffffffffffffffffffffffffffffffffffffffffffffffffffffffffffffffffffffffffffffffffffffffffffffffffffffffffffffffffffffffffffffffffffffffffffffffffffffffffffffffffffffffffffffffffffffffffffffffffffffffffffffffffffffff,0x0000000035372cab17b74d2abb55a0a7aff9b4545c5a4c3e70efa8913166dbae7b4bdf50e7949d6e0abf7c05b543c72335af7e54b3c44469241de79c814e42c6cb4a22671d19308ebf60a3cb1d10cf488976f8aef91dbc41ca284aa8304f6cb28bd595abc95e44bd9ab792c52b43b88357d3b551d63b605ea03d0b14bda1ab35,0x00000000134aebca675b2af3338ae98f3a0f78f6f1c64f0542eb39ffb20d7d0ff9a420a1fd388402e0f177f7ad67dd18917407328355cf2ad1700664912fdf3c790417c8376939e0f33eba7c65d15de95904403fb68f086e7e0df709dbcd3040a44b90fe678ab3b24d250ca039103271b0ec93ccf936712fb48d71f16b57c40c,0x000000005a82ed2d234f4a22ddd1e585063be54e5bf455725fd89e5b62d24873a22b46879d652bf248f973c5fa337b612ae6cc09184bb3239f1ca7e712156089a90b2c1f4e759a8c0cf22e72728ea79bc93baecdfb0e010cce6b34c537402e1f3d5d317a2b4d1dbe1f39d31a3b2e0c747f444a9c4b0a71d69dcf3d3a376e56b6,0x0000000000261605d9ac54ec2ec7537ca9dc18f8eb73013351e579e861c9cdd01fbe36a0741c3958acb1564b17b6b0d201ee600cbae3d8c31f97b3f5899b55e3471257de55945a3258404d76edf98a2bc7fe12ac02d79cf0b8960586e01c278062da3b531756d20629f743525124562a6d83a51a74da5d1dd572de5d39beb5d1
begin,4,929,292,1566377599,11,1024,8,0x000000007fffffffffffffffffffffffffffffffffffffffffffffffffffffffffffffffffffffffffffffffffffffffffffffffffffffffffffffffffffffffffffffffffffffffffffffffffffffffffffffffffffffffffffffffffffffffffffffffffffffffffffffffffffffffffffffffffffffffffffffffffffffff,0x000000002d92ea0aa3c199fbd0aed3a87e0238eae4d3c67b69271d66bc9d5137b2a841a978890a4cc2698a1244c21a503b56ff05b04f49f720b3d777e6dff4182ab32a7ca011ff56e789edbc4a5c68a058fc08b26dd9520ed787a5948d480664540732eac7b9fe8258bb1c42f37203ed779462a89439e1fcc0de4d7e1662511f,0x000000000c3fa177e70803a26e020ac8601c2c8eaad8504e67c6b0316a9287ab762cf7181d2979dd04514c116d4029cf8de89b4589ccd054821c87d3394efb09b6c7511709c0b293014d43ef4aa09962de55c32ad961d73f6538c0501d4bed08ad90ac601eabde2d4fb8dbf9600000ead4c4c0a0ffa36dee2937b60e0e507bb4,0x000000003d02994e606990f5ceee0688b854c27bdfa790dbf449ec39db1de7937048d01e39ee28a2d13e2ab2b806266797d920fbee3bb772d3abb79201eb2232529a28b60964f9b292b7dd5a8941939e76610ec88575901ccae3ead956f9afc07cab6c00adb27def4d99d63ceef54ddb5f89cbbf9e77b7b89d6136469d4753fa,0x00000000016ed7b7a1f1752d1fc15944b6d2d2b56a1e7181ec2f47984d66ccc7cdf0eaa505c4d58c1f23608d4e1b31213b52f0068cdc94ec6d4eb47614001c4ff9e0c58df08a293b44806834264e0f73adfaafb91ab3bc58c8b7de919d589ddae8473abfdcfd398d2815cbb4b2378b54342f20072bfa0910c7ac0bf536e2199e
begin,4,929,292,1566377599,12,1024,8,0x000000007fffffffffffffffffffffffffffffffffffffffffffffffffffffffffffffffffffffffffffffffffffffffffffffffffffffffffffffffffffffffffffffffffffffffffffffffffffffffffffffffffffffffffffffffffffffffffffffffffffffffffffffffffffffffffffffffffffffffffffffffffffffff,0x0000000065b3d1e51ad02572839774a0d65ce39d08cefb66038f05730ba681feace271b41bb5440d3fa46715697c25fb4ad6370c845b60af2b8007a7cda69d86b36dcd51d1b4e3479902edc6ddecffbc6deb8a1ff2462d1e52ebf87988c1eff537b7fb3787fe9b6f57d286a476a3c4f632e50a34a12646427c46dba85a571869,0x000000001e875597c01500230e2ba2fecc22e52d158b49068788e24a2f62da6f441675eb3630857435811302d0664945a2bc08da5c0af9713065b6a2c22c7dab4da6a525ebc95865dd0ef6b2468674ebae1cf0450b8bdec45efebd6ca6a28d23786eddc95c491099678b0f64e07a8858b65bf46a43ba04d55c04a81f6cdacbde,0x000000004d7f732005cc3d3d4fac659fb7372bcd7ec19b0e1f612094a532a2af0728c3ec2988fb4cba025766623f4b30edc0eed012b7b83ee6807d069632e3d82ad01b85aa9ede689dce04ea87276f1283af325e1bec9f9591cad43c7f7179ce73faaad7553906744eaaeac53a0a4eab54e24ad2f3b0babe0731771d29c16dfd,0x0000000001fc814a492c4f7ac320f7a6b458ae533fe265990976b50abd4b80db5c3438f8ddf959137367a40a2cfff1bc33373338b2225b7cc67577cd9f3441b601c25fd610b37628d5fad22ee4ad85fcd7632bfe7d7e54ae9ffd7627191f35846c1a509e86d597f12c118211105701a77de717a28c1fef6210840f02546870fa
begin,4,929,292,1566377599,13,1024,8,0x000000007fffffffffffffffffffffffffffffffffffffffffffffffffffffffffffffffffffffffffffffffffffffffffffffffffffffffffffffffffffffffffffffffffffffffffffffffffffffffffffffffffffffffffffffffffffffffffffffffffffffffffffffffffffffffffffffffffffffffffffffffffffffff,0x0000000033431ea0ab7c2c1bd4e716490cd0fc11b2c2eeeb9aad1842e20aca5a7dc354898a45f95d9e9bca66fe067c4b169e4fb7b0ee6f519e02ce83b5e411562d07f2e8c81c27129a794b59bda8725b5bcadcf0c2fa2a60be080fff725faa525fc9ec169402889966706582579a010c2b0066fe2d9642dd2565380e9b3f9f81,0x000000002b8c3c466377a7c7a3ef96e81f85746835ae3cac8cf62d1f25d2f3e2f5393586b37f1f52c5bae468e3c0632cd2c1797880125c45e8efd92ba2ac1b72389990496c1d28c4786456d747e49eeb213bf26daad8202edcc7707523a29660feddc70c6a7130ff83e0b0759eb72512e0573fae6380a4cb2cc647195c1ce33a,0x0000000028c290ea08255495a03c2271c620b9ccaeeba53ef67ae5c69bf8cdc98f5ec1a6a090a0e2add4b5b60a202ddcfff554cb11a632cc1bef6bf58d40badc60fbbf44a62f377cb6cfc521497429d0478fce44721d83d6f658c6207f4b3e934c1007d9bc0baba16397e3069d66db4008edb3ffd56c0532433eb8637251e7aa,0x0000000075b11e70e7009d207ea2c2d1fd9451829cb86bc292ce8fbffe0aef5f24cd79cf08176b05018eb5aee91afef68fec24dd97b4088e2a1ab2a196775f3dee149c1a0dea1ff848951eecedb458f5acc0fe84f5177ec872b6362f703e3baead9a229a662fa7433aee3026591af1ed00c5a1e38f9c75cae42efe7191fd12be
begin,4,929,292,1566377599,14,1024,8,0x000000007fffffffffffffffffffffffffffffffffffffffffffffffffffffffffffffffffffffffffffffffffffffffffffffffffffffffffffffffffffffffffffffffffffffffffffffffffffffffffffffffffffffffffffffffffffffffffffffffffffffffffffffffffffffffffffffffffffffffffffffffffffffff,0x000000006f978c3dad29bb2b1e37969a06bb99bfafe26630774a81e96aa1887684d55c1b9085cc2ea9fbc751bd3e5b31a3ce15a4ea737efc7094db7fb59d07c43c0b2e217afa0a2e8d2a462907f77c2528909007dd1a8d05eafda02a04a9673963ad9c9edfbf654e0e3e003df6492cab1eb8341259601c98bba0870cc7dd9dac,0x0000000063ff6b5c2f53a0e4cb52f802524736bc5d89070b94779d84f5739f613d7d7688ae94d4f709f4c17f7a5e1234812c2f89532e95210a7a7163c640caef76d07e1ac71fa14719657e90aa26956b3cdb01322f7a935113d1d46a43d3b6be0f9191849f3214b01e5c4e005996ea1de366c7cf5b6e56b269089f0fac22c72a,0x0000000052b8205ec73bb3ed858a1d80212d13c27528c7dae9d1958a469d4339ad12604f40a6977484329ce2455644edb6fe2c39bb7f62d1628eff179d7c350b6bc0b10d011d13d9f044459a2ed32d30ecaf9b75a40cc222c2a8859886c6d7508eccbd9be3a42d20f7743bdcf59c24906277c5df4a4ed42840c4664f0072d0d8,0x0000000016e6b4e8817da3f21ef6ae06fd1fd9bc4820b3642d44aa4df424498f1dcc5bb8a5b8149d8bceed0e7ac40b8f87818120ce9e1cc82c7023fc758dac35cf6784f3cba39b03b897e8d218e3e02368869ae68bd810761016a148384eac7fb7688d44c56e77ba994ba48b2d2aec1bab7eb7ae478ec7e3640707a88c04c4ba
begin,4,929,292,1566377599,15,1024,8,0x000000007fffffffffffffffffffffffffffffffffffffffffffffffffffffffffffffffffffffffffffffffffffffffffffffffffffffffffffffffffffffffffffffffffffffffffffffffffffffffffffffffffffffffffffffffffffffffffffffffffffffffffffffffffffffffffffffffffffffffffffffffffffffff,0x00000000744db03ae005c0e0fd0600870c59d54ab51071df8e9d637f164b81493f7bd61fd69090828d7841a83d98d6aa9876532dcde4e65a9dc0eb5ff86cd79a9fd594eaa983cf1e7246a96e3d566f0168761568e5ec6e0dc3968e87d9829eba8392c04131946948c55fd706aab5697db9280ecfee281551b9cb8f1bbcd599c1,0x000000006a6b513598eec9e787ac37573e70e9913e1f791fe7a8f1f39e2943bbe175984035a63ba83fdab8de9385c93eaccdd5ad0507df191192c077304814e0b0205ba89fc9d6bf4045ed6ad1dd32677d30220e3cbddafd318120500fc819ae108b625ebcceaaa4bb6dfa864a2dc0930c977c5a7739ceef6f7b45c6860ed1c5,0x000000000749ceeca59827030be27a873be6acc821d7fbb56a74e9792dae3413e84f9597e8a568c7cad32d76a69d6bb8f5ee4fde310ddfddc1fab9ef3be9c1b9b741cf62d7f7f6b2ea1336b0588458b9c85a702dea9200b3d256a0a72542ebcd4e25c37d9683ff30f61eebb67dba6565d3f7e3b4ff4680709aef6e63f988a54c,0x0000000040231e8ff92ffe6e6efa7dc8f0adcee41dcb9b743490f208038519103a6d65f0e0ebc4095fd6be04b35e6dfd6bac56bf1500629d660cebddeed1b5636d086f17e4c658d03de2f78cf722909c6785e1e99f2189c1993c1fa35e61f4a21aa7cc33e96de3cc8373cff3c3e2f1186e7d345afa49fb11a69a71320cd6c816
begin,4,929,292,1566377599,16,1024,8,0x000000007fffffffffffffffffffffffffffffffffffffffffffffffffffffffffffffffffffffffffffffffffffffffffffffffffffffffffffffffffffffffffffffffffffffffffffffffffffffffffffffffffffffffffffffffffffffffffffffffffffffffffffffffffffffffffffffffffffffffffffffffffffffff,0x0000000039ba1edde7aa502a7cb0468babc73df7e381eae6afc5a85409799d12a80181318e7bd29d16cd055fdcf004abf04f2eb1cdc31b578e408f31af355a633c894f2207138d4bbc98c6754969fc2e2a1556d39d67b0a8e685a53a94151ac8dfdfb768a777f307359634f9dd77de325034de957a57c4e388f46b3605e4de0e,0x000000007f24e7f3550b9931b492692b81c066eb860e5244967385b7c7530be74ac16380277cb1645c0d2268213348ca6a92ea0189b3c506524c5200ce6bdd6d46ee0c834ae56a38c35371e9ef34ef9e9547de0325e28107a14be6ab7d102f00990c5212849750c0f2df7145d575a0d7ebdbfc431a8d699998009a3d2cbd9aa4,0x00000000225ee5f47dd76d93b5aa9a277370caa2cce8ff3609d2cb131c56a6145fa79cfa4ea2b57cb16346c8ec26cc4c57ee27339636094596344c294b427934c90322e971934d4d254538854c146c48af742f1b8b0931a37564e0378305a5a59f864556636dd37df8ce425302740b42bb281d315f3685ae842f05e029ad5d1c,0x000000005d41ed636ca380e3546017cf260417c50087ee981e72e16c7a6808c577f1c9d0644d1005d5a039d826f9958749bf8c39ca9afc412188ffc81d1ee97557b3135398ca7404b2fbba58254f927e0020a7a85a82badf8883f1a00037c5dfba1beeb68f7114f6b38ed7fc301c5f0ed256583e31bd1efea30f1aea449784ae
begin,4,929,292,1566377599,17,1024,8,0x000000007fffffffffffffffffffffffffffffffffffffffffffffffffffffffffffffffffffffffffffffffffffffffffffffffffffffffffffffffffffffffffffffffffffffffffffffffffffffffffffffffffffffffffffffffffffffffffffffffffffffffffffffffffffffffffffffffffffffffffffffffffffffff,0x000000001f80cab992eeb0f08c564961c667314c5b905d9aca65bd6974e458f68ab8439db203aa0196fb89fc6d2627413462ee347ff87cee8616a5d7d6a2b9d1cfd24f8d81eb5da7ff6a0cc36a23fda9e545a8e2ca1e76bb4610ba7e974b4824f15e636e3ce8ecb250169c37914ed53590bdfc4bbfb397a9152cf83d10ac1025,0x000000007b72d19eb32721f8ae2da672a617343d2af73428c9fb33208c4f60944a724fbe000f77fc7b84888a9936b85ee85b65787f833617063797017247f64c618514cb01494d45c6583101f651ecd44f1686a60d8fe952cc86fd248017060692ccdbf8091b2f8ae1085800525e688e119c44534e7595d0e097e0f5801d1cef,0x000000007c2f5994b297b6f02600d26c7f69993b043a99d526d6dfefaa1ba852a29d560fd4c8a0600e3fbfcbfc2190d8dfbdf07f8b2d4483d50e5ed6d0af9b97e5ea89c2dc57036981debcd25832006a12348cdc4a40a52c423ce1b98ff57ff954f09596e2f5ecb7ffaf0dbe1180ee7c5fac42a4cd592c47838670a1e3a729dc,0x0000000005fb019ea133c26a93d7580d4ba81ab4ee4cb8e48daae33c57eb24c932a3bb81f29f35d20c3323db64290d251bbefc75cb7dbe7bc98fa0133ad28124a134621a7cd73399ae739fb60ae8855ff186c25eb064eb9c4ef3f53cc2d4b2e719fa9f81ae9edcec7d95e2d212c275fc310f0cc247b4a67c9af1de8a06db8aaf
begin,4,929,292,1566377599,18,1024,8,0x000000007fffffffffffffffffffffffffffffffffffffffffffffffffffffffffffffffffffffffffffffffffffffffffffffffffffffffffffffffffffffffffffffffffffffffffffffffffffffffffffffffffffffffffffffffffffffffffffffffffffffffffffffffffffffffffffffffffffffffffffffffffffffff,0x000000002b2085e202f2660f0a8b178b4f229671dc420ce48af67af641547b6deb95cedd4ae791195fa7abb2e67b25dc4dc1b7a6826ce5a3abc6d75dab0b782878c38a035465985ff63970935567d0cafe9d2cdcd372931bfd98ed556893271b913927cd4f852ad70adc35b230f9d474843b7ca6e74fd7cf0dbaba64ce0f4ff1,0x00000000627f47f8d7aef59bcbd257810aa2bc66ba9f9a3031e84155806b7cddaf9e516ff95758cd61da2650affd531677307c1926e7ce6acc7af9906a2e695196c58bede9c63f173da5efddeeb408f909641a675a8c8f13d50a94a51df0e6f7dd457e7c01e3f62a799e77e0ad337559e749bf60e9e5ad0a22ade4324692a7ba,0x00000000537356acc8d132bb65a65e3b1557aac142945ba7fb60523f33107f760a763f4a635a7c7cbfe08f88092c67c229509870491c3d89ad33c08038a1d91dac4c497b3265023c3dbc425a8fea30c271be58456ae28a99e259fff16122ebe10a472a543daa5048f0a2931e631a94571c5f43fcab5c2d776e564e6428882359,0x00000000234acdb4b4f01fa74e27f80dbc19b8fe7c0df2a15facdb125388ddda75ae48f4823ab6cbca5c8bd87fcb04557c520c2ace5578de148d339bb7101e3d51253fea7318ee85db9f49ef08f508195630e89de4f1f1224774483d6194f95db66d8087a601411be885b880a922bf5d20e2b41c7ee5dd9d1dba36613d2af754
begin,4,929,292,1566377599,19,1024,8,0x000000007fffffffffffffffffffffffffffffffffffffffffffffffffffffffffffffffffffffffffffffffffffffffffffffffffffffffffffffffffffffffffffffffffffffffffffffffffffffffffffffffffffffffffffffffffffffffffffffffffffffffffffffffffffffffffffffffffffffffffffffffffffffff,0x00000000369a112e2831425f394eb91fd68b873ba1d506f4dfa64f9640186c3e8eb8c92ac6996c17b9252eb4bbe4f6eef282381225231d93acac8f03cd00b2e9dacc25fd612bf85b2c03420a5d04b8e69f609e2cf074dc64b6aa4d77f97c10c6a7de5854f8e625db29ac2f95a7521c5cad8edaeeb493679d8796a8f727723f39,0x00000000174f1a515c3a597491ff348a0421d5c103f7782d4472e206937b4a5897cf0b49e8c842a6adc2016e0d015d82e127a1732e940f33f304432eb60664e73def714d2f002d7079dba519ec15827c113c71c31cff73b2848e457bc116d43117a1577035df0ff7a6e7d09eae491f38e7a0cb97e9acd2cd3e85391ba69e4b55,0x0000000077f4e52f6bfd9e24ea6f124f1dec9b1347be23fd39370323b709262fade7fa7e538274f784b05f08d65d222b67c0a3f052fb55c78b8b1653df2cdf83c14d51ae146f60bb380e6e39a10bc4288756dadddb5a10c6efa8df511d282e0f752b39dc71ba78d050c9c02c4add8346dc7e3a366dd48bf884f151c41d4aa6fe,0x0000000040f098964adccc029306b03faf9582ba682834cdea7276b177e342aa702280b37e3a9f28013ba33e30890679f456c94f800892618db280be4a76aa87dfa3fd22dcd5931bd7b19a932f6377ede8b2de8e8988d9d291d4f3ffa52ba20d9a22d019931011c9fc9e1d8cb6facb0406e534b1aafe7e2a83d055606734af4c
begin,4,929,292,1566377599,20,1024,8,0x000000007fffffffffffffffffffffffffffffffffffffffffffffffffffffffffffffffffffffffffffffffffffffffffffffffffffffffffffffffffffffffffffffffffffffffffffffffffffffffffffffffffffffffffffffffffffffffffffffffffffffffffffffffffffffffffffffffffffffffffffffffffffffff,0x000000004bfb77676ed95644b301c4f31dc368fb1f6783a54add63d192a027626edf0465889d56b37b2253f5f1e68ab71c61ed4ebee2856661a03a03a718a165780de5c3847442211f8e991d8c498563bec9b09902aea9c150bc5f5beef84ddf3f96bf15c465cc814a7a2e7098ca7111e7421384b6851c9e860ad62961f885e4,0x000000004766f80a674dfae5d8f588d68946b800481654f67bd6b1e7baf36741684fecaab08209b4d0bb8508c8c0778351dc8cfcd4558ae9d2980f3b457eb67b4f9b87e5b6328b37202fc9f806b5dd6ec05a0afe51396dafd5f5d228f5f0949df1a169658d2f9cebbe418b21673854a3fa31775b808f00f424c7622f82173cd9,0x000000001bef82e5fe625d50a96747730d8e13baf3e36bcead7552615e02ab9abaa35388079287e36e3f8d7136ed284966df15910a7356a371f28986f534ae004dbfe6dbb402a193cadd2484f5814ce248affa7a4d324e62ff0ec70737643b6330a1eb5ca24449624ae94bed0608c092c6fdf7c2e6609faa5b37430f01502db1,0x000000001c96893830fc30386d8dd9a24e84750c3a2022b73db40c78238115b5a49d2a9f509e5c0d8ce5413619a1a253647648229ce33205af03c3d1aa0a7beb14273845ab41ce8c5de32d4c4c68e614cc2117f59b8b01c1839a17983eb9440a773feb8b28aca3749db50cf89cce842c32b68f4f7358ed1de188c10fad1cf7b0
begin,4,929,292,1566377599,21,1024,8,0x000000007fffffffffffffffffffffffffffffffffffffffffffffffffffffffffffffffffffffffffffffffffffffffffffffffffffffffffffffffffffffffffffffffffffffffffffffffffffffffffffffffffffffffffffffffffffffffffffffffffffffffffffffffffffffffffffffffffffffffffffffffffffffff,0x00000000029ab21a6b58539fe80f6948dc096da8dda8f7e6a7daa9ed9f6ea103ee757450108f14776e1c15e04163a93b8aebd8947cef715607d6ff13360e6d7d61c8ec7e088634ebb7c7a77ec4ae02da78b0f4ccd482c9ee33fd4ca6f0b3b8554540ae5ed40cbb43d0c7aa160c10e083e9345d97d3f7c373fb0d526672e5983b,0x0000000023b7734d9eeb7f64366cd5ca3e89dfca0813c810e1c717d9fee51efda36642cbf10c1ea77567d1c1832a3a0daf87189163731d3b10d2cd14846e1ecdfab59fa94f53f62dfb7c795b49b98d8561f136c5996f768c6d9d9af27400aebe6fee0085f69a61f9529434d127123d8b63220e6eb1f03efd3babb128f851e6df,0x00000000531aef81142171cab162330bec3e2694e00f0fb768eee4196a7e7a32c2f646bd1af367747cf345d3ad4c21a5b0642b8ba48a00af7937ef31fb17982806ad4891f5aff9fe8a028746e17b612cb40f7b2340f4fc5011718c33a07a347fbd8aa81bea585d8f73a456873b5076e029af93adc9d57f8bbeb4fc81428dea4c,0x0000000048cabc00514733c223fa14362cccca27706b8503e6657902d7025eb8eaf982faed26942d3db5adcfa1dc741a2dd40fc904423675e49e090a307e8ecf0bb398f6e2f8e97409675759bf4ac2896dd9145a94f04eef90833199067199db35b9934e30b12fbfd9d99c1ea6577321c3379ce274404e1b8b3463a41322c34c
begin,4,929,292,1566377599,22,1024,8,0x000000007fffffffffffffffffffffffffffffffffffffffffffffffffffffffffffffffffffffffffffffffffffffffffffffffffffffffffffffffffffffffffffffffffffffffffffffffffffffffffffffffffffffffffffffffffffffffffffffffffffffffffffffffffffffffffffffffffffffffffffffffffffffff,0x000000001859e509a8485647c6182b96aacb899f2ba98cc3c528167df6df1279011730ab8fd3c0709fbe2eec61798e68d7b30802be55efae6b3c05a02a5702b663d0e89703e7f5cc6bc35495681aa5ec8bfc7e17edf3dac46afa91cdfde8c487c5564cdd2e84270614f53ae42d691b8ba73a51e2cc001b94a12f27cc22064f7a,0x0000000072f3a73ad93c5d524ae0209e105eb4d1ce3d2d4b404970e0058fe73eec788af8d688a970ffa255c6943b1e6f3297ddbc3a7dff134f006dfcba950b04d85c1bb371f15d07add513c8c9ebda89c60254b1a000739839f2ddd7b7225725064cd3fb4cc159ee9e0b5fe4050a55e7901b08f74e8795f4a39994fbcb960257,0x00000000173165fe9bdd81a1c3e3000af2b8399cec7af71479cb96a6953288bba2c70afb66f67fdbc94bcb86ecfaab4241096d5b42a083f9a7be6564750d4d6bd7f6f7a14787f73fe29e19ca6b4d619c4554f24cfb09dee5374536e601defc31f85f25948a2cbaf58bf75ed07e4298c79b2139e62f9d084f54137da5fd6196c8,0x000000001a1db1c994a68a12ac6c0bd1691079057dec8a519fdd27c51b876f80acb681737b30ae27aaf0b7b5dc4c3bf797b5834a7251db4468d5171b27eb7b2f7ca8028875bb1df642d80f8545cdac0a490ec394c5bf2cee1ba7e4d958c038205c2a5368e8dc181928f6123fa8bcfe5c165a064a9d74dc80d70514d1de764ecf
begin,4,929,292,1566377599,23,1024,8,0x000000007fffffffffffffffffffffffffffffffffffffffffffffffffffffffffffffffffffffffffffffffffffffffffffffffffffffffffffffffffffffffffffffffffffffffffffffffffffffffffffffffffffffffffffffffffffffffffffffffffffffffffffffffffffffffffffffffffffffffffffffffffffffff,0x000000005328375edfb25b13be165e09708837df103642c3f396dcb2eb31827c5f3561f147e831cb1203a3fb49aaca4175f07da11332fa10a4b4a26b6e6f1b7aeee8532bad1897238ee9c9e301e2239aaf1e9061cd0405fdf8135ff72f8313749aeb7bdf44f21ad6eb1450d3f083664c01b15714b5096e69b4258cbc47934f9a,0x0000000064f58b6f744649d9d3412cad1e8c4e4643648b4029b0ba9451304529cd751564c44d1b12802c9ea99f8cc9f689f6dca734fac7f8c2f2f6a448c4b4ddf7da3f03f80827ef1293265d724ba4c35058c002910c2b621f4efd7e14b5a3d2292bb3c8ac355ce17ae5f3c87bbdd208818884605fffbdc74e3ba117ecbd9d3f,0x00000000151d935634ad97d7341e6da84430f49a84f2f9483e90d6435182a7b3a46e4758589ed572a697de23a853e481e46ca71d87346acbc469f681f80ccd4b2b258a6c89a38cae9b2ee0875189aa7547fcaa787fe0d79d99644af65068da8b8eeb4f341feb143bdb9320193481155c1e248678a02d07d298138fcb2fed39c8,0x000000001253cd422ccff22e7cde8755ffd81263a6458007270faedea451818c1d86373505600cb003a37ed9376be3894d088b20a3146cef7cdfbf6226f28225d6638ea9e0576ea553faf1dbef4776572f96c21ddaf4ff1c852446a689b4a66e80a3f0a3eeaabd3c23799e7e5e99157e86982fc664ba3da0d8b01da704a86af4
begin,4,929,292,1566377599,24,1024,8,0x000000007fffffffffffffffffffffffffffffffffffffffffffffffffffffffffffffffffffffffffffffffffffffffffffffffffffffffffffffffffffffffffffffffffffffffffffffffffffffffffffffffffffffffffffffffffffffffffffffffffffffffffffffffffffffffffffffffffffffffffffffffffffffff,0x0000000075a6d1827476428b665c5c80c0aa968eecf1258b05e77852e68a8c9f385c3d226699e11d356119aaa424b5946954d0736c0f1f3d25be47f6a9b63ea09f47d35ec35ee2b0b4a5db2458bed8d6918c897fadd4e9598cf575731d26a309d8a1eb264c5efc55688ec5295590ad38aefd297fbcf2fd67ea8b155860e12251,0x000000002701a042de81d1a61a25e05ef7a2e800bfd50e2d06c1912a022dbbab3102f08e03019678f3cf5463c43205d7fcead2e12e5ce25311cea9517da0a9915eea52bfbc17be9d847a81f65a95bf8ea68c12abbb790f8992ba66b3ad6267057c9589e6b51971008ed51d056e17f59b52a9a88283774a7aef235a6ef01ae59f,0x000000001682e386751a40bd31b580cb8bd9f41edb9497baa31a4a8f8b65783c6116cd480030f96cecb89e059865ff4d1137e38bce83eb3ce85b1338500b6eed58926b88d418e5521b9ac223e02043c156b90905da9bdf3842ef7e80d5ecf8008248d536c4d3832aab7f0e5950adc53bd9f5b0fb14424a23851b767f411e2d10,0x0000000011c01695bea84f2d1196c013d7de294a6a4fbba92830c5c861530e9a6bb9fb3438a6bef767ea5a43e51c28afbcfb7b6a02d7a7d1f1762c997c2a032d070a86ee4daeb103eb342ff0ac201d8e61560c57eb8c3d6d0b9cdacf58b400883571e49a1c87e869a563c2176059d9956eb235ebc91d9b46e5bd12837d7a94b1
begin,4,929,292,1566377599,25,1024,8,0x000000007fffffffffffffffffffffffffffffffffffffffffffffffffffffffffffffffffffffffffffffffffffffffffffffffffffffffffffffffffffffffffffffffffffffffffffffffffffffffffffffffffffffffffffffffffffffffffffffffffffffffffffffffffffffffffffffffffffffffffffffffffffffff,0x000000004624a9b706c79a170cb4721ab3e7f949d2cf2ad64c2659f3314be26dd0e31355d57a5a980faeb2e242aa03c506a4cc8e88f7b8c7718ef62f235a91f12654e97ac78b99bcbcf98a78ce7d514b3a84f22bfaba7e2820a52e78134dee0ac2f261df23ebe64ccb726a6ee4157ba1772b2267cb9f55f4c009746e2afa3c0b,0x000000004f9a226340e484fcd9cb4b28b184025ac2318b7d98e32297bbc833b59e74d26dbbb029aecaee0d4a631e5d847efd22d1ed36e1557eca43d7ddbe62e009be5ca9d7d23457588e472e8f5a6074c0d91b0c503f8c70e4070f84a242882f037e3c04708aa57394a009b7a8d29fd61ec504e7b90580c392b0567a5f4584e1,0x000000004b4011634a2ea52ade90a528fac6e51ff90b60c7cb0cf48aff4f72579af196315cb3ea778acc5da80a8eb3cdece9d654684a51dbba5dbd0c8800236413decaf1c2796b514d523c828f2b9d14374abf25071cb2a075945013f771b62ffb3ba5038c327741bd6bb76eda1762d78e93199d6265dae018a603720843ecf8,0x000000007a46a71efe02c41cc36e754be86083e82cd544149ba549a9b85d473abda97695226b167dd9aa33c12e172147043cbd9a9f12b05893c6eda65f052007d9ec1212e1dba6e127e93a4436adca25770758a8713c76ecf9a4c15b52bb2f0ad09f71f68b94b14fbc2547a6cff2794c98a7539bb682e5398c5b796a9ef471e8
begin,4,929,292,1566377599,26,1024,8,0x000000007fffffffffffffffffffffffffffffffffffffffffffffffffffffffffffffffffffffffffffffffffffffffffffffffffffffffffffffffffffffffffffffffffffffffffffffffffffffffffffffffffffffffffffffffffffffffffffffffffffffffffffffffffffffffffffffffffffffffffffffffffffffff,0x000000002d0ddb4569adc260643d9d3270a3dc3119716ade8f504ee4e6648a81755209fbfaa9eafa31b1ec58622fbe4917c838751e88db99cda64e706705b33a226393004b4c98f9cea2ea261135f7480b0a39521e43574349729d120daf503607f08a4ce260f68bcd9b0fcfc33c8705fd2d23a4c9b8f84a50c69b2947c85832,0x000000002c726f5287ed5d71df2add852b9090f43b9b7d2b5be4a8d33c915e50b7564062b8e8963c48e8ae4da08c0b7d09227509cc21bb549442cf2be4c91ba3aee38b16998073d81bf0860af33cdc27ac91807e403090b9ab985d679f7b18e81ed0df0f9a670888181b9dcbfadd2cdd4bc16c274c0d3b588679c5dfef803e88,0x0000000072468c11c2fff1f1ba97c5bc5bdaf0c03beda776904085fabf7c1573173b2130a5e7213b008a53ac7f247819c171efd1b58d6127d86adbc1a30545f941b39b2147fd39b4ef28c3dbdcf0abfa8cb69b28f5c981e91d0e4993b35985b94f47cc8135dc31cd0ed289ed8f75ddcf5d25c4f341fdd4c5378dfc61422feb7a,0x0000000025334ad6bb8370dee0d69db94af159390484032698e057d6141e17fde5c015c498b1d4041309c26a2d9d211dee1822b1ea912deaf8b66913a81af3aa9714529aaf50886afd48aa7f4a53c47b72bd203566726e5f3821e39d84c0b69fdc10735a7ea82d103a9112af06f1782351ac71d1f1343ffdcc0b32ba9a522260
begin,4,929,292,1566377599,27,1024,8,0x000000007fffffffffffffffffffffffffffffffffffffffffffffffffffffffffffffffffffffffffffffffffffffffffffffffffffffffffffffffffffffffffffffffffffffffffffffffffffffffffffffffffffffffffffffffffffffffffffffffffffffffffffffffffffffffffffffffffffffffffffffffffffffff,0x0000000058475ba141920a50ad2974b0095458adba4d000ffcd5bbb2be2cd98554b8c25538b696d3591a8ded396f468335168840390bf41a69259f3295d69922605c07eb287a9e0c27ba4e7e92d19cf588f8ff4a758986d9b90266814e8e4483f40ca5879bb7265e5bc14e28088a3c648d4e369f743c5ee67175ff3d2c669224,0x000000007146ad5088bf81144e7e60860515861aded32f340bad03e327f1fd9d0104f668615852500255661b72103144f72ddc6c92118b8044059d6047a5400a0e80349fb6e4639ad3a1d10d3f7b39f8910849cf230a5637777fd3dd4ae224c4f14deef2d5c11df8e65da7b4ab28bb9255cf6b5eb97113f890309b0e29d0e863,0x000000007269d85cdea12d867f67ecc3c4b1f9890b4e4b0a1fa01649db4abc0bb97af478e25dc7d004cc3b44371b0801208eb272301db0d060468e3b14cb9e6fd622102e25d5a5bf542d34e91c8d84326016fb88f61c14c8e1d21d7df34b37605c9b8c9abac3367fa41070fe70899376a52fd42fcb37fc99e2ddc9d97787baae,0x00000000439644baf45a9074d8c1fd531090038a0e5ef944987e3046b9cb7d97398b18c975f766a2b88664b2ed1b939c884eb11c8dea298770484ca161a1b60807b6a8b00a630f8cda95c45fee1d66d807c974fd8f86bba9493bdcaaa0b4c334fc773da76ae04b301a01af65aaebedbab9a791fb1fe2e38dd9b45a0bf7f173df
begin,4,929,292,1566377599,28,1024,8,0x000000007fffffffffffffffffffffffffffffffffffffffffffffffffffffffffffffffffffffffffffffffffffffffffffffffffffffffffffffffffffffffffffffffffffffffffffffffffffffffffffffffffffffffffffffffffffffffffffffffffffffffffffffffffffffffffffffffffffffffffffffffffffffff,0x0000000035a57e112d7d56308ec56ab4c6a3f17d77ed09050b48656ccd0a757604d28f93c6e812d63877e0589702cc7345a509aecc14e98784ff0598b849a32ef0be66b378a78ef0e2646f367a8b6a601c9a232d50be0a9c924cd68a838a05c63deb3c8049154f3806ce545ae468c284564d24491d1102cdb90b7087db43091b,0x0000000049890e6e19d353aeed3a51cf0fd7bb5d2769511d5dac830dc16421301c27ec374d54f8811583ed87331a6b9202387c58b7e35c40e07a7d2ffa6e5e7afae1377a530b08777c832b9b0fbd8f8794631a7af7120ece800209bff58ae9f49c38363c930313cfdc95a190f37e1a3bda2d9fc3b555fb4727ff8179e73ae613,0x0000000031620f2e3ea9b69580aea3553f83ada7cd42db9e171b18478bcf82398f6bede6988da914369e78a0b2f4fb59999531fbabf9a23b59286140ee6c7d39b71144728b9d3664c24b13113301a7af5c65a92b2249e006571a242aa425e7e4b6dd8e338d61265ba4c4e82b01f6f074bfc2446c8215a1bdf9b45df4fee8b24f,0x0000000048e9ccc722e9decf1eac4abe902b1ee9970486269c9ca7e67761f5751fc0b6bec19fe7bdededd0b06b1b26a86a13919eb621cd273359f014a2a43c2bdacd2364d11d2247a1f4adee5dc3803efe48f7110adfb52151e7bc990633c7ebe96e9df8b42d6856549d3d5edf15b5f62698638208ccae83c415da1bca474917
begin,4,929,292,1566377599,29,1024,8,0x000000007fffffffffffffffffffffffffffffffffffffffffffffffffffffffffffffffffffffffffffffffffffffffffffffffffffffffffffffffffffffffffffffffffffffffffffffffffffffffffffffffffffffffffffffffffffffffffffffffffffffffffffffffffffffffffffffffffffffffffffffffffffffff,0x000000002b1fc612484cbe4724778bb4de8e1aae746ce3a7bd56d2caed66c2c3fba94c3320396c3980bf1aead0808f1512925e102461e3266fd49c6616628199866d75bfc237509ffa30c10f0d808b292acf33f2e9661638d3bc6b1898ccf8c86f24ce9d56a05baf31652b7f639eae06ada037534f3d3985f595690884f05396,0x000000006195cafd6e0fdc4c792a1d001cf7764db80ee65724410f7b0fa7302651cc75a137d01c94d7686fe7170f4014ed7f81de2ec3ee3433759b11ca4551557f1f71c1db2fed0fd97af3b0b75ff3b499c1cd7b87f793e25220e75c4510a3689fdcde8d628d80a121c0e553b62018a02c4725916f15357566d52442fbcade54,0x0000000019800d0c489e28e093792ec3095ab30cef3660a43d1e1fcbbd67ef63a7424f8354aef9da4cf9724416b5cfda53234cd645c012f1a5388241166d2ef9fb10b23e2308fb154627faa38d0ffca07a7ac193d055bd0ab5875fedcb389350f2d4469ea9463f58466833f3ed2c6aa3c699b782b0b07b9d421e90278f3706e9,0x000000000104d32d4c89b4a0dab00dea04b75ea3dcbd6f83043adfafdc742ecd900f875eef8bff272b7c54d3e609bea6733d916145ab0ee5c0e690505bd4352e84837f394e8f8d88c90a87045c64b8a0222bddac5af203a608bf4ba3af1ca9eae79017c9e63b9205d332ff44c9f1b801e14a31ed3be6048d35402efb0d84d142
begin,4,929,292,1566377599,30,1024,8,0x000000007fffffffffffffffffffffffffffffffffffffffffffffffffffffffffffffffffffffffffffffffffffffffffffffffffffffffffffffffffffffffffffffffffffffffffffffffffffffffffffffffffffffffffffffffffffffffffffffffffffffffffffffffffffffffffffffffffffffffffffffffffffffff,0x00000000131a081e74d23dcee027fe38ce250c94c82dd693026c1ea606b983d70158db46a9bc7ec32fa8663c9c0d6513f0242db120f6567dd3cc8b5d4a8062c6a3aa674764ce3f47af08ef0144b02f1f9ae0fafd4794082aa6197c7ddec20c18c3738520cbbf801e905f387a2a558e4f4de373c7b77d98ef892e0555fea6f346,0x00000000252106d2561a32e4104f2174a374a4fdbc2b05cc700ab21f86f086a9f95a7f6590008de9d3f19caf534f93e08259631a6f6e57fe5d4eb7ad8a1ca431be24197df0338ed585d950bdcb4ea9754b508094db195f5e15b9587db68b003eebf00b543c8473b689291ca4d85499ceb9b433514db438c6e39a740ff759c2d0,0x0000000032e4ba4a8e629d7d641e7712b8ac70d3b26e369c510cba60da18c64e5bbc58193d4d412e17f87ec29aa031832fd986930cc36a67cd2dc618bf28192c23c7f3406b14ae00de194cae0713366e497d78b0c51b3d3d8091270fa91fbaa853e333e8e52f76b05823fbbfb13fa5661b0e54ee046bcbf112783feeaaaa2639,0x0000000049ced0b36a66e4978a28bfe536b159dbeac770ee748e64aa2f2402823c03fab6334c7ee6423782632b4d3f30d08bcbc0670ee1bbb810b41b36d471ef322aacdf24e3b0436667b5adbd67750c43d2fc073f5e33d53d3eb9f43988c79e1f03ef0675c3566b899d4cb8e4c61619ae221141e97162d547f821fe1a13c7c2
begin,4,929,292,1566377599,31,1024,8,0x000000007fffffffffffffffffffffffffffffffffffffffffffffffffffffffffffffffffffffffffffffffffffffffffffffffffffffffffffffffffffffffffffffffffffffffffffffffffffffffffffffffffffffffffffffffffffffffffffffffffffffffffffffffffffffffffffffffffffffffffffffffffffffff,0x0000000003ce298ccfe1a82bf322cfce7361e4d2b8c5e7be181d3faee76cc5fc82c170c2b03a9f8d7f7e0bf0d2acbd7cda9f62f9e599778cbcd8086aee385f6d3cc8a79e67c0fd094827e3695f936e5e65ea0b7bd0fa1a2726e40823cd22bf14033e63d1d98f81e166faf696ba171c5bf8153911283c31bee2ac7578f1cbe05a,0x0000000067ce40a7ecf9f4fff6bbc2c65ce11686f23084ceb597781c9d04148c70e51025b81ded0ef80989efc1d11f6b84ee279dfc48d373addab3eff95c8ed37ae06f286584938bb8315ff0cca3b004f83c4aa5748ca2ffd233856e2a48558fbe20dcab143d76556d21be8df15bbf5fda353ad1932cabeb54611802186919c6,0x000000003afbe007e02a711c6f95ac2df68e982b49aefb70a85ae41c90bcffa47524e4be6787751ee25c1967fd2dd96b140143247038ff810287739cf0d427c9962862204ca952121abe2b6505fbb97b02a34ac7e9cbcdc750930ca88f311d7ba5c81b63dc915c07b62fef33f3a0ed16f0499b6e39803293e3b80a3381d95067,0x00000000514e3746f6099a4e8855bc5a13d71d72b37e7fbcf65f14f0a3217788f58ce00781eaf114bcc87d8b2d2d53b3a436312bfc6ed3ac929bbc6b8a85ac3f777a48b8a9102dad51eda8d2c6fed1bf35c2e65d1d96a57cb965d5fd697afbcc380b4a31e7c46b74a0697396be876a262951adbc0bef939aef1f94860636c953
end,5,1221,292,1566377599,0,1024,8,0x000000007fffffffffffffffffffffffffffffffffffffffffffffffffffffffffffffffffffffffffffffffffffffffffffffffffffffffffffffffffffffffffffffffffffffffffffffffffffffffffffffffffffffffffffffffffffffffffffffffffffffffffffffffffffffffffffffffffffffffffffffffffffffff,0x0000000052d29032c32e1164b0830067d21c99b12f48c8ee7dd45fee85ae88cfdb80bfef6a113f254b31f498df1131231505a592fbaaba93f1ff837df361ee8bdac56af7864a8927a2b4acbeaba9520af9e0676e72e5d8b0121abec4a16a19848e6a448458a7561452a133c94b71222e4c8176998c0660481933f51f4746ebe5,0x00000000335c36ce0406c79028b8b0fa4c09b594b8a86190c03876ed3539b7a4a2e36aee2e8d147ff6f89908bc5c17e1df47e8174e6f0f6c25ed772c5fdbe7b2acb3cd7a6ebc60196a5c43a21d6ba2805b5098ade3361efbe3ff97348709a02acf02cdd0751defb1df44facd9b854948c2832bf15769dde591a257a15b9e459b,0x000000002a5158785da4854c742c4caab958b42581cf516e1aef24079ce0ec7c8143b2d25cc6fa5dde41e99b7ec7ceac8b54053aa7f7eae833b5e35ec21121ced305e56bab3c07c9c65e11828f9086d05a91c4061ca835797bc3f49eaf68961c407cccd8f1d34d6615bf72bb1d368190f764219ad65e12851294a3c7ebc7f740,0x0000000024186f414272f214a2f208550701e4950acc591ebb8d5f1f8c260abc35309e2f8578adb0ad859224373d63370b127146f908ed9d0c62529a66ef72fdc304fef7455466fb033529b5743bee9fac7a3eae4338281dbce020d80ba3be38fafb96114f3ae5195052441de0db72897802afe7701f578f415ac37c3d664c58
end,5,1221,292,1566377599,1,1024,8,0x000000007fffffffffffffffffffffffffffffffffffffffffffffffffffffffffffffffffffffffffffffffffffffffffffffffffffffffffffffffffffffffffffffffffffffffffffffffffffffffffffffffffffffffffffffffffffffffffffffffffffffffffffffffffffffffffffffffffffffffffffffffffffffff,0x000000001ef733d6357a116d4858d19c975d606e21a822b8ce71d08149c4b6b1f4aa23114f46224da8a993d7056e6739988d94ac3a6739c57fde6f8d443807933391717d3971373c3f07819e40678320bcaa1b8a8f76651e9b1309526a769ec6a565d1bcaf637f003e4b8667bea7c4f6fa0f175843f980087e07b633c142bfa3,0x000000001201b1573832b9cb34da54990b82ec77fdf76bb9915a67d704fb1b792421ce7197d3cad32eb54aaccb98a0e30574bf66163d93ce68be0f6bf9c837f028a10ba605dce633965f538cd504a8a0a9b49d30a390f9749eb4e49e1cbedd34d18cc7497619bad9d5472a0c5ab5df6dc55154c0e89401076bde696bf09898cd,0x000000005b9bb9b87ace8f927fd48b07e4a7a8d63858a00e1704842a3e32f607918691001e83ebd308aba7756eb809744f738d8d1c580728f69c62c61145c89aba3cc0f9626e6159d9c925a9a25eec9ec4c6c2a0fbf6da43ee165bef03b187ca2aed41a0f8380c86e69bbabc73f07fa5a5677bc3d960e0489ff2ad498fddd9eb,0x00000000560653cd9a45a56f7ef0d09081723769f26555b8fcb32ac1b1083011269cfadc1f383b0a2c5e4e57af400291aa2de6cf20d7fdef2253aabf8ec8e8ec086c73fcc366410df4cc7cde2c026f1d98c24ee6bd0196a58d5e34d4130aa7a6d2eb861fe3a6e54049f344c3886501d2b8b7691bf419761184b43cbd0139503a
end,5,1221,292,1566377599,2,1024,8,0x000000007fffffffffffffffffffffffffffffffffffffffffffffffffffffffffffffffffffffffffffffffffffffffffffffffffffffffffffffffffffffffffffffffffffffffffffffffffffffffffffffffffffffffffffffffffffffffffffffffffffffffffffffffffffffffffffffffffffffffffffffffffffffff,0x00000000725a722b74ed1dd580dcb6d261a0eee393a57b17c3fd29a17d7487120982478ecc1d30029648fc091d8e70e89b33612f9985ccceb9d167c15181aac74b24d75df17803ca9fd48e644cf96d17413fbfad2565c3d04478c6317862d7a3d41f361866b7c3a42d5b0e5265407b2cb0f34b457f3db76fd7ebc62f5d0c9a39,0x0000000008370bbb7ddc9e7de84153617d3f1fd28c6574ede2d45234fd4c70651a544c064c1a096ca1449a26875c6d36bdfc2278a7cdd68002407766d2adb85009d4f254b736c969c97f974b5fab0159cc364a8db81ccca37fdde7264c4570bd75fee3f6c404a85824d4a5acb0381b4b8a5edf347cbcf603284a2cdbc91c1abd,0x000000002338a4c242c1253b3dd3110fb337744ab553fa416acb644b777cc9da5e6e12a148d16453b322662198e359a2b1834e217f67f2ba1d889d66337804f482915faa2091587aa3fdee57df39e05b8b5a26758d21a2a9f8c9877c2bee85239057110a7f77eaf58c9d5bda011827e4f24dacd728491d0a52d63dad6d525714,0x0000000037945ef1b655a4762f308e3c367be447167e942f7d55ccc3c553172b349209e6103f0ea1d08cf3d7fb401b54e4e751b411571cd0e9579a417a3db7c57f7fc6f2052ba9ccaed5fec5fa4916cc7c904a0ad5c1d0f29ff96804622434a3d444d4a5a61c1a7e1ffe838a3330b5bb97409e38829d6d96a35f5e15c9961f58
end,5,1221,292,1566377599,3,1024,8,0x000000007fffffffffffffffffffffffffffffffffffffffffffffffffffffffffffffffffffffffffffffffffffffffffffffffffffffffffffffffffffffffffffffffffffffffffffffffffffffffffffffffffffffffffffffffffffffffffffffffffffffffffffffffffffffffffffffffffffffffffffffffffffffff,0x0000000056ebdc2b03b392f6cf98ce87b67967335c72e642056f30adff805f1f862686da89cace919f7dbf5ac421eca33c547aa59de59306a77672508dcce4bff04e87cbe7775c518a0ed4cadf0c28098d18e8d4f4663bef51cb61d36fbd6cceea0a23546e3d3f8c9b675da2241397b126f0ade148da191ea047844ed108e711,0x000000005c2611e3f702087e9dbf141afa0a9c546c6ddca3f2aba35a264fdfbb4bc4cb47733370cb00974b290c2e470e9289fd94a0b9558ff4c7ebff269f7afc6acf683b7ff2965e2a3a6abbb9011f6a69c41388eba6069d844eb970ae1d55ac409bee3f7a66fdc45a223fd507e3bf9db5d42e0ecb965e1b1260372c9a3c983c,0x000000006fc94c8a20c2e1161fef1f2e9ee2f73cc22f23040b09cfffd9f8aa7f704caa6ed79113a329df1a0a2847164685a1a1f15749b8115c77c3c0214303e6904e81249df1b4a6a77b04e06741a8b9b4067878d7299c9000e4a1590da82fa1a873d0a6d33b4b30a92c3f8e14c584163253707d89b44c57b611ed8cf213c9a6,0x000000000561a71d7abcacf914572fffca28f2bda37f5315bae17a24e840289658436226f147a3a82cf4a8d6cdaaea3ee8fc6474dcb96fb5f1a6f929d370ee89ef94fc6ce701825c343f47632df8d7101f3a886a300ef803fe9669e2ed3535a0c0373d3f1b5a5970ff7e3f4356aa8c31cbf91988b7ce29f14a32f16393fbbd2e
end,5,1221,292,1566377599,4,1024,8,0x000000007fffffffffffffffffffffffffffffffffffffffffffffffffffffffffffffffffffffffffffffffffffffffffffffffffffffffffffffffffffffffffffffffffffffffffffffffffffffffffffffffffffffffffffffffffffffffffffffffffffffffffffffffffffffffffffffffffffffffffffffffffffffff,0x0000000013071757b71aef8a517b95aabd8804da00d510571c2251a033128dfd7b9e587063297ea44d97e2fafe8830c652f695e9cfa0bcea3898de318fb24d14019eacf1cdbdd5002902bc5d345dc9a4b0f53926fec842487eb0fa9bd1aa6fc7b6d9e167d86b7e8120303909c2629ef637c7ddcef419948f2b3f4657a3c2e84c,0x000000003ea8c3450855277b4a40775f9e809c56876116353a9b8c450f562c79062c64b3c6ebe176d2f31269bf966158c2484ba350d06e0a0d1a4e9cc42d413d260afa442ab88d0e0ed7f74c9297a1ec46191a3db5e4f9ef05462fa43be4938240dd055e0a65351089dc7b511049c65c03a30042734f22adad66a3bc23a73c31,0x000000003adf65fe02f8a09cb1bbc447013029e9c56e67207838ed1e51deef9f601c806e5f00b82c47a678eb90a4c07ae1870c0e151d06eed362b9886817281311a3e0bafbf8c3d1b0c844405295ce3b1a6de2153569dca631800ad58d6cace30b57c90bb4a608448ad087bcee01a8c15b2ff3eca87881815d9278d96d2e6b9d,0x000000005b29a0499c608cfd8bfac6b8d5597e3b74d87c7c5b01dce42243b36015c23c8a18a5811ab04f279e44fe3d46ef9c3bdb3d115d26c71e6a057ea3f4175c1e8c5ebddf52172b1bad7eb4da7e68a43b6cacad99e9c3aa0e9824011fee94e1bbca07baee03bb6af9f0c8310ec412c5e3ee158f758afab721f8b445fbc7e1
end,5,1221,292,1566377599,5,1024,8,0x000000007fffffffffffffffffffffffffffffffffffffffffffffffffffffffffffffffffffffffffffffffffffffffffffffffffffffffffffffffffffffffffffffffffffffffffffffffffffffffffffffffffffffffffffffffffffffffffffffffffffffffffffffffffffffffffffffffffffffffffffffffffffffff,0x000000006bea77e3be3b453f859d4c2c0d84126e8ebc4ba95f0dfcc5a5e9a6de0a7f4a75f2a84f6cc755ba8d2e718ad1bdef62dfbadd33264ed50f895f59f2b81c7b5623727a133e9022eef9180f4881f9abed9ec2fabbf79f58f26312367b5a4c8cb83ae3840e0cde984f816d0bee44c727d61fb5149bdb1c655cb97d8145c1,0x000000002bd09bff291deea77c6e4919cad9a657921ac59f81c68aae0891429124ba0559a43525a4cc0984606b4e6d53e4c2ee12f11273c113a42edb4061ccc8c201552940911c72d8d0870a64744c1c811f2fc6b622f8001a07f7781d04073e24d7c4515dfbcf6c0a3d22883bf0a7388e530d8aedf46f3c927c0134e4cb1829,0x0000000023e7a0d30440c267c62ae7166621923de81b8bfb6543445cd07ab35aba6b4fcb2a44ad06eb5166c566a7382378802ac2c31f8a620ecc8c2fa38a93cd48dbf3bb07d46239a4d6ce6a96ee3b8a16384228071e424c6470151bb2173ca815f3797ec8588bd7639d097d8ec43285cc0b9902b562d78df51bd9f279fe6cc1,0x00000000705ff2987386c434e9c3d077d7cf80fe44d5171dcd630eb44c439464ccd056274696a5e0071e7f71fb156d5198a43b65d912a48e0ab9e2ed2f7d4714b837f1d7ce054af348ec25612e9a982918810c279cb4a3ea598226765c124806a26507886c14062b63084fa19a4b1750c9f134e94fc864f34b04b917c787c105
end,5,1221,292,1566377599,6,1024,8,0x000000007fffffffffffffffffffffffffffffffffffffffffffffffffffffffffffffffffffffffffffffffffffffffffffffffffffffffffffffffffffffffffffffffffffffffffffffffffffffffffffffffffffffffffffffffffffffffffffffffffffffffffffffffffffffffffffffffffffffffffffffffffffffff,0x000000001f46d06b27c53bdf12276b97d1f3e8d9b9584bff14afb10847916a09a01eeb8dd70a72cdc47346bd4d7022e813c313b473c58b5f2503331e782a951164cffc5e6b89955f23f66be3c2a0c54b3dd0673cefdaf78d58f5c2ffb7c60498533994f1567a48924c00b28633637ff8835733b5d78502a7bb04c9ccdc223724,0x000000000d6b59b8213268452cd48af0d599fe405d6d1c7998b57e6ca62dd2d276255bd5535a793d4478bedaf212d333ac9b706eb6e43032383059bc1aa6331bd48e2c1533f9035d274317538ef65d0bfbe8dfd3d44da978af1a8af87f9ba98d8953562b2b8d3a00bd2639457d21845d87a9037d4cf0826b02f6e17a0df75e43,0x000000006be01adc9210a531d3dc6a349b36aae656009777a981b3a4884b6aa5a1d74bf6d7803e5c74f70214b967e4cb611d2f5d1fdd61d7e4504b03edc002a99580bfb97912885f2ee4ba3894a570c03f93a4cb0cc2cfcfb9a640accd2dfda49a3b46ed95e938262b2f0db5ffd5c0e350a08c679ea7a12ccbb3290ae31eca0c,0x00000000634548529288d362ba20716d969cc35f8913289ba8829a1455f6f648f52bbfb1cda528f6e37e10b0d0f42522601a118737fa6797abeb1c5dc56e158b2ebe1bdc7d5f01cc51b1fca06cc9dc96b4582dc01f40f9852a7e7bcd0dd2a01147a7385b6cd98530a7c391c67eb77d05665538b20be0922ae022768b2d94d611
end,5,1221,292,1566377599,7,1024,8,0x000000007fffffffffffffffffffffffffffffffffffffffffffffffffffffffffffffffffffffffffffffffffffffffffffffffffffffffffffffffffffffffffffffffffffffffffffffffffffffffffffffffffffffffffffffffffffffffffffffffffffffffffffffffffffffffffffffffffffffffffffffffffffffff,0x000000001e572d329cde13ec7e776f69f76a862a7b576f937a9a85a282dc55c4c8dc02651f48dd513c7152b40dd04732258d73867a44a3eac8e7dfff6fa54c226d4670276e2b1d4ba76a83919fab0d5269236b74f7305fed208c46e4b62e03dd417bd92303551205c9dbbd2fbc6a3c0a936557a13db4d39acc631788e194c4a1,0x0000000050f31b24ac75f2bbdb46c4be1f315cfca777000effbda36e92939a284c11a2e7ee929420d36af670c2f4b57e90baf91c0e2cb0d9ff8e0439e296c2497cb54502114d23fdafd6e51ef925ae3eeaad4c987ec541a416bae81fda21a159dba7914f186157ef9f017931d08cece2b9b025b993c88d93eb93e1aac2ff0bb2,0x0000000054d60e72ab9526fcb015cb6f80369b18a23d1fe4c67645a8c0abac58f71b71d8f57144214e90deeaf95b42f1718a75060d369e9cb27cf9505d92cd1227be1534583ee34472ac1faa471f76deb45ae48b444b3b5912d8c3669ebf196b33bec3125697917e4adc1eee4170a74af58be6462288a1cf47309e255e431850,0x00000000667d98d3832c8e6c1517aaedf634030470c4396bd186f724bc87a958848af0dd05a12a0b2a5221fb98977594f0fdb0c656f8942205f25c6e25d0341661a832d38fdf42982151d59813ae523fad86e32ce1caabafe12541a9510b77de6b73c9af886c9bc152b16a9a9384f61360f666fceca45f34d4bfe8a28aa31436
end,5,1221,292,1566377599,8,1024,8,0x000000007fffffffffffffffffffffffffffffffffffffffffffffffffffffffffffffffffffffffffffffffffffffffffffffffffffffffffffffffffffffffffffffffffffffffffffffffffffffffffffffffffffffffffffffffffffffffffffffffffffffffffffffffffffffffffffffffffffffffffffffffffffffff,0x0000000026504e663b049353cbe96bdcd3a02ffb8d2db7fd1660d12fd55748857db447863465b2d5bba37adbd5cc9a2cf35e9340c52569eb4b44da077994603e16f783bdb2f5e6a330d626cd67b338e12e147fde696113624181ead8418007fae2e3eeaf2b5a7d3fdf62d42285d9aeb8d8baf630e17cd04244e8ec5a72b369f6,0x000000001f6f7543319feb9b00b70ca00e80041941e3ef9d7836b67826927c6248d47f6a4ba0aad945934294704cea3f8a420b5a2b72be4aef5fd734f3ee9004399d1d66d86c88e671e19d61d41e31d2f5b1a31d4f3e9504d265402dd2f5bc114db5e26a5727b784ade6caa1ba70b83e4a69797baf6393b6e2da5f1a966b8618,0x000000000fff87a47b9bd971ec3e99248f69815a88032f8c03ce04fd18e2b0d51d020493fa3483e069e41d22a915b0df0ed8237f12802891651681f224907772cb21fb19dc5cfaf15678f04a21f5b4954273489951b446bf6b7bb8b9c9e286edf6fe9fc361da4414c9b9d199f669cefc86bd5a8c5c6ed3928a1179d0f8ca1044,0x000000001d4e6b9cf3ca52c1db933f5a41e9660ba8197ed7aa7abc3a2dde5aae34c5bce754036c0abc70399aee64c20d0679e1d9437b9a7a14c1d360cef2d6f2ce51f3ee877facc21dd2c6d0d1a7ea5aa9ae6df3ad4ce29b845b37c2018ffbfbe4a7d09d528b15e688e5e4371c0963013ac4bebcca3324da0b6073ba29ab6976
end,5,1221,292,1566377599,9,1024,8,0x000000007fffffffffffffffffffffffffffffffffffffffffffffffffffffffffffffffffffffffffffffffffffffffffffffffffffffffffffffffffffffffffffffffffffffffffffffffffffffffffffffffffffffffffffffffffffffffffffffffffffffffffffffffffffffffffffffffffffffffffffffffffffffff,0x000000001254d260650618d5ec309c5d24c07745c93e7f27b3c18806702566a19f27496ca445359ea066336791eeaaf5115ed0bd49b76de21b183e6f77688740f53ecadb51f5dc60e92090e6792fa2d6c96c0049f331874c9d0c1ef26610f460fb7b3a101a617874599ae87a3c626c0cdd4a8e6d0c7c8a2f8fa9602a30598b53,0x0000000024de75d3bd806a16dee6d0be272be45a080710c2238c9dcaf59696ea534483d859acdc3f2d7522e794743862873f381d0d9baf081ea0bfeac913647d08b2804e9b21dc9e68a5e44801342e6a2cb8b5ab4cb5bb7c4eec76e47875f5e141c551dfc4a87cbad6e62cecd519ae8ba9bfcaa1da4286e905a25b10b2547059,0x0000000033c3d48fd644410216d83dde3f7b643a13367950e288787628eec1c243d0de997f89823124776ca429b83ac84b6a8d36f3c5458eea5b427d8b4de243d446780b709d005595f2c93091ba45489ba4611c605a2bc901f5b2555d99d28ddf11f1b3e34aa71c9a417ce89639d2de5fade63acbd498f5b4b9e8871265af3a,0x000000005a875dd76b914a0c14b8a78b53ad5a8e2d32f7db5100a264bfae75957d7bfaf2f0738489079bb93fa1aaef644d6ce1dfd5704279332fd3a25e9891d4498aaa4a5b9e0a59bea40318059811b26d2faa122e58771306b3bd05722b2481410569fd0f80391f821233d122552fd5245623eb7266b422e8dd7448c0357cd2
end,5,1221,292,1566377599,10,1024,8,0x000000007fffffffffffffffffffffffffffffffffffffffffffffffffffffffffffffffffffffffffffffffffffffffffffffffffffffffffffffffffffffffffffffffffffffffffffffffffffffffffffffffffffffffffffffffffffffffffffffffffffffffffffffffffffffffffffffffffffffffffffffffffffffff,0x00000000189f8ebdad1252dd4ea7e823ba5dbc67e62967c827f1a42daf73a92073c706e3317c2f4fa8ec62a6c0d2fd806c20df7da2a910f283254ab5b1c9b514748df36fb91727e9767d2fbbd7727438cfd8f5b468e950c232d323e022598b6cb5ba5161f036ef674db3470571d72212c732920b58a2037167d352114ad3c19d,0x00000000323f9e39a5aaad845785eed4cb4d563f7476d065ea56c47a00fb21faf20f9940acd559a3c587688496d14281237dd7e94c0fcd2954b8c896d5cbe65816d92d28099a30a8da9738cec3c0b7ae27dde9cee7134fffd310ca630ed17777440e60ef3b14257d92bee3c98eb03e2d7fbd5bc9e4d0eab5de2c64bc802cfc4f,0x000000005be1c2a5dfb16fdb26888d127e2a5e532ae85b8818af8badc0656be1ca177f27ad77df4512005da47e92ce4a071564202ed445b815674ac1f91aba93ec959a616e69172e7bb1cbf4cbff6c125c6d656c7d41e728cfbd646a700afec8f6df2d87c87de189b697901c24be086415f7c08b18c3d1c43d5bb60514333907,0x000000005fca5471e95a9609efcae905a374d25b3e3561620650223d2ba65fd8dcf5ff76dc48bbfc777454121953c58ab1e713347744fee0e2fb7235fc578a76ceb49d9ff7e23fa415cf174adae12fed2432be0ad8c29f78b10b19ec9f6daadfae9afec86a735f620ddc5f7fef792e514de47a39e057240ea67e2491f5db504d
end,5,1221,292,1566377599,11,1024,8,0x000000007fffffffffffffffffffffffffffffffffffffffffffffffffffffffffffffffffffffffffffffffffffffffffffffffffffffffffffffffffffffffffffffffffffffffffffffffffffffffffffffffffffffffffffffffffffffffffffffffffffffffffffffffffffffffffffffffffffffffffffffffffffffff,0x0000000052a44bd01072e48b4d3dd2cb0b1ec20552495da564743219bfd1a43e724e043203b8862d156b83aa48fa5fa4bde6877ea973330154d30010804b144756e19df6d2e0b77913b97c40fc2f50bbb32d1bf707102674314c540ab585bbe064eede366bd9c737ef3eb72fe668d2d4fbde907cbe9c19814cb25816ebb40408,0x000000006b7c9f795a73d5b79e1cddd34ce1ff7f8a3760a086ddaa480be4baf475460e9470b13607daf4059d45c11eec548163c7c56f295325d698c968eb4755bd623cfa5225f58e6a198b77d19b31bcb9da620f4398ea41d09a2f0000a53432f8b70ff605cc06bc92c7e003a1bb33b36026e676c7ad2a385be43e41b54efef2,0x000000007c7e46c221170823b3045879589b3ec72f85086bb7188c849db354494200667817006e5166fcdedd6e1a0c1a6df531019709602f6cda42aa1240d9235f0e65abf581069abdd0f07260fb2f85bb7b034f6fd3956a11f0db6642bcf498a00e036e97accfec36eeb4ec224ba0a6c1b06764942fd9ee01df64498efc7f20,0x00000000672d7e476b3adaa3d406c8d7e2017bb86bd94a10dba4d81bb3d56cab4278decee310c51b44ddffe5c368564dcea9e0df231c9ce00f046bfd81fe4585c18de8315dd41a7e7833f876f4b63c528511162e21b8561451402445f9bc9de1d26502afb484dcaa982dddcab8d4e46ab1b2ba3f8ba8d41f878b266d29ac26c0
end,5,1221,292,1566377599,12,1024,8,0x000000007fffffffffffffffffffffffffffffffffffffffffffffffffffffffffffffffffffffffffffffffffffffffffffffffffffffffffffffffffffffffffffffffffffffffffffffffffffffffffffffffffffffffffffffffffffffffffffffffffffffffffffffffffffffffffffffffffffffffffffffffffffffff,0x00000000664baa9ba226c5e788d34ffdd1fda1eab76dfb05d1aad29caf34046fecf869b4b325e5c1aa91319da1995be9fba32c0b988bbd91916d3ad0afeb247bc821a0da0b494034221e23096a2938cb34ad1b6f8e8c70a181b5530fe6b1bad7a5001e5c9d3280401a4b4fccf801072300f0dbd06146453bdf107a3f378d5156,0x00000000586eb51a82d4018c41bd9477d565bd5e216f222df74a3a264cdb449968d3bcff3445d26ab70fb048c0990e689595d17132ee4ff2d78b3b839b6a1da12e6f608127ca8622c71a8163f47b7b11ee920ecde185bf16575529667a50f2fe84b2eabedecae0e902b1bfa3aa409a037ac88eccc659e91d0d229f2c9b8df030,0x000000006b1f342ecf893e23c2c40656fca556bcbf54c3dc308d32d43a30781f799ad7aaf8a38609956f0ae34f4ee08f39d7b92c865587de1381020516a1ef7075fc42dfe2845e220b10c1eb7770ae6a84507427ce981b8d39516f7093fbef5a830985084dcae4912263a1c94f8b0318a3f6fcc65e248c491cc95680e1b631a9,0x0000000040bedc21061aa07596c3347c14dfbb7d14679f04d7bf1b74e36033205fb73eaf0add379dc4d808a322b037a0d4b4ab7f7a90fa463009dc293f734dfb16bbdec1c1d3bc76c5420b8f007fd8b7e951e92037a8c776fb3d3c745e31747f63d55d24aa8f04cd32ca741759563b25798c02475b4e909a7e0930a8c73dabaa
end,5,1221,292,1566377599,13,1024,8,0x000000007fffffffffffffffffffffffffffffffffffffffffffffffffffffffffffffffffffffffffffffffffffffffffffffffffffffffffffffffffffffffffffffffffffffffffffffffffffffffffffffffffffffffffffffffffffffffffffffffffffffffffffffffffffffffffffffffffffffffffffffffffffffff,0x000000006f502a11cbde55ef3cce238055e9f718fcc378a33765d54c711d25fe8075e79482f03a96ac7883ac7d0ccdbe11bdb3b95259ccb1783f7dc98169d3917f9c742f6daa538e221a9df514d5e7ade4efe2e3a4c5d000f25cfb41005c4194a73104744e5b3d60dbe25b1cae5c66ff4fe4785a0bb1051c45fc316bf70a91fc,0x0000000000087c1e6c1f5e16c49cdb740da5c6db971582663deb4ce9195bf4e3b493e83a718c1176df9a8d117823e89ab6ae657401634164ed239213ec4a3f41151531ccd682c2093f96597a118c068e9784987363fc627a9d73d501f9f49faf2c7406fdf0838dd07ee2c362066229262dc568c1a744c502b8459c36a246979c,0x0000000050d44011cbb60e331af753654db3e08a95a0f910a3dae81c558e86434e3cb9dcc86593f4d0fc5602d83b9fa528e56325392d6e874ea8ef950b4338f4b00e47354ed965bb66ef6e8e65e16f160d0134cad2bf65b30224a1f5a93a1074a0a468883d51b818899e8c14454834a6e1a84182bd7d37976a0251820172990b,0x0000000052f2663aac27c469c386a5cd71aee0604df67c60681bdb7b1a8746eaedc70b1f1c5d55e25042bf25d65360f4e1ff1bf445aa8e4a6d7e9c95b19d1a70844d491259d6954a93b3409b769aca21cf18e8f656974dac8595d7eb240d23550216c4dd2099396b64cbeafde57734643cbcb068d2416d4cff7712cc84bceaeb
end,5,1221,292,1566377599,14,1024,8,0x000000007fffffffffffffffffffffffffffffffffffffffffffffffffffffffffffffffffffffffffffffffffffffffffffffffffffffffffffffffffffffffffffffffffffffffffffffffffffffffffffffffffffffffffffffffffffffffffffffffffffffffffffffffffffffffffffffffffffffffffffffffffffffff,0x0000000067bcacd74280f17377a02eafc8aa8b8b3ea6f32e12589cef19df9876800a344b4f10274a2d502e3669fad25ae748507e9693f2c691339aac573b4e03f9e0dbe20564a0c0260311eaf71593965e0a69fbddad09c2eb2d1d2d096472d8537c3883403b5811f0c9c995bb35761ab9f174f76672a06daf5836f7cbff38bc,0x000000006c5052d0aaa1ba4187c9d4ec5236e9adcf9313431d23e29199928ebadce1e34ea61e7704d560551155ad3cddd299ff5c7c4527c24a3643c698689f94cf4dd6c4a27d8dec4954902d658892f45673d7a3234d8b81cd3adb60ac81518a46f57ba5f151de5e53e31bbc442f24be360dfe8487c5aae692eae591cd39367b,0x00000000005f0748cc6226b1241590640c927fdadcbe96a36ceddf0da07cd161487c9c5c0ed369556098007f5f1a05e3d640c190c26bbc83c389e29d8952cf35af3524a9bff58dba1b9dc771dad23be00f9e8d821e6017231c3e7fe84b761d5d751ab9d04f0286a3f60cc1005dc76f77480c42d9d27c02f1e8662429efeba876,0x000000006d2ecdae4f263539ad2005196328cea681603c0fae5f4775b245c1d50b21840535d2f7b884a772619de9a8586f8b906a2243ad1a3a0af7a93fd69a11945bdc60fdabc7221ed62c0c5dd38b57daae3b076810042b88376986a0b60ae3d83e75dd8003f4a6cb5a361cc97e62f6d79bb8c0799ca85793f8959ba9cc0906
end,5,1221,292,1566377599,15,1024,8,0x000000007fffffffffffffffffffffffffffffffffffffffffffffffffffffffffffffffffffffffffffffffffffffffffffffffffffffffffffffffffffffffffffffffffffffffffffffffffffffffffffffffffffffffffffffffffffffffffffffffffffffffffffffffffffffffffffffffffffffffffffffffffffffff,0x0000000071bb520633716c8a4f85fe0b01ab4128ace86c3e6e6539600f7696d2d6c52a279d228ea2447b78bd9b0b762895ac59f17d2014a9856e1005d29b820ba04796929fe8c51d49dd67abde3339a6e47afbdc1633bb3b0827176234dd2d9e1e6b4b6b3bc7178d8fcb5b7dc61784a7443989e03d339d6777bd4a5496e55dab,0x0000000057b81b79c41d6c9f6e13eab1d568ee51c50c2c209b38c31505d5569ac4ebf18be183fed31608be3fbffa08d3082e3c6cda711eba90d19456c576b2bf64a47f60d9ef6104276d4a5c7e6e20a1d0ec17cfa20c8fe891366f437de28c829589446fefd2419269330293dba19fba0f0ce54d9098e9827a9d5934362def1c,0x00000000768ee47916448f1ab283580490688434d38f618f194610567f1fbd9163dcf99f1a7bd7b750951e84a697cc7ae1f2194ca10824a0a4ac505ae33b30da014674ae788ad8bbf47f2180f119f3a0c5ed170d6871557f6bcb856eee4ce684aef461e5824f8b780d92229667e057800ac946b5f810564cd1012164aa7f836f,0x0000000013e5bc227ec7cec6b001ef536fefe88995b83b768f3431749a1715deaae783c3d7fc93a5a49cfe83e9159e809457c1863645471267ffd0a2266041a941baf0a90642f9b785a54ba2757a81d7402df4fddb72df56bbd9f350a0c747aad5869d28b9afa85d0ec3c6e85343f456ff84b311530dc9afb66b1783e5ebb2d3
end,5,1221,292,1566377599,16,1024,8,0x000000007fffffffffffffffffffffffffffffffffffffffffffffffffffffffffffffffffffffffffffffffffffffffffffffffffffffffffffffffffffffffffffffffffffffffffffffffffffffffffffffffffffffffffffffffffffffffffffffffffffffffffffffffffffffffffffffffffffffffffffffffffffffff,0x000000005a4da7a47894eb5df72cd25ece0ff367ca5c3acd42f7b4f9c147e23d869ad50acd2a0e001edbfbbe6efc71f7bab0bd27e46f2efb79bdc2b6d0502ae70c38c5ebcba380ab9898725437e62231a2a1a040041afa7f4a06b4e8749a86eb1da2bee6341ad6549ee57f21e6ca8408c95537ec8121f9f35e2334082e22d741,0x000000007ff00006455a0e363f1a234462913c6c98c5a5fc62a43c1ddc2836a3f109b6abedf56809c65a96c74f0167949d399915dba2fa400db5d2c3fb472b76c2a430309e22f7e118be4dc8565ae1172da0f77db2ed4adfd99d0853d711271aba9944fddb2fc09e42521f2863aa2f1753a1608223714d70a299080f3a33a9ef,0x000000006d62485a996a0a14c4b06fa7a125bf591e05b1678af64a7502980fe1c71d1ffb10b25c1414fa6a3388befdda5b5ccd50cbb8ebfe0c5868c16911e9a03b76aa19846d654a8d5f6907a79e4eab6cf81235cbb5092c4f8b67ff3f8122ee566f3c26778ef7b7ee05493a09baf307e6d51afbdff5abf4836419913c37f183,0x000000002b0d7667bac8f0305eec696c15ac9d4602bdfab07c0cc6343b794e1480af682781fbdb67d44037d265d73b2bfd39359e09850c21cebe4c6796e93eaf4ec9196be3b658b09ef0312f6803d6b5dace94d9d51de9bf12d746340de76e97094e3ffa20684d59949f587596373115deef02001eaf721fd626d457f9495233
end,5,1221,292,1566377599,17,1024,8,0x000000007fffffffffffffffffffffffffffffffffffffffffffffffffffffffffffffffffffffffffffffffffffffffffffffffffffffffffffffffffffffffffffffffffffffffffffffffffffffffffffffffffffffffffffffffffffffffffffffffffffffffffffffffffffffffffffffffffffffffffffffffffffffff,0x0000000079a1554e753a38d149afda8e61b1194d785a6d6ad6b12e1f6990a718cdac2f6545f26e9312aee0fe86c2d08bc12ff7b6b7a13f3f2aceaa9bfa304fc55e43e8c44e86f6ac4bd1e60f91515b2e1d8d25d210228d1af8cd5ba5a2562d68bd763ab521cfeb1da31aa6f39f55bd1a4668d639959d95102b6290665592f17c,0x000000000507938c9f78baa931048c8794afa9d3e111a1f8201615e72baa0cea0117d239c330c879e67b12cfdf6da98785af913800cd741d9a9d404d7c3a0cee272c170775211bf3fb6f4b2486f4c96b5d1757378dfa7c151c4fb47874490747378eff83da82ed8404177a6c60206e4141a2ae79cce085f80fe0fc05b74faff9,0x00000000002c2453df886f35c999061f0d734700bc4d5efe88aba40427707a69aa2f6c1fa5c2c670426a6b6ecffbdcbe0a8614c3582e2ac67a7ef7d2425f4c856e36431b7e5ee381f4a20281fe7d05673122d1217c6ba9ca9c8a3633e9b4461a0ea14a1f18d9bbec6fe7074999021d46c53ad5fdf32f1656a07bc783f2668abd,0x00000000128c097b09d2e4b01d4c23ce11c1a7928060b9b4177d336f51f0f807c8db76599329ee0419485c5f6d900d5ed3ec63f5f9322e3cc6df51b4233efb2544e66cd81a4f47da6dc181cbea946222a2135112ca2390dbd76d3318791e60e0a656222570f9d3e17133e54d013063102ab4f8095ac239c91c49b23c898b08c1
end,5,1221,292,1566377599,18,1024,8,0x000000007fffffffffffffffffffffffffffffffffffffffffffffffffffffffffffffffffffffffffffffffffffffffffffffffffffffffffffffffffffffffffffffffffffffffffffffffffffffffffffffffffffffffffffffffffffffffffffffffffffffffffffffffffffffffffffffffffffffffffffffffffffffff,0x0000000024007e204f3b021f8f3989cb65e5081273e9d07cb14f76983a05a3d640f49e997fdda200542a6e3d2d9328ade6cfa449907d4a3df7c5948da203041d4d2fc7edc5e554ad63367ab0983efb25824798d2afee5a4deaef329acab79455fa2b32305797bf360ae669d8b2e971995585f5d0c620b4b404be10d7a9083fa9,0x00000000579d14b752526893e47821fbc2d232ecc724aa09de7315e24ecd096e28a9e163ed510b48800569ba935de91c99a0fa17c5525609cd73e972035a7d66cdc4aa195d5694137b7324897b5b76b036f9575bde299aee7a17379ee3d0288835126bdf0089031e9479a70b30e9562fb53733946987cf85a1aa4256bbaf65ba,0x0000000023838ba46cfb5ae0fe4f52db7443277c1620b4e559e512d638c8d6175d46fc775b5a1de60b639fbd3e08928b3e0e1a9ce24657422b046d2b31e58dd98b3b1e09e8ec14a59d1f3d3180406a3334c5e79f7911c64b64bf7c0a0fd9dee721959529575248a414932b428443ec802f42d0574d549df1657d7322beecade0,0x00000000221b313c6cfa9a4acd7b7e8c739432165d22d434ce20d7a15bd05fc81c5784882cd3fec3b7d3b54ae8560a4c2fbe8684aefa403cb127c4f56b44a8a2126c9dc76db4e7154f839af0124c63dfb664d551ffc73be5b6ffd067c8a2b98ec4eef4ab8f3171e15316be644c7f42774ded52a64b64274a94b245c7a8cf97dc
end,5,1221,292,1566377599,19,1024,8,0x000000007fffffffffffffffffffffffffffffffffffffffffffffffffffffffffffffffffffffffffffffffffffffffffffffffffffffffffffffffffffffffffffffffffffffffffffffffffffffffffffffffffffffffffffffffffffffffffffffffffffffffffffffffffffffffffffffffffffffffffffffffffffffff,0x0000000015ecc1d8eb8a1e360fae94ce7bfd1c64f4d6a31b3c9afddfd4377ff6aa0e1a23e8333375f72c59e5f478cee7bd2c983fa8b68e9e2e40bb46bc5560a25908531348b1552691df8e67cf17858fc194d9c8b49ea91b7f44035c25480a07de5dca5947c89532d9e83ad297d69636a877dc240476b453619dea3e3829e0b1,0x000000003137711dfbbab04899f0863342c6641d71dcd6a9efd61739e6fe0c3cd16a6bc68d6ccf22131a7cd21933b4fcd5f70c27273ec66218ef97fd8cbe5a88f40ca4a889bcfa4ecb2e3b736707a0cabd56c407c5622720dcdd5f3ccb980fea8f0d48ed1c4dddb52bf5592ec0b3d209b403b3c70e1a6e7caa102a188155bf77,0x0000000005425482c4ee3e754ae7e7b1a81f5967a3d78e17574f9b51135967048e44c8002013db1b16d69e8b7853a015cc43c8457e13af2b11c92614a620a5314091b4ab6d6dfc4fc9e98957da0f0790f2cce2bf657969e1cdc1c98a3ce37b9a79a249e2a69730214aff715938cb9d7ea2cb9a36ddc34c5a5dda64f432eb2c15,0x0000000035dcda4a803a992339def42bfedc33f217ee0d8b5ecc2d925c65edcf30398396d9715d1662132bee9189cf8383a0a1c821125ba4ab15ab05094ef9486523fd653e16fe1c5e8f2cbc9a212662303104eda421e3b088e2632936da27ba9576ffb8fe9b09e00529fbc9b31cc0a4b32a6d577ce2032305ab3b15054dfcc7
end,5,1221,292,1566377599,20,1024,8,0x000000007fffffffffffffffffffffffffffffffffffffffffffffffffffffffffffffffffffffffffffffffffffffffffffffffffffffffffffffffffffffffffffffffffffffffffffffffffffffffffffffffffffffffffffffffffffffffffffffffffffffffffffffffffffffffffffffffffffffffffffffffffffffff,0x00000000166a5c76cc98b4fc65176629d848e0ced835caa27b9c78985eb7729aac0f8455a52fa6b7715a53df4a3f9280ee40451d93a91f379a16b03c0416c4aec14285e029ec6d387dc3a08a8c082bec1e4fa7d9a033c34fe1a16bab0b1d9fde5f4ba44f0b7686386dabe5c2ff16c22deb8d43f5a7ab74e93fda843b1e6875dd,0x0000000053ed197098fbf9c3b55fcffdfb6c83b5339580917263271ffa9bf78a3719a15b39b506137ac6717fbd5a717974bcd7403576d81368c77f580fa095f77019a08dd879c9215210395f37c89caf8ff7dced17ff030f2679ee4f65bf129b3b03071672319c03bf2604307d4d9668c3392b3078e734861829c9f54c9be40f,0x000000000d6c35ba2187b8353a93ebbe9c6ae9f37393177f8aa818f7c96a29263478a8d98193491d0e84047a8d6cf119c11c2118b200e5f1094a880c25c090e36367853f764f10743e6095f550d37b902bdd440d8d71022babe9bac1e82742902d9f687166145233573c4c8c905163e25c850af2b9a482825c0b17050af8b2d4,0x0000000059872e9818df89e4b27f64804963b4d493abf1495e5bd7e4c92af1b42f560e10137bdff0632f6be74ab8bba8d7bdb90920238397f8b127517f4c04661c55f1f8dea76806e8ebace21abf9c7bf34a1e67198dc5698ab86b2811b7ff2c992d35eb56b54be530f23909d37e4c4b23794e09c295c149bbef899e0782559f
end,5,1221,292,1566377599,21,1024,8,0x000000007fffffffffffffffffffffffffffffffffffffffffffffffffffffffffffffffffffffffffffffffffffffffffffffffffffffffffffffffffffffffffffffffffffffffffffffffffffffffffffffffffffffffffffffffffffffffffffffffffffffffffffffffffffffffffffffffffffffffffffffffffffffff,0x0000000028e31f9876f4e17a5e3333d66c10440f733770162311bdb51407b9501096932e0a92427f4a00392f1403e0d7ab4b6b5e4a1f8311ea134016665c61944d169243e5dfdc9d2a616d93cfcb9f2217fb1e17cb84ee8cf976ff14f25b69f865e3737ad0ae455ef4a7755d7f2bad8bcf4347f3a654980d848d6822c4fbe76c,0x000000002a66166185bbaa9d053282ac4d0e82fa16a7dbdc30ee7c42483624fe011bb1e4d46be25f2bcc2803efa042537f683a74f09a800a4657d03450757811cc30c53de57149e4fa068eca8317e04880f373a1e54fa4b3c087f7107dcc32e416cbd1edaf5e029d85a64ccbbe5b063c6afe924976d5e6bcd2c065c56743802a,0x00000000731aebc0c61f76c3f5809c5eb662f1e46f2368dad6d08e339f3fcd1b4a3773e4151a405cc3a7114ba2ef8691781ef5a3264d28ca71c5385860196cee016f02a5d564e43d22221bc73da274230adb1e63d55e17ed79ad787118af2b620120437d77af1bf02c40cebe62b943a6525ffd1bd889132215986f78513e0134,0x0000000053058c3a26c537e47afcd8e9369dae0b1adbe1aa4c915bc15357ea242bd0bdbd2a040d68f7f8d24b6fd49e2259750f5e859548ffa7a5b214bb73524dd28d2f05a13070d246b6b8492b8ceb994dd6e624cf3180d927625321a4d31a1965453edbca27e8db4acc61bcd7df42437d91c4b3991fc04b3702b3ee68f32fea
end,5,1221,292,1566377599,22,1024,8,0x000000007fffffffffffffffffffffffffffffffffffffffffffffffffffffffffffffffffffffffffffffffffffffffffffffffffffffffffffffffffffffffffffffffffffffffffffffffffffffffffffffffffffffffffffffffffffffffffffffffffffffffffffffffffffffffffffffffffffffffffffffffffffffff,0x00000000519a7591076d9cdd0041713708b6c5ee2bb01582cec68657eb02f08f2ff115faef660e49a098db07dc6e422509602ffe018719b180ac05ba11d63bab37114d1efa4b7554a05520cfbca387c70f19c643c8e40ef4527b72bb68b61109d12c149c669787145d8064338a9d848c0ab320e1480d7e3ef2281585f0c70d49,0x0000000012e0fc122c92f5c858644a956e5c039ff54524b9632bf698cb651104081ab1e55813d9298a456d3f43f90e66dd7748657e6e3bcd97863ba3b03cfb403061119cf78d461db8e6059fea6bec6b3e25f6c45533939602ca1e124caf857e7dddaa258ad12dd1225c36ccd872159a645c119bac8593978f28cd87038cc7e1,0x000000003f2d673a81882f2630c55c212efcdac850db98c46431bd6f1e5c3bc6bf09812500b470ba0020d6d5079d998d2593c74a28e17e1a7a5b9676fd93bfc502e0f79feb848a769797afb13cff7cf647068f7a8cbdff5612638991b299646b1efc799e022fe23937afea298a57f63cb679a12c887b065e55de12fbf5a95dee,0x0000000009805abc5a9de2e4b1926a20948adcfc956e47a3a491a23a79afe69109c50aa166dfe18c40c69ebe072977acfbb713afd13c2f7930e12be91e7c62475091a058d6f2b269677e843397b6942005997d70d61877466df6fbf39ad7f5d96d6ea6cdd028f8477460cbb2db0e56ec9a2c9a2c81ed42ba00ae66fb042cbe8d
end,5,1221,292,1566377599,23,1024,8,0x000000007fffffffffffffffffffffffffffffffffffffffffffffffffffffffffffffffffffffffffffffffffffffffffffffffffffffffffffffffffffffffffffffffffffffffffffffffffffffffffffffffffffffffffffffffffffffffffffffffffffffffffffffffffffffffffffffffffffffffffffffffffffffff,0x0000000069c0da659dbbd6c4afcff7c14c26f9b9e97b29dca8466097b37c3f8658ea2baed33d4769470289ec469c4819f8554eb0434ba878882adfc6f1ca6e1239abdabcc681660023a14bd32320116676df350987ebc6d5164a6faf393ed6a0c979f40c9003c091d62d27bd7f7c5de655b8435a1e6a9b71c2401cfabf51ccae,0x000000005dcfe020ed3782b40ff0c69fe8fddfa7ddad16345caf6049ddc6b8d7e645efabbb6444b0a5204f94609352f76688fc03d57c9818ae41842777b2669395afe8e7c7d65cbb0c0729137e63e4cacd6b90364c18f052efe5a99a1a059ba33ac3cffec4a4304458ed8bfed06cd8255aa839946e46eda034e218017b4fa14c,0x000000005495402ebac781ca6153e86c443ffb755e6c579395da3cc2805212b562bcc44ba9b3021d163048b86e5739d20e9d8a6476bf642968f4b043e6235bc9deaf7304cceb382d2f555b23c57390d56f4ab5a15e551326317b149608736787fa38296c814d4745c8baeccad80e06d4a382fc582af41c5131c4852da6e0c647,0x000000000816640202d74989d2338080070adf2338d9a37307eaa03769d34f517b594c322c4e916a979763d1740e911b5d76539cb7a85b98d0bb870c13b30633f7118b4c136e1ea713daf1b8dde50433fd73007767c1233aadcd3bcc2647ab36e821950bace7909f7daf872bbf48c58a01d32377d0e6ea28197a7e60afb7e2b3
end,5,1221,292,1566377599,24,1024,8,0x000000007fffffffffffffffffffffffffffffffffffffffffffffffffffffffffffffffffffffffffffffffffffffffffffffffffffffffffffffffffffffffffffffffffffffffffffffffffffffffffffffffffffffffffffffffffffffffffffffffffffffffffffffffffffffffffffffffffffffffffffffffffffffff,0x000000002cd2721bc6c4851955c64fad11fc76bde59448e00ffa421ea24cce431eccb4da3c8c4899cfdfc72ce4ed22c419feea3589c93e4ee4d2e02bc47b5dfc71e84cefe1f58fced9380f933a01bd58b5beaab90dd0ba4bc8fd92416f7c3c25dbf77d4871a90d6840ed5d76d4fce3d29578c11799ead9f33d938084ed277982,0x000000007f8e9b87786de69636e21faf03c981c96a2b19a50ac2ddbda21ce645b6813dfa8adb9b5a1ced97db00d075bb7fff22645889996017039502e45b9dd77c61a109b90769b19d44bde7729fd37cf9fee8bf15ed774404719f02d222f1775b212a7b4d6d1dac88e9efa751830245d6520851c01910a3d8d52a1c896ef883,0x000000004b0ccd399770e1c6f8fa9cad687635838e0cb48a99b8996f77b69c505c55436e45c0a0c637c8b942c85080de84834b2134f30de61c741cdaaaf8d9ca398220595fad1a02a4082fa845e1d3c9c71664241afaa01a5a8ace5be553ff60d4ae44c09ecfb11771cdcfcbef62a58625b483e663677a364e0f6fc8cadc79c7,0x000000005d92b95fd469afe74c92c412f86ff8eae5d99916ef15fc1a116de663b00d1378249b01066db7f0344bd5d9e3318511fa9eeb9fd723353765cc8085001facec12ecbd36845c29dfc151d0d3d58078910983d144b640f76de79f90ec5818dd70a7e7307974eddb5fff63932799608f892b5ac9ce680f177d340b612030
end,5,1221,292,1566377599,25,1024,8,0x000000007fffffffffffffffffffffffffffffffffffffffffffffffffffffffffffffffffffffffffffffffffffffffffffffffffffffffffffffffffffffffffffffffffffffffffffffffffffffffffffffffffffffffffffffffffffffffffffffffffffffffffffffffffffffffffffffffffffffffffffffffffffffff,0x00000000684bda9e560490fe407ed02a4fad353c37cf1861d099d9c005c4ff0f06fc1193dd705e1279c313cbc67e956cab5361ca42e3a94f6b9aed3abb88ea97e52592fb0348ff2ce19cb21a6d7ad061388f5c3a5530c9b366f7f2cf9468dad6bf8eed5e961949ff760615e78895c9029e6ba5725d108402a98681c0c2583985,0x0000000061c60c6d5a6ab6b07bc07a51783fd00b1d6eaf21c8c29bab464a0b96569e79ecf12858a466ad0c58f978124cf0d92427ae3854da8f1f9cb2aba31d02e5021d1e8de4f6a1836eea257bdb5f9c174e686b6c32f8d987a22e3f1212056d5f6504cd64a0299cb3a8245ef67ca0a231818f9de82c049abb6dcfb51c140dac,0x0000000005e18b70f77b54d381478466cb058d4e455020fec72b2efb070ad76d88866150636d6d0a684f0774a889c9dc052d21b3dbaa0911cb9508cdbcc86094d33b9375922812115d235fd4253d161eef53af7036c33ca90b8d9d9cc4a93669477c59db4d8988b0a4932c674e61d015ffe31df76a3bba7666022f0f448bbcc5,0x000000005f0829adbb015a2f70f071742c4c4c9afc30f26081f45352924eccfc6f41abc10b295139a67d217e915aeee2d7da114b185f8d0eff95176dd1fdfde44769b1c299384305de6f636e81705f5508f234f016c5e81d6dbf9d8f55e66e6740e37806af1b7e868c76db77b8ed37852751d5a50555c1921ec6c4a26504f581
end,5,1221,292,1566377599,26,1024,8,0x000000007fffffffffffffffffffffffffffffffffffffffffffffffffffffffffffffffffffffffffffffffffffffffffffffffffffffffffffffffffffffffffffffffffffffffffffffffffffffffffffffffffffffffffffffffffffffffffffffffffffffffffffffffffffffffffffffffffffffffffffffffffffffff,0x0000000027fa5f4689b58ce61f9a34591bdc9096f52af5e198bf7d831141a673da92979e3bc6cf6244951780b907d0fc0103e8471fec8b59645154e50e4339ead4d8568c333c08e89507f656076d6ec29a6ca4675841a822b038d3a06edc3f219f6bb1ecc708476da13cf39fc57b875de34d2b5f0a8b3cd22d4b3dbc1b6242f1,0x000000001fc33c945551da3b5bd752da762cf4677f31f324cc0f585abe28419fe3880ca2ae86e48dc2d078844e702291f97d02f1fae516a4742ba5258a6c9647a14aff1b2b311c1a9db7f015bee0d061633266bf025c693471f09f1ba1ee3d6a9ff3985f130faa3f778333b9600382b33d06a2814129dc7ac2e7697b978e9d26,0x000000004a0a749b3649f62735e6333b854615ea0e31865f0247ec5ad485c370afd86f278026d1a3d0dd0feca9e7af712b74cb6794abf9b85f3f979b0d5279c673aeaeef19948844314195382a40dacc0d6d509695e40bf363d8692b4276cbe74430688af5c1958800babfda33205a4f718c6b8dc5f2642d62732993b611087f,0x000000004af6eb6592c1ccdd6631a42aa3d32c1656149ab4eb943d1affe2441ab6319400ba22d03edd74acee7efc47c0297554e9f93fcbc3a9b44af112cdfd776a95636d814daac5079b9b3a5ebce1c838e8ca3f449cb7f2156e42a66f143c4aaa148ab610816a1539fe109dd16f362ecb234003d47751077418f5249532be90
end,5,1221,292,1566377599,27,1024,8,0x000000007fffffffffffffffffffffffffffffffffffffffffffffffffffffffffffffffffffffffffffffffffffffffffffffffffffffffffffffffffffffffffffffffffffffffffffffffffffffffffffffffffffffffffffffffffffffffffffffffffffffffffffffffffffffffffffffffffffffffffffffffffffffff,0x000000003aa4ce84b8fef6a578107868d33ca403bd507b2fff912c072cdbf14eddd658dbfc2f5cbce9e251bac499dbddfe09b514a22d91e6e8f5f3063ecea6489a0525da36d05093489e89f1b59b268f56c4802fec1bd4a4d665c22b168fb358412d8b300571e6314adc59a82e36637c3e187b21e6299b57766391f6198d1ea7,0x0000000025726b9f6c0a3a24627ffeebaeb64987dfaacd70dfb0cb1239376566407ce0d50ad944909659d9d29679150c6ca1576d950d48cf042abe98929cc0868a8627dccf65c113bb0d374f95f3fe540f065cfccf8673d89763bd1f9f21b6ad62da05d83319222c73aae23f617e1c7203eaa25a8eb41d6f6bd470ad84856a44,0x0000000066921e2ce309d8934e0e6403c415eacb1424a6b0e3dd5abd7e17a9294fc8a667892260f90f1a5a959ea83948e35766e95c242e9b4a1a21b6a63dc0276b598990906632bf15486e0fe7e70ededa31f4c4e43a4bff43c67bc660a3656792a5ab290f71d9d83a5fc5071a6263b35e387af823d7c9fb135f7c792cd9e704,0x000000006af521133b3ba2324c1d3434ea8fcea53a355cf4a40d6bbf9579494dd4ef8a2c83548d73a4750b974a6e3ab25fa15c1302ac31fddb7b0985060f3d828ce0854e842d3f2152456cc788a0aecd41f54bdc2750d9f263f5b9643041c39b63fd410d0eb18caa401a59ca1592418dde93555a32a8edf15240013dc042b609
end,5,1221,292,1566377599,28,1024,8,0x000000007fffffffffffffffffffffffffffffffffffffffffffffffffffffffffffffffffffffffffffffffffffffffffffffffffffffffffffffffffffffffffffffffffffffffffffffffffffffffffffffffffffffffffffffffffffffffffffffffffffffffffffffffffffffffffffffffffffffffffffffffffffffff,0x00000000739fd30bfaa5f12dd02c46096f058253fef2e09491a0e481d4e7d0a17353918c6fe7402a6ea713ae65ab2a406b0ed496f4c92b7f61bd4ad4b29cfe276eebd78ae288cc4605e52245fe08aa747a050756d2689f49e7c6eff6b8284fffad492164d5eaad601df24f31a724a266bcbbfea04553e1eaf57140e1bcdfbfe0,0x000000002f853eb7293b8bc33d6782624f86c71bebe505a79287bff76bbbb8bf385a74b04a1bb0bd5e58868554d85d1b81e7846c38f11f4c8f4dc09061b955ad6e6a98dbc5321b8c9502b072a08f521f96ec859f4d8c176e4cdb7ab681ba2818ed3bbe756df4a1207dc085589e49a1bcf71956a1f0d5f9c499e96729aec67eb0,0x000000003bd96f857538e4ccac1154c702c9432f10d7213db4d31cb992455f1fb6968118bb932b55a108a7559ffcee5dd773e86970d2b00435c6fc34f6ff754652728aab9834eaeaa0b750d8aa021b6241ebe2d079e44d9ef3e8cbdc99d303d36ece6696d91df2cce0f003b005500a3f8043787f5d15ef5a01d9904e328b0659,0x000000007b31b5f4feefe3fb9d2fcc0c313b95c9b020aadb80de13f8c2de139bf2b24e95e7c2f796fdcfea0c2ddf4c7129b1da43d19ffc4cbcc3644addf5db528532ce7e3a0f7bad6ef3b509ace661e0aa97921f02bfee66636b77cfa528dc78fcbe86e983ba04b46ea55b9d5eee17a2906d8333ea79cfefbe43cfa26393cedd
end,5,1221,292,1566377599,29,1024,8,0x000000007fffffffffffffffffffffffffffffffffffffffffffffffffffffffffffffffffffffffffffffffffffffffffffffffffffffffffffffffffffffffffffffffffffffffffffffffffffffffffffffffffffffffffffffffffffffffffffffffffffffffffffffffffffffffffffffffffffffffffffffffffffffff,0x000000004fd122ba2f91926d0035d513b1d4a46fb931d79209ca0697f4ef6744ace7508d41754ac5c205cfafffd63ad0db16e47c5fb87a7664dc7d406636c26bf401b9d1fd517f1cd1d017335238398b1bc9275e7485a63176d5e83a616f9129a81da17f947afe7380b068efc8579fcd2701fd52c5147fb1c5e9a252cd4b8f6a,0x000000007163999107bc85e1aeda8d1fa528b9a04f93fe74045d7c2cbc02be29138e63e53cbf6f2dd7c676cfcec785fe14d43145cef5141bac045cc548bfe05168cfcca68b2dcaecda6eec6c7c45eb920ab1b6fc7c6af7731cfeaf98e2597fe4472d106114f2200711f704816764dfdf12fa86581e1eb39f32a9e525b5485d77,0x00000000579a657ed3613a74e82a87df08b33c0c85143b612c2fe95909c670449ff3bf0fd3d9aee4af835644bd37b63e2daf78edff1e24a41be2c6ada54a14e028ab9645d90a53cb37403dc04b0c04c35e82fc5dc09a671c723cd288f6648d5594eb83aaa7173938429943a80130d52c992feaf3da69d4b0657a46f39655e2f5,0x000000002d597bab3231757e1fe1e4209270ac4735b9ac11d28b3b5d9b730038545265f0d7dbe5eb3336017becbf03ff820f4609c7076cac45146536da061c5c039cdd1e09e9f45885ed408e91bb2827626bf49033593320487695cb344e6a606f85b4dd7d046210705cbb8985af8a9c16753d0c27821994fad14e6bca2f7ae0
end,5,1221,292,1566377599,30,1024,8,0x000000007fffffffffffffffffffffffffffffffffffffffffffffffffffffffffffffffffffffffffffffffffffffffffffffffffffffffffffffffffffffffffffffffffffffffffffffffffffffffffffffffffffffffffffffffffffffffffffffffffffffffffffffffffffffffffffffffffffffffffffffffffffffff,0x000000000cfee9f32d9b5965408c09f90bc74173dd2809c315c60444900c6563cb4594b97643333eacf9c0464fca5a25aa84185362bd3ba1c1dce60e8a527cd080eec14ba72db25a53cc96653a47de8f42731ace7d3fabf988f2d7ec6991c1961de72382671b4137b37d9e37134a1f32458fc9f1835a3f094e0b55001aabbed0,0x000000003d03dcb8b0832d3379f8738ef1e1bd8c20466c4d71617cb9e31d7cb2281d0378c70ff8c7b0be1f90d45362229b7c8679626506518b294e29ac8f4a05ddca7d7e960deacc55c6fd2dedf333125e790f82e1d5719f697dad080a11c6c4865ff693559322228e5d3a1cbb70416d88838deb0fd1e7b6f750f3d2645425cb,0x000000002c27064126808ed1e62785282945eb9bc5492d5778699a871ef18f330a84b30d9e974742e633b187ce93267744b8ec38d5370e45aed8c28c2c3613e792ce355c6b9e8e40ac1ceb8f7237400190a0f48043683f4149447d7eacd8feae5ae4eb78b7b9d725caa505db46af1c3c0dcb8f9c6cb78dc330b4ed3399ffcfee,0x0000000029ee2fcf5c149546ed36b5be317e665369762aa5c1986d17f77a322bb1e364ae38044664609376cb93c0bf1025892e096378ef4913ca6a1eb4e67dddc47832368230d4572378ac7ee3f7e6e3248e62dbe55f7443e66bd78581dc1f2fc1454eeee07233477be11a8bf5b5df64dd34c42b30b3d4a126f9e0f9c23c02b3
end,5,1221,292,1566377599,31,1024,8,0x000000007fffffffffffffffffffffffffffffffffffffffffffffffffffffffffffffffffffffffffffffffffffffffffffffffffffffffffffffffffffffffffffffffffffffffffffffffffffffffffffffffffffffffffffffffffffffffffffffffffffffffffffffffffffffffffffffffffffffffffffffffffffffff,0x000000004f2a8e6bc0bb8766b880a1e746911fba1e3a6e330f6c099f80b75c7513d32aa739ed790a7d0e67bcb057b976dcb6246acc1f48fc79632f252e5083152b11974c39ebd4620995f09a5d4d00c7585b930b755015df18bed9873624280cdbcf4e41ae10e0d0f4cf4c48ca03a81e03ac7ada8c2035eba82598341ff1fdb4,0x000000004accae7ef27866c9172c063cbc9d40185b03ca93ffe6e5e8f908f381c7b4095d96eb4d2532a4964e0f2faac1c57f70d3a26a20f48a979ce0bf749024ecb5a9a60e00963a1be93b7c41b87fb7fbeee92ac69dedb01b3324e0c96a34bc5e2c2c6f0e4fb689870df4a85ba0a6c7e69a61a8f0bcf07eaff86b221b7375a7,0x000000001368b6760276c18bf24ed8e0d43d68c08d81cf4841056db6133b1f32d9956100e7939ab62c5edd6ba082e014916f7ccb382aa4fcf50ee385d22431079d067a504977e7599685ff73f8b5f18b44dbc84e285e0c5c8527483f3434450e9d0f35b67d1be7a3d980b6ff9b8462a2687d34fccc6394cce258b1adf3ff1ded,0x000000006f07bfcae03be833e4af5239d781b689ad64a3f169f4c02950e2aa161aa009e41effcfc7364f99f02bebbcc393703ce70deaa885a42bc455bcc99bbe5dc79be642f63b4b24363f87957da57c83396ecbcc13839eaf34961b9dcc62115b87e18c8ab95f77549a1f471cb70e9e8eef96ebca6312c10f28f82018d94499
begin,5,1221,217,1566377599,0,1024,8,0x000000007fffffffffffffffffffffffffffffffffffffffffffffffffffffffffffffffffffffffffffffffffffffffffffffffffffffffffffffffffffffffffffffffffffffffffffffffffffffffffffffffffffffffffffffffffffffffffffffffffffffffffffffffffffffffffffffffffffffffffffffffffffffff,0x0000000052d29032c32e1164b0830067d21c99b12f48c8ee7dd45fee85ae88cfdb80bfef6a113f254b31f498df1131231505a592fbaaba93f1ff837df361ee8bdac56af7864a8927a2b4acbeaba9520af9e0676e72e5d8b0121abec4a16a19848e6a448458a7561452a133c94b71222e4c8176998c0660481933f51f4746ebe5,0x00000000335c36ce0406c79028b8b0fa4c09b594b8a86190c03876ed3539b7a4a2e36aee2e8d147ff6f89908bc5c17e1df47e8174e6f0f6c25ed772c5fdbe7b2acb3cd7a6ebc60196a5c43a21d6ba2805b5098ade3361efbe3ff97348709a02acf02cdd0751defb1df44facd9b854948c2832bf15769dde591a257a15b9e459b,0x000000002a5158785da4854c742c4caab958b42581cf516e1aef24079ce0ec7c8143b2d25cc6fa5dde41e99b7ec7ceac8b54053aa7f7eae833b5e35ec21121ced305e56bab3c07c9c65e11828f9086d05a91c4061ca835797bc3f49eaf68961c407cccd8f1d34d6615bf72bb1d368190f764219ad65e12851294a3c7ebc7f740,0x0000000024186f414272f214a2f208550701e4950acc591ebb8d5f1f8c260abc35309e2f8578adb0ad859224373d63370b127146f908ed9d0c62529a66ef72fdc304fef7455466fb033529b5743bee9fac7a3eae4338281dbce020d80ba3be38fafb96114f3ae5195052441de0db72897802afe7701f578f415ac37c3d664c58
begin,5,1221,217,1566377599,1,1024,8,0x000000007fffffffffffffffffffffffffffffffffffffffffffffffffffffffffffffffffffffffffffffffffffffffffffffffffffffffffffffffffffffffffffffffffffffffffffffffffffffffffffffffffffffffffffffffffffffffffffffffffffffffffffffffffffffffffffffffffffffffffffffffffffffff,0x000000001ef733d6357a116d4858d19c975d606e21a822b8ce71d08149c4b6b1f4aa23114f46224da8a993d7056e6739988d94ac3a6739c57fde6f8d443807933391717d3971373c3f07819e40678320bcaa1b8a8f76651e9b1309526a769ec6a565d1bcaf637f003e4b8667bea7c4f6fa0f175843f980087e07b633c142bfa3,0x000000001201b1573832b9cb34da54990b82ec77fdf76bb9915a67d704fb1b792421ce7197d3cad32eb54aaccb98a0e30574bf66163d93ce68be0f6bf9c837f028a10ba605dce633965f538cd504a8a0a9b49d30a390f9749eb4e49e1cbedd34d18cc7497619bad9d5472a0c5ab5df6dc55154c0e89401076bde696bf09898cd,0x000000005b9bb9b87ace8f927fd48b07e4a7a8d63858a00e1704842a3e32f607918691001e83ebd308aba7756eb809744f738d8d1c580728f69c62c61145c89aba3cc0f9626e6159d9c925a9a25eec9ec4c6c2a0fbf6da43ee165bef03b187ca2aed41a0f8380c86e69bbabc73f07fa5a5677bc3d960e0489ff2ad498fddd9eb,0x00000000560653cd9a45a56f7ef0d09081723769f26555b8fcb32ac1b1083011269cfadc1f383b0a2c5e4e57af400291aa2de6cf20d7fdef2253aabf8ec8e8ec086c73fcc366410df4cc7cde2c026f1d98c24ee6bd0196a58d5e34d4130aa7a6d2eb861fe3a6e54049f344c3886501d2b8b7691bf419761184b43cbd0139503a
begin,5,1221,217,1566377599,2,1024,8,0x000000007fffffffffffffffffffffffffffffffffffffffffffffffffffffffffffffffffffffffffffffffffffffffffffffffffffffffffffffffffffffffffffffffffffffffffffffffffffffffffffffffffffffffffffffffffffffffffffffffffffffffffffffffffffffffffffffffffffffffffffffffffffffff,0x00000000725a722b74ed1dd580dcb6d261a0eee393a57b17c3fd29a17d7487120982478ecc1d30029648fc091d8e70e89b33612f9985ccceb9d167c15181aac74b24d75df17803ca9fd48e644cf96d17413fbfad2565c3d04478c6317862d7a3d41f361866b7c3a42d5b0e5265407b2cb0f34b457f3db76fd7ebc62f5d0c9a39,0x0000000008370bbb7ddc9e7de84153617d3f1fd28c6574ede2d45234fd4c70651a544c064c1a096ca1449a26875c6d36bdfc2278a7cdd68002407766d2adb85009d4f254b736c969c97f974b5fab0159cc364a8db81ccca37fdde7264c4570bd75fee3f6c404a85824d4a5acb0381b4b8a5edf347cbcf603284a2cdbc91c1abd,0x000000002338a4c242c1253b3dd3110fb337744ab553fa416acb644b777cc9da5e6e12a148d16453b322662198e359a2b1834e217f67f2ba1d889d66337804f482915faa2091587aa3fdee57df39e05b8b5a26758d21a2a9f8c9877c2bee85239057110a7f77eaf58c9d5bda011827e4f24dacd728491d0a52d63dad6d525714,0x0000000037945ef1b655a4762f308e3c367be447167e942f7d55ccc3c553172b349209e6103f0ea1d08cf3d7fb401b54e4e751b411571cd0e9579a417a3db7c57f7fc6f2052ba9ccaed5fec5fa4916cc7c904a0ad5c1d0f29ff96804622434a3d444d4a5a61c1a7e1ffe838a3330b5bb97409e38829d6d96a35f5e15c9961f58
begin,5,1221,217,1566377599,3,1024,8,0x000000007fffffffffffffffffffffffffffffffffffffffffffffffffffffffffffffffffffffffffffffffffffffffffffffffffffffffffffffffffffffffffffffffffffffffffffffffffffffffffffffffffffffffffffffffffffffffffffffffffffffffffffffffffffffffffffffffffffffffffffffffffffffff,0x0000000056ebdc2b03b392f6cf98ce87b67967335c72e642056f30adff805f1f862686da89cace919f7dbf5ac421eca33c547aa59de59306a77672508dcce4bff04e87cbe7775c518a0ed4cadf0c28098d18e8d4f4663bef51cb61d36fbd6cceea0a23546e3d3f8c9b675da2241397b126f0ade148da191ea047844ed108e711,0x000000005c2611e3f702087e9dbf141afa0a9c546c6ddca3f2aba35a264fdfbb4bc4cb47733370cb00974b290c2e470e9289fd94a0b9558ff4c7ebff269f7afc6acf683b7ff2965e2a3a6abbb9011f6a69c41388eba6069d844eb970ae1d55ac409bee3f7a66fdc45a223fd507e3bf9db5d42e0ecb965e1b1260372c9a3c983c,0x000000006fc94c8a20c2e1161fef1f2e9ee2f73cc22f23040b09cfffd9f8aa7f704caa6ed79113a329df1a0a2847164685a1a1f15749b8115c77c3c0214303e6904e81249df1b4a6a77b04e06741a8b9b4067878d7299c9000e4a1590da82fa1a873d0a6d33b4b30a92c3f8e14c584163253707d89b44c57b611ed8cf213c9a6,0x000000000561a71d7abcacf914572fffca28f2bda37f5315bae17a24e840289658436226f147a3a82cf4a8d6cdaaea3ee8fc6474dcb96fb5f1a6f929d370ee89ef94fc6ce701825c343f47632df8d7101f3a886a300ef803fe9669e2ed3535a0c0373d3f1b5a5970ff7e3f4356aa8c31cbf91988b7ce29f14a32f16393fbbd2e
begin,5,1221,217,1566377599,4,1024,8,0x000000007fffffffffffffffffffffffffffffffffffffffffffffffffffffffffffffffffffffffffffffffffffffffffffffffffffffffffffffffffffffffffffffffffffffffffffffffffffffffffffffffffffffffffffffffffffffffffffffffffffffffffffffffffffffffffffffffffffffffffffffffffffffff,0x0000000013071757b71aef8a517b95aabd8804da00d510571c2251a033128dfd7b9e587063297ea44d97e2fafe8830c652f695e9cfa0bcea3898de318fb24d14019eacf1cdbdd5002902bc5d345dc9a4b0f53926fec842487eb0fa9bd1aa6fc7b6d9e167d86b7e8120303909c2629ef637c7ddcef419948f2b3f4657a3c2e84c,0x000000003ea8c3450855277b4a40775f9e809c56876116353a9b8c450f562c79062c64b3c6ebe176d2f31269bf966158c2484ba350d06e0a0d1a4e9cc42d413d260afa442ab88d0e0ed7f74c9297a1ec46191a3db5e4f9ef05462fa43be4938240dd055e0a65351089dc7b511049c65c03a30042734f22adad66a3bc23a73c31,0x000000003adf65fe02f8a09cb1bbc447013029e9c56e67207838ed1e51deef9f601c806e5f00b82c47a678eb90a4c07ae1870c0e151d06eed362b9886817281311a3e0bafbf8c3d1b0c844405295ce3b1a6de2153569dca631800ad58d6cace30b57c90bb4a608448ad087bcee01a8c15b2ff3eca87881815d9278d96d2e6b9d,0x000000005b29a0499c608cfd8bfac6b8d5597e3b74d87c7c5b01dce42243b36015c23c8a18a5811ab04f279e44fe3d46ef9c3bdb3d115d26c71e6a057ea3f4175c1e8c5ebddf52172b1bad7eb4da7e68a43b6cacad99e9c3aa0e9824011fee94e1bbca07baee03bb6af9f0c8310ec412c5e3ee158f758afab721f8b445fbc7e1
begin,5,1221,217,1566377599,5,1024,8,0x000000007fffffffffffffffffffffffffffffffffffffffffffffffffffffffffffffffffffffffffffffffffffffffffffffffffffffffffffffffffffffffffffffffffffffffffffffffffffffffffffffffffffffffffffffffffffffffffffffffffffffffffffffffffffffffffffffffffffffffffffffffffffffff,0x000000006bea77e3be3b453f859d4c2c0d84126e8ebc4ba95f0dfcc5a5e9a6de0a7f4a75f2a84f6cc755ba8d2e718ad1bdef62dfbadd33264ed50f895f59f2b81c7b5623727a133e9022eef9180f4881f9abed9ec2fabbf79f58f26312367b5a4c8cb83ae3840e0cde984f816d0bee44c727d61fb5149bdb1c655cb97d8145c1,0x000000002bd09bff291deea77c6e4919cad9a657921ac59f81c68aae0891429124ba0559a43525a4cc0984606b4e6d53e4c2ee12f11273c113a42edb4061ccc8c201552940911c72d8d0870a64744c1c811f2fc6b622f8001a07f7781d04073e24d7c4515dfbcf6c0a3d22883bf0a7388e530d8aedf46f3c927c0134e4cb1829,0x0000000023e7a0d30440c267c62ae7166621923de81b8bfb6543445cd07ab35aba6b4fcb2a44ad06eb5166c566a7382378802ac2c31f8a620ecc8c2fa38a93cd48dbf3bb07d46239a4d6ce6a96ee3b8a16384228071e424c6470151bb2173ca815f3797ec8588bd7639d097d8ec43285cc0b9902b562d78df51bd9f279fe6cc1,0x00000000705ff2987386c434e9c3d077d7cf80fe44d5171dcd630eb44c439464ccd056274696a5e0071e7f71fb156d5198a43b65d912a48e0ab9e2ed2f7d4714b837f1d7ce054af348ec25612e9a982918810c279cb4a3ea598226765c124806a26507886c14062b63084fa19a4b1750c9f134e94fc864f34b04b917c787c105
begin,5,1221,217,1566377599,6,1024,8,0x000000007fffffffffffffffffffffffffffffffffffffffffffffffffffffffffffffffffffffffffffffffffffffffffffffffffffffffffffffffffffffffffffffffffffffffffffffffffffffffffffffffffffffffffffffffffffffffffffffffffffffffffffffffffffffffffffffffffffffffffffffffffffffff,0x000000001f46d06b27c53bdf12276b97d1f3e8d9b9584bff14afb10847916a09a01eeb8dd70a72cdc47346bd4d7022e813c313b473c58b5f2503331e782a951164cffc5e6b89955f23f66be3c2a0c54b3dd0673cefdaf78d58f5c2ffb7c60498533994f1567a48924c00b28633637ff8835733b5d78502a7bb04c9ccdc223724,0x000000000d6b59b8213268452cd48af0d599fe405d6d1c7998b57e6ca62dd2d276255bd5535a793d4478bedaf212d333ac9b706eb6e43032383059bc1aa6331bd48e2c1533f9035d274317538ef65d0bfbe8dfd3d44da978af1a8af87f9ba98d8953562b2b8d3a00bd2639457d21845d87a9037d4cf0826b02f6e17a0df75e43,0x000000006be01adc9210a531d3dc6a349b36aae656009777a981b3a4884b6aa5a1d74bf6d7803e5c74f70214b967e4cb611d2f5d1fdd61d7e4504b03edc002a99580bfb97912885f2ee4ba3894a570c03f93a4cb0cc2cfcfb9a640accd2dfda49a3b46ed95e938262b2f0db5ffd5c0e350a08c679ea7a12ccbb3290ae31eca0c,0x00000000634548529288d362ba20716d969cc35f8913289ba8829a1455f6f648f52bbfb1cda528f6e37e10b0d0f42522601a118737fa6797abeb1c5dc56e158b2ebe1bdc7d5f01cc51b1fca06cc9dc96b4582dc01f40f9852a7e7bcd0dd2a01147a7385b6cd98530a7c391c67eb77d05665538b20be0922ae022768b2d94d611
begin,5,1221,217,1566377599,7,1024,8,0x000000007fffffffffffffffffffffffffffffffffffffffffffffffffffffffffffffffffffffffffffffffffffffffffffffffffffffffffffffffffffffffffffffffffffffffffffffffffffffffffffffffffffffffffffffffffffffffffffffffffffffffffffffffffffffffffffffffffffffffffffffffffffffff,0x000000001e572d329cde13ec7e776f69f76a862a7b576f937a9a85a282dc55c4c8dc02651f48dd513c7152b40dd04732258d73867a44a3eac8e7dfff6fa54c226d4670276e2b1d4ba76a83919fab0d5269236b74f7305fed208c46e4b62e03dd417bd92303551205c9dbbd2fbc6a3c0a936557a13db4d39acc631788e194c4a1,0x0000000050f31b24ac75f2bbdb46c4be1f315cfca777000effbda36e92939a284c11a2e7ee929420d36af670c2f4b57e90baf91c0e2cb0d9ff8e0439e296c2497cb54502114d23fdafd6e51ef925ae3eeaad4c987ec541a416bae81fda21a159dba7914f186157ef9f017931d08cece2b9b025b993c88d93eb93e1aac2ff0bb2,0x0000000054d60e72ab9526fcb015cb6f80369b18a23d1fe4c67645a8c0abac58f71b71d8f57144214e90deeaf95b42f1718a75060d369e9cb27cf9505d92cd1227be1534583ee34472ac1faa471f76deb45ae48b444b3b5912d8c3669ebf196b33bec3125697917e4adc1eee4170a74af58be6462288a1cf47309e255e431850,0x00000000667d98d3832c8e6c1517aaedf634030470c4396bd186f724bc87a958848af0dd05a12a0b2a5221fb98977594f0fdb0c656f8942205f25c6e25d0341661a832d38fdf42982151d59813ae523fad86e32ce1caabafe12541a9510b77de6b73c9af886c9bc152b16a9a9384f61360f666fceca45f34d4bfe8a28aa31436
begin,5,1221,217,1566377599,8,1024,8,0x000000007fffffffffffffffffffffffffffffffffffffffffffffffffffffffffffffffffffffffffffffffffffffffffffffffffffffffffffffffffffffffffffffffffffffffffffffffffffffffffffffffffffffffffffffffffffffffffffffffffffffffffffffffffffffffffffffffffffffffffffffffffffffff,0x0000000026504e663b049353cbe96bdcd3a02ffb8d2db7fd1660d12fd55748857db447863465b2d5bba37adbd5cc9a2cf35e9340c52569eb4b44da077994603e16f783bdb2f5e6a330d626cd67b338e12e147fde696113624181ead8418007fae2e3eeaf2b5a7d3fdf62d42285d9aeb8d8baf630e17cd04244e8ec5a72b369f6,0x000000001f6f7543319feb9b00b70ca00e80041941e3ef9d7836b67826927c6248d47f6a4ba0aad945934294704cea3f8a420b5a2b72be4aef5fd734f3ee9004399d1d66d86c88e671e19d61d41e31d2f5b1a31d4f3e9504d265402dd2f5bc114db5e26a5727b784ade6caa1ba70b83e4a69797baf6393b6e2da5f1a966b8618,0x000000000fff87a47b9bd971ec3e99248f69815a88032f8c03ce04fd18e2b0d51d020493fa3483e069e41d22a915b0df0ed8237f12802891651681f224907772cb21fb19dc5cfaf15678f04a21f5b4954273489951b446bf6b7bb8b9c9e286edf6fe9fc361da4414c9b9d199f669cefc86bd5a8c5c6ed3928a1179d0f8ca1044,0x000000001d4e6b9cf3ca52c1db933f5a41e9660ba8197ed7aa7abc3a2dde5aae34c5bce754036c0abc70399aee64c20d0679e1d9437b9a7a14c1d360cef2d6f2ce51f3ee877facc21dd2c6d0d1a7ea5aa9ae6df3ad4ce29b845b37c2018ffbfbe4a7d09d528b15e688e5e4371c0963013ac4bebcca3324da0b6073ba29ab6976
begin,5,1221,217,1566377599,9,1024,8,0x000000007fffffffffffffffffffffffffffffffffffffffffffffffffffffffffffffffffffffffffffffffffffffffffffffffffffffffffffffffffffffffffffffffffffffffffffffffffffffffffffffffffffffffffffffffffffffffffffffffffffffffffffffffffffffffffffffffffffffffffffffffffffffff,0x000000001254d260650618d5ec309c5d24c07745c93e7f27b3c18806702566a19f27496ca445359ea066336791eeaaf5115ed0bd49b76de21b183e6f77688740f53ecadb51f5dc60e92090e6792fa2d6c96c0049f331874c9d0c1ef26610f460fb7b3a101a617874599ae87a3c626c0cdd4a8e6d0c7c8a2f8fa9602a30598b53,0x0000000024de75d3bd806a16dee6d0be272be45a080710c2238c9dcaf59696ea534483d859acdc3f2d7522e794743862873f381d0d9baf081ea0bfeac913647d08b2804e9b21dc9e68a5e44801342e6a2cb8b5ab4cb5bb7c4eec76e47875f5e141c551dfc4a87cbad6e62cecd519ae8ba9bfcaa1da4286e905a25b10b2547059,0x0000000033c3d48fd644410216d83dde3f7b643a13367950e288787628eec1c243d0de997f89823124776ca429b83ac84b6a8d36f3c5458eea5b427d8b4de243d446780b709d005595f2c93091ba45489ba4611c605a2bc901f5b2555d99d28ddf11f1b3e34aa71c9a417ce89639d2de5fade63acbd498f5b4b9e8871265af3a,0x000000005a875dd76b914a0c14b8a78b53ad5a8e2d32f7db5100a264bfae75957d7bfaf2f0738489079bb93fa1aaef644d6ce1dfd5704279332fd3a25e9891d4498aaa4a5b9e0a59bea40318059811b26d2faa122e58771306b3bd05722b2481410569fd0f80391f821233d122552fd5245623eb7266b422e8dd7448c0357cd2
begin,5,1221,217,1566377599,10,1024,8,0x000000007fffffffffffffffffffffffffffffffffffffffffffffffffffffffffffffffffffffffffffffffffffffffffffffffffffffffffffffffffffffffffffffffffffffffffffffffffffffffffffffffffffffffffffffffffffffffffffffffffffffffffffffffffffffffffffffffffffffffffffffffffffffff,0x00000000189f8ebdad1252dd4ea7e823ba5dbc67e62967c827f1a42daf73a92073c706e3317c2f4fa8ec62a6c0d2fd806c20df7da2a910f283254ab5b1c9b514748df36fb91727e9767d2fbbd7727438cfd8f5b468e950c232d323e022598b6cb5ba5161f036ef674db3470571d72212c732920b58a2037167d352114ad3c19d,0x00000000323f9e39a5aaad845785eed4cb4d563f7476d065ea56c47a00fb21faf20f9940acd559a3c587688496d14281237dd7e94c0fcd2954b8c896d5cbe65816d92d28099a30a8da9738cec3c0b7ae27dde9cee7134fffd310ca630ed17777440e60ef3b14257d92bee3c98eb03e2d7fbd5bc9e4d0eab5de2c64bc802cfc4f,0x000000005be1c2a5dfb16fdb26888d127e2a5e532ae85b8818af8badc0656be1ca177f27ad77df4512005da47e92ce4a071564202ed445b815674ac1f91aba93ec959a616e69172e7bb1cbf4cbff6c125c6d656c7d41e728cfbd646a700afec8f6df2d87c87de189b697901c24be086415f7c08b18c3d1c43d5bb60514333907,0x000000005fca5471e95a9609efcae905a374d25b3e3561620650223d2ba65fd8dcf5ff76dc48bbfc777454121953c58ab1e713347744fee0e2fb7235fc578a76ceb49d9ff7e23fa415cf174adae12fed2432be0ad8c29f78b10b19ec9f6daadfae9afec86a735f620ddc5f7fef792e514de47a39e057240ea67e2491f5db504d
begin,5,1221,217,1566377599,11,1024,8,0x000000007fffffffffffffffffffffffffffffffffffffffffffffffffffffffffffffffffffffffffffffffffffffffffffffffffffffffffffffffffffffffffffffffffffffffffffffffffffffffffffffffffffffffffffffffffffffffffffffffffffffffffffffffffffffffffffffffffffffffffffffffffffffff,0x0000000052a44bd01072e48b4d3dd2cb0b1ec20552495da564743219bfd1a43e724e043203b8862d156b83aa48fa5fa4bde6877ea973330154d30010804b144756e19df6d2e0b77913b97c40fc2f50bbb32d1bf707102674314c540ab585bbe064eede366bd9c737ef3eb72fe668d2d4fbde907cbe9c19814cb25816ebb40408,0x000000006b7c9f795a73d5b79e1cddd34ce1ff7f8a3760a086ddaa480be4baf475460e9470b13607daf4059d45c11eec548163c7c56f295325d698c968eb4755bd623cfa5225f58e6a198b77d19b31bcb9da620f4398ea41d09a2f0000a53432f8b70ff605cc06bc92c7e003a1bb33b36026e676c7ad2a385be43e41b54efef2,0x000000007c7e46c221170823b3045879589b3ec72f85086bb7188c849db354494200667817006e5166fcdedd6e1a0c1a6df531019709602f6cda42aa1240d9235f0e65abf581069abdd0f07260fb2f85bb7b034f6fd3956a11f0db6642bcf498a00e036e97accfec36eeb4ec224ba0a6c1b06764942fd9ee01df64498efc7f20,0x00000000672d7e476b3adaa3d406c8d7e2017bb86bd94a10dba4d81bb3d56cab4278decee310c51b44ddffe5c368564dcea9e0df231c9ce00f046bfd81fe4585c18de8315dd41a7e7833f876f4b63c528511162e21b8561451402445f9bc9de1d26502afb484dcaa982dddcab8d4e46ab1b2ba3f8ba8d41f878b266d29ac26c0
begin,5,1221,217,1566377599,12,1024,8,0x000000007fffffffffffffffffffffffffffffffffffffffffffffffffffffffffffffffffffffffffffffffffffffffffffffffffffffffffffffffffffffffffffffffffffffffffffffffffffffffffffffffffffffffffffffffffffffffffffffffffffffffffffffffffffffffffffffffffffffffffffffffffffffff,0x00000000664baa9ba226c5e788d34ffdd1fda1eab76dfb05d1aad29caf34046fecf869b4b325e5c1aa91319da1995be9fba32c0b988bbd91916d3ad0afeb247bc821a0da0b494034221e23096a2938cb34ad1b6f8e8c70a181b5530fe6b1bad7a5001e5c9d3280401a4b4fccf801072300f0dbd06146453bdf107a3f378d5156,0x00000000586eb51a82d4018c41bd9477d565bd5e216f222df74a3a264cdb449968d3bcff3445d26ab70fb048c0990e689595d17132ee4ff2d78b3b839b6a1da12e6f608127ca8622c71a8163f47b7b11ee920ecde185bf16575529667a50f2fe84b2eabedecae0e902b1bfa3aa409a037ac88eccc659e91d0d229f2c9b8df030,0x000000006b1f342ecf893e23c2c40656fca556bcbf54c3dc308d32d43a30781f799ad7aaf8a38609956f0ae34f4ee08f39d7b92c865587de1381020516a1ef7075fc42dfe2845e220b10c1eb7770ae6a84507427ce981b8d39516f7093fbef5a830985084dcae4912263a1c94f8b0318a3f6fcc65e248c491cc95680e1b631a9,0x0000000040bedc21061aa07596c3347c14dfbb7d14679f04d7bf1b74e36033205fb73eaf0add379dc4d808a322b037a0d4b4ab7f7a90fa463009dc293f734dfb16bbdec1c1d3bc76c5420b8f007fd8b7e951e92037a8c776fb3d3c745e31747f63d55d24aa8f04cd32ca741759563b25798c02475b4e909a7e0930a8c73dabaa
begin,5,1221,217,1566377599,13,1024,8,0x000000007fffffffffffffffffffffffffffffffffffffffffffffffffffffffffffffffffffffffffffffffffffffffffffffffffffffffffffffffffffffffffffffffffffffffffffffffffffffffffffffffffffffffffffffffffffffffffffffffffffffffffffffffffffffffffffffffffffffffffffffffffffffff,0x000000006f502a11cbde55ef3cce238055e9f718fcc378a33765d54c711d25fe8075e79482f03a96ac7883ac7d0ccdbe11bdb3b95259ccb1783f7dc98169d3917f9c742f6daa538e221a9df514d5e7ade4efe2e3a4c5d000f25cfb41005c4194a73104744e5b3d60dbe25b1cae5c66ff4fe4785a0bb1051c45fc316bf70a91fc,0x0000000000087c1e6c1f5e16c49cdb740da5c6db971582663deb4ce9195bf4e3b493e83a718c1176df9a8d117823e89ab6ae657401634164ed239213ec4a3f41151531ccd682c2093f96597a118c068e9784987363fc627a9d73d501f9f49faf2c7406fdf0838dd07ee2c362066229262dc568c1a744c502b8459c36a246979c,0x0000000050d44011cbb60e331af753654db3e08a95a0f910a3dae81c558e86434e3cb9dcc86593f4d0fc5602d83b9fa528e56325392d6e874ea8ef950b4338f4b00e47354ed965bb66ef6e8e65e16f160d0134cad2bf65b30224a1f5a93a1074a0a468883d51b818899e8c14454834a6e1a84182bd7d37976a0251820172990b,0x0000000052f2663aac27c469c386a5cd71aee0604df67c60681bdb7b1a8746eaedc70b1f1c5d55e25042bf25d65360f4e1ff1bf445aa8e4a6d7e9c95b19d1a70844d491259d6954a93b3409b769aca21cf18e8f656974dac8595d7eb240d23550216c4dd2099396b64cbeafde57734643cbcb068d2416d4cff7712cc84bceaeb
begin,5,1221,217,1566377599,14,1024,8,0x000000007fffffffffffffffffffffffffffffffffffffffffffffffffffffffffffffffffffffffffffffffffffffffffffffffffffffffffffffffffffffffffffffffffffffffffffffffffffffffffffffffffffffffffffffffffffffffffffffffffffffffffffffffffffffffffffffffffffffffffffffffffffffff,0x0000000067bcacd74280f17377a02eafc8aa8b8b3ea6f32e12589cef19df9876800a344b4f10274a2d502e3669fad25ae748507e9693f2c691339aac573b4e03f9e0dbe20564a0c0260311eaf71593965e0a69fbddad09c2eb2d1d2d096472d8537c3883403b5811f0c9c995bb35761ab9f174f76672a06daf5836f7cbff38bc,0x000000006c5052d0aaa1ba4187c9d4ec5236e9adcf9313431d23e29199928ebadce1e34ea61e7704d560551155ad3cddd299ff5c7c4527c24a3643c698689f94cf4dd6c4a27d8dec4954902d658892f45673d7a3234d8b81cd3adb60ac81518a46f57ba5f151de5e53e31bbc442f24be360dfe8487c5aae692eae591cd39367b,0x00000000005f0748cc6226b1241590640c927fdadcbe96a36ceddf0da07cd161487c9c5c0ed369556098007f5f1a05e3d640c190c26bbc83c389e29d8952cf35af3524a9bff58dba1b9dc771dad23be00f9e8d821e6017231c3e7fe84b761d5d751ab9d04f0286a3f60cc1005dc76f77480c42d9d27c02f1e8662429efeba876,0x000000006d2ecdae4f263539ad2005196328cea681603c0fae5f4775b245c1d50b21840535d2f7b884a772619de9a8586f8b906a2243ad1a3a0af7a93fd69a11945bdc60fdabc7221ed62c0c5dd38b57daae3b076810042b88376986a0b60ae3d83e75dd8003f4a6cb5a361cc97e62f6d79bb8c0799ca85793f8959ba9cc0906
begin,5,1221,217,1566377599,15,1024,8,0x000000007fffffffffffffffffffffffffffffffffffffffffffffffffffffffffffffffffffffffffffffffffffffffffffffffffffffffffffffffffffffffffffffffffffffffffffffffffffffffffffffffffffffffffffffffffffffffffffffffffffffffffffffffffffffffffffffffffffffffffffffffffffffff,0x0000000071bb520633716c8a4f85fe0b01ab4128ace86c3e6e6539600f7696d2d6c52a279d228ea2447b78bd9b0b762895ac59f17d2014a9856e1005d29b820ba04796929fe8c51d49dd67abde3339a6e47afbdc1633bb3b0827176234dd2d9e1e6b4b6b3bc7178d8fcb5b7dc61784a7443989e03d339d6777bd4a5496e55dab,0x0000000057b81b79c41d6c9f6e13eab1d568ee51c50c2c209b38c31505d5569ac4ebf18be183fed31608be3fbffa08d3082e3c6cda711eba90d19456c576b2bf64a47f60d9ef6104276d4a5c7e6e20a1d0ec17cfa20c8fe891366f437de28c829589446fefd2419269330293dba19fba0f0ce54d9098e9827a9d5934362def1c,0x00000000768ee47916448f1ab283580490688434d38f618f194610567f1fbd9163dcf99f1a7bd7b750951e84a697cc7ae1f2194ca10824a0a4ac505ae33b30da014674ae788ad8bbf47f2180f119f3a0c5ed170d6871557f6bcb856eee4ce684aef461e5824f8b780d92229667e057800ac946b5f810564cd1012164aa7f836f,0x0000000013e5bc227ec7cec6b001ef536fefe88995b83b768f3431749a1715deaae783c3d7fc93a5a49cfe83e9159e809457c1863645471267ffd0a2266041a941baf0a90642f9b785a54ba2757a81d7402df4fddb72df56bbd9f350a0c747aad5869d28b9afa85d0ec3c6e85343f456ff84b311530dc9afb66b1783e5ebb2d3
begin,5,1221,217,1566377599,16,1024,8,0x000000007fffffffffffffffffffffffffffffffffffffffffffffffffffffffffffffffffffffffffffffffffffffffffffffffffffffffffffffffffffffffffffffffffffffffffffffffffffffffffffffffffffffffffffffffffffffffffffffffffffffffffffffffffffffffffffffffffffffffffffffffffffffff,0x000000005a4da7a47894eb5df72cd25ece0ff367ca5c3acd42f7b4f9c147e23d869ad50acd2a0e001edbfbbe6efc71f7bab0bd27e46f2efb79bdc2b6d0502ae70c38c5ebcba380ab9898725437e62231a2a1a040041afa7f4a06b4e8749a86eb1da2bee6341ad6549ee57f21e6ca8408c95537ec8121f9f35e2334082e22d741,0x000000007ff00006455a0e363f1a234462913c6c98c5a5fc62a43c1ddc2836a3f109b6abedf56809c65a96c74f0167949d399915dba2fa400db5d2c3fb472b76c2a430309e22f7e118be4dc8565ae1172da0f77db2ed4adfd99d0853d711271aba9944fddb2fc09e42521f2863aa2f1753a1608223714d70a299080f3a33a9ef,0x000000006d62485a996a0a14c4b06fa7a125bf591e05b1678af64a7502980fe1c71d1ffb10b25c1414fa6a3388befdda5b5ccd50cbb8ebfe0c5868c16911e9a03b76aa19846d654a8d5f6907a79e4eab6cf81235cbb5092c4f8b67ff3f8122ee566f3c26778ef7b7ee05493a09baf307e6d51afbdff5abf4836419913c37f183,0x000000002b0d7667bac8f0305eec696c15ac9d4602bdfab07c0cc6343b794e1480af682781fbdb67d44037d265d73b2bfd39359e09850c21cebe4c6796e93eaf4ec9196be3b658b09ef0312f6803d6b5dace94d9d51de9bf12d746340de76e97094e3ffa20684d59949f587596373115deef02001eaf721fd626d457f9495233
begin,5,1221,217,1566377599,17,1024,8,0x000000007fffffffffffffffffffffffffffffffffffffffffffffffffffffffffffffffffffffffffffffffffffffffffffffffffffffffffffffffffffffffffffffffffffffffffffffffffffffffffffffffffffffffffffffffffffffffffffffffffffffffffffffffffffffffffffffffffffffffffffffffffffffff,0x0000000079a1554e753a38d149afda8e61b1194d785a6d6ad6b12e1f6990a718cdac2f6545f26e9312aee0fe86c2d08bc12ff7b6b7a13f3f2aceaa9bfa304fc55e43e8c44e86f6ac4bd1e60f91515b2e1d8d25d210228d1af8cd5ba5a2562d68bd763ab521cfeb1da31aa6f39f55bd1a4668d639959d95102b6290665592f17c,0x000000000507938c9f78baa931048c8794afa9d3e111a1f8201615e72baa0cea0117d239c330c879e67b12cfdf6da98785af913800cd741d9a9d404d7c3a0cee272c170775211bf3fb6f4b2486f4c96b5d1757378dfa7c151c4fb47874490747378eff83da82ed8404177a6c60206e4141a2ae79cce085f80fe0fc05b74faff9,0x00000000002c2453df886f35c999061f0d734700bc4d5efe88aba40427707a69aa2f6c1fa5c2c670426a6b6ecffbdcbe0a8614c3582e2ac67a7ef7d2425f4c856e36431b7e5ee381f4a20281fe7d05673122d1217c6ba9ca9c8a3633e9b4461a0ea14a1f18d9bbec6fe7074999021d46c53ad5fdf32f1656a07bc783f2668abd,0x00000000128c097b09d2e4b01d4c23ce11c1a7928060b9b4177d336f51f0f807c8db76599329ee0419485c5f6d900d5ed3ec63f5f9322e3cc6df51b4233efb2544e66cd81a4f47da6dc181cbea946222a2135112ca2390dbd76d3318791e60e0a656222570f9d3e17133e54d013063102ab4f8095ac239c91c49b23c898b08c1
begin,5,1221,217,1566377599,18,1024,8,0x000000007fffffffffffffffffffffffffffffffffffffffffffffffffffffffffffffffffffffffffffffffffffffffffffffffffffffffffffffffffffffffffffffffffffffffffffffffffffffffffffffffffffffffffffffffffffffffffffffffffffffffffffffffffffffffffffffffffffffffffffffffffffffff,0x0000000024007e204f3b021f8f3989cb65e5081273e9d07cb14f76983a05a3d640f49e997fdda200542a6e3d2d9328ade6cfa449907d4a3df7c5948da203041d4d2fc7edc5e554ad63367ab0983efb25824798d2afee5a4deaef329acab79455fa2b32305797bf360ae669d8b2e971995585f5d0c620b4b404be10d7a9083fa9,0x00000000579d14b752526893e47821fbc2d232ecc724aa09de7315e24ecd096e28a9e163ed510b48800569ba935de91c99a0fa17c5525609cd73e972035a7d66cdc4aa195d5694137b7324897b5b76b036f9575bde299aee7a17379ee3d0288835126bdf0089031e9479a70b30e9562fb53733946987cf85a1aa4256bbaf65ba,0x0000000023838ba46cfb5ae0fe4f52db7443277c1620b4e559e512d638c8d6175d46fc775b5a1de60b639fbd3e08928b3e0e1a9ce24657422b046d2b31e58dd98b3b1e09e8ec14a59d1f3d3180406a3334c5e79f7911c64b64bf7c0a0fd9dee721959529575248a414932b428443ec802f42d0574d549df1657d7322beecade0,0x00000000221b313c6cfa9a4acd7b7e8c739432165d22d434ce20d7a15bd05fc81c5784882cd3fec3b7d3b54ae8560a4c2fbe8684aefa403cb127c4f56b44a8a2126c9dc76db4e7154f839af0124c63dfb664d551ffc73be5b6ffd067c8a2b98ec4eef4ab8f3171e15316be644c7f42774ded52a64b64274a94b245c7a8cf97dc
begin,5,1221,217,1566377599,19,1024,8,0x000000007fffffffffffffffffffffffffffffffffffffffffffffffffffffffffffffffffffffffffffffffffffffffffffffffffffffffffffffffffffffffffffffffffffffffffffffffffffffffffffffffffffffffffffffffffffffffffffffffffffffffffffffffffffffffffffffffffffffffffffffffffffffff,0x0000000015ecc1d8eb8a1e360fae94ce7bfd1c64f4d6a31b3c9afddfd4377ff6aa0e1a23e8333375f72c59e5f478cee7bd2c983fa8b68e9e2e40bb46bc5560a25908531348b1552691df8e67cf17858fc194d9c8b49ea91b7f44035c25480a07de5dca5947c89532d9e83ad297d69636a877dc240476b453619dea3e3829e0b1,0x000000003137711dfbbab04899f0863342c6641d71dcd6a9efd61739e6fe0c3cd16a6bc68d6ccf22131a7cd21933b4fcd5f70c27273ec66218ef97fd8cbe5a88f40ca4a889bcfa4ecb2e3b736707a0cabd56c407c5622720dcdd5f3ccb980fea8f0d48ed1c4dddb52bf5592ec0b3d209b403b3c70e1a6e7caa102a188155bf77,0x0000000005425482c4ee3e754ae7e7b1a81f5967a3d78e17574f9b51135967048e44c8002013db1b16d69e8b7853a015cc43c8457e13af2b11c92614a620a5314091b4ab6d6dfc4fc9e98957da0f0790f2cce2bf657969e1cdc1c98a3ce37b9a79a249e2a69730214aff715938cb9d7ea2cb9a36ddc34c5a5dda64f432eb2c15,0x0000000035dcda4a803a992339def42bfedc33f217ee0d8b5ecc2d925c65edcf30398396d9715d1662132bee9189cf8383a0a1c821125ba4ab15ab05094ef9486523fd653e16fe1c5e8f2cbc9a212662303104eda421e3b088e2632936da27ba9576ffb8fe9b09e00529fbc9b31cc0a4b32a6d577ce2032305ab3b15054dfcc7
begin,5,1221,217,1566377599,20,1024,8,0x000000007fffffffffffffffffffffffffffffffffffffffffffffffffffffffffffffffffffffffffffffffffffffffffffffffffffffffffffffffffffffffffffffffffffffffffffffffffffffffffffffffffffffffffffffffffffffffffffffffffffffffffffffffffffffffffffffffffffffffffffffffffffffff,0x00000000166a5c76cc98b4fc65176629d848e0ced835caa27b9c78985eb7729aac0f8455a52fa6b7715a53df4a3f9280ee40451d93a91f379a16b03c0416c4aec14285e029ec6d387dc3a08a8c082bec1e4fa7d9a033c34fe1a16bab0b1d9fde5f4ba44f0b7686386dabe5c2ff16c22deb8d43f5a7ab74e93fda843b1e6875dd,0x0000000053ed197098fbf9c3b55fcffdfb6c83b5339580917263271ffa9bf78a3719a15b39b506137ac6717fbd5a717974bcd7403576d81368c77f580fa095f77019a08dd879c9215210395f37c89caf8ff7dced17ff030f2679ee4f65bf129b3b03071672319c03bf2604307d4d9668c3392b3078e734861829c9f54c9be40f,0x000000000d6c35ba2187b8353a93ebbe9c6ae9f37393177f8aa818f7c96a29263478a8d98193491d0e84047a8d6cf119c11c2118b200e5f1094a880c25c090e36367853f764f10743e6095f550d37b902bdd440d8d71022babe9bac1e82742902d9f687166145233573c4c8c905163e25c850af2b9a482825c0b17050af8b2d4,0x0000000059872e9818df89e4b27f64804963b4d493abf1495e5bd7e4c92af1b42f560e10137bdff0632f6be74ab8bba8d7bdb90920238397f8b127517f4c04661c55f1f8dea76806e8ebace21abf9c7bf34a1e67198dc5698ab86b2811b7ff2c992d35eb56b54be530f23909d37e4c4b23794e09c295c149bbef899e0782559f
begin,5,1221,217,1566377599,21,1024,8,0x000000007fffffffffffffffffffffffffffffffffffffffffffffffffffffffffffffffffffffffffffffffffffffffffffffffffffffffffffffffffffffffffffffffffffffffffffffffffffffffffffffffffffffffffffffffffffffffffffffffffffffffffffffffffffffffffffffffffffffffffffffffffffffff,0x0000000028e31f9876f4e17a5e3333d66c10440f733770162311bdb51407b9501096932e0a92427f4a00392f1403e0d7ab4b6b5e4a1f8311ea134016665c61944d169243e5dfdc9d2a616d93cfcb9f2217fb1e17cb84ee8cf976ff14f25b69f865e3737ad0ae455ef4a7755d7f2bad8bcf4347f3a654980d848d6822c4fbe76c,0x000000002a66166185bbaa9d053282ac4d0e82fa16a7dbdc30ee7c42483624fe011bb1e4d46be25f2bcc2803efa042537f683a74f09a800a4657d03450757811cc30c53de57149e4fa068eca8317e04880f373a1e54fa4b3c087f7107dcc32e416cbd1edaf5e029d85a64ccbbe5b063c6afe924976d5e6bcd2c065c56743802a,0x00000000731aebc0c61f76c3f5809c5eb662f1e46f2368dad6d08e339f3fcd1b4a3773e4151a405cc3a7114ba2ef8691781ef5a3264d28ca71c5385860196cee016f02a5d564e43d22221bc73da274230adb1e63d55e17ed79ad787118af2b620120437d77af1bf02c40cebe62b943a6525ffd1bd889132215986f78513e0134,0x0000000053058c3a26c537e47afcd8e9369dae0b1adbe1aa4c915bc15357ea242bd0bdbd2a040d68f7f8d24b6fd49e2259750f5e859548ffa7a5b214bb73524dd28d2f05a13070d246b6b8492b8ceb994dd6e624cf3180d927625321a4d31a1965453edbca27e8db4acc61bcd7df42437d91c4b3991fc04b3702b3ee68f32fea
begin,5,1221,217,1566377599,22,1024,8,0x000000007fffffffffffffffffffffffffffffffffffffffffffffffffffffffffffffffffffffffffffffffffffffffffffffffffffffffffffffffffffffffffffffffffffffffffffffffffffffffffffffffffffffffffffffffffffffffffffffffffffffffffffffffffffffffffffffffffffffffffffffffffffffff,0x00000000519a7591076d9cdd0041713708b6c5ee2bb01582cec68657eb02f08f2ff115faef660e49a098db07dc6e422509602ffe018719b180ac05ba11d63bab37114d1efa4b7554a05520cfbca387c70f19c643c8e40ef4527b72bb68b61109d12c149c669787145d8064338a9d848c0ab320e1480d7e3ef2281585f0c70d49,0x0000000012e0fc122c92f5c858644a956e5c039ff54524b9632bf698cb651104081ab1e55813d9298a456d3f43f90e66dd7748657e6e3bcd97863ba3b03cfb403061119cf78d461db8e6059fea6bec6b3e25f6c45533939602ca1e124caf857e7dddaa258ad12dd1225c36ccd872159a645c119bac8593978f28cd87038cc7e1,0x000000003f2d673a81882f2630c55c212efcdac850db98c46431bd6f1e5c3bc6bf09812500b470ba0020d6d5079d998d2593c74a28e17e1a7a5b9676fd93bfc502e0f79feb848a769797afb13cff7cf647068f7a8cbdff5612638991b299646b1efc799e022fe23937afea298a57f63cb679a12c887b065e55de12fbf5a95dee,0x0000000009805abc5a9de2e4b1926a20948adcfc956e47a3a491a23a79afe69109c50aa166dfe18c40c69ebe072977acfbb713afd13c2f7930e12be91e7c62475091a058d6f2b269677e843397b6942005997d70d61877466df6fbf39ad7f5d96d6ea6cdd028f8477460cbb2db0e56ec9a2c9a2c81ed42ba00ae66fb042cbe8d
begin,5,1221,217,1566377599,23,1024,8,0x000000007fffffffffffffffffffffffffffffffffffffffffffffffffffffffffffffffffffffffffffffffffffffffffffffffffffffffffffffffffffffffffffffffffffffffffffffffffffffffffffffffffffffffffffffffffffffffffffffffffffffffffffffffffffffffffffffffffffffffffffffffffffffff,0x0000000069c0da659dbbd6c4afcff7c14c26f9b9e97b29dca8466097b37c3f8658ea2baed33d4769470289ec469c4819f8554eb0434ba878882adfc6f1ca6e1239abdabcc681660023a14bd32320116676df350987ebc6d5164a6faf393ed6a0c979f40c9003c091d62d27bd7f7c5de655b8435a1e6a9b71c2401cfabf51ccae,0x000000005dcfe020ed3782b40ff0c69fe8fddfa7ddad16345caf6049ddc6b8d7e645efabbb6444b0a5204f94609352f76688fc03d57c9818ae41842777b2669395afe8e7c7d65cbb0c0729137e63e4cacd6b90364c18f052efe5a99a1a059ba33ac3cffec4a4304458ed8bfed06cd8255aa839946e46eda034e218017b4fa14c,0x000000005495402ebac781ca6153e86c443ffb755e6c579395da3cc2805212b562bcc44ba9b3021d163048b86e5739d20e9d8a6476bf642968f4b043e6235bc9deaf7304cceb382d2f555b23c57390d56f4ab5a15e551326317b149608736787fa38296c814d4745c8baeccad80e06d4a382fc582af41c5131c4852da6e0c647,0x000000000816640202d74989d2338080070adf2338d9a37307eaa03769d34f517b594c322c4e916a979763d1740e911b5d76539cb7a85b98d0bb870c13b30633f7118b4c136e1ea713daf1b8dde50433fd73007767c1233aadcd3bcc2647ab36e821950bace7909f7daf872bbf48c58a01d32377d0e6ea28197a7e60afb7e2b3
begin,5,1221,217,1566377599,24,1024,8,0x000000007fffffffffffffffffffffffffffffffffffffffffffffffffffffffffffffffffffffffffffffffffffffffffffffffffffffffffffffffffffffffffffffffffffffffffffffffffffffffffffffffffffffffffffffffffffffffffffffffffffffffffffffffffffffffffffffffffffffffffffffffffffffff,0x000000002cd2721bc6c4851955c64fad11fc76bde59448e00ffa421ea24cce431eccb4da3c8c4899cfdfc72ce4ed22c419feea3589c93e4ee4d2e02bc47b5dfc71e84cefe1f58fced9380f933a01bd58b5beaab90dd0ba4bc8fd92416f7c3c25dbf77d4871a90d6840ed5d76d4fce3d29578c11799ead9f33d938084ed277982,0x000000007f8e9b87786de69636e21faf03c981c96a2b19a50ac2ddbda21ce645b6813dfa8adb9b5a1ced97db00d075bb7fff22645889996017039502e45b9dd77c61a109b90769b19d44bde7729fd37cf9fee8bf15ed774404719f02d222f1775b212a7b4d6d1dac88e9efa751830245d6520851c01910a3d8d52a1c896ef883,0x000000004b0ccd399770e1c6f8fa9cad687635838e0cb48a99b8996f77b69c505c55436e45c0a0c637c8b942c85080de84834b2134f30de61c741cdaaaf8d9ca398220595fad1a02a4082fa845e1d3c9c71664241afaa01a5a8ace5be553ff60d4ae44c09ecfb11771cdcfcbef62a58625b483e663677a364e0f6fc8cadc79c7,0x000000005d92b95fd469afe74c92c412f86ff8eae5d99916ef15fc1a116de663b00d1378249b01066db7f0344bd5d9e3318511fa9eeb9fd723353765cc8085001facec12ecbd36845c29dfc151d0d3d58078910983d144b640f76de79f90ec5818dd70a7e7307974eddb5fff63932799608f892b5ac9ce680f177d340b612030
begin,5,1221,217,1566377599,25,1024,8,0x000000007fffffffffffffffffffffffffffffffffffffffffffffffffffffffffffffffffffffffffffffffffffffffffffffffffffffffffffffffffffffffffffffffffffffffffffffffffffffffffffffffffffffffffffffffffffffffffffffffffffffffffffffffffffffffffffffffffffffffffffffffffffffff,0x00000000684bda9e560490fe407ed02a4fad353c37cf1861d099d9c005c4ff0f06fc1193dd705e1279c313cbc67e956cab5361ca42e3a94f6b9aed3abb88ea97e52592fb0348ff2ce19cb21a6d7ad061388f5c3a5530c9b366f7f2cf9468dad6bf8eed5e961949ff760615e78895c9029e6ba5725d108402a98681c0c2583985,0x0000000061c60c6d5a6ab6b07bc07a51783fd00b1d6eaf21c8c29bab464a0b96569e79ecf12858a466ad0c58f978124cf0d92427ae3854da8f1f9cb2aba31d02e5021d1e8de4f6a1836eea257bdb5f9c174e686b6c32f8d987a22e3f1212056d5f6504cd64a0299cb3a8245ef67ca0a231818f9de82c049abb6dcfb51c140dac,0x0000000005e18b70f77b54d381478466cb058d4e455020fec72b2efb070ad76d88866150636d6d0a684f0774a889c9dc052d21b3dbaa0911cb9508cdbcc86094d33b9375922812115d235fd4253d161eef53af7036c33ca90b8d9d9cc4a93669477c59db4d8988b0a4932c674e61d015ffe31df76a3bba7666022f0f448bbcc5,0x000000005f0829adbb015a2f70f071742c4c4c9afc30f26081f45352924eccfc6f41abc10b295139a67d217e915aeee2d7da114b185f8d0eff95176dd1fdfde44769b1c299384305de6f636e81705f5508f234f016c5e81d6dbf9d8f55e66e6740e37806af1b7e868c76db77b8ed37852751d5a50555c1921ec6c4a26504f581
begin,5,1221,217,1566377599,26,1024,8,0x000000007fffffffffffffffffffffffffffffffffffffffffffffffffffffffffffffffffffffffffffffffffffffffffffffffffffffffffffffffffffffffffffffffffffffffffffffffffffffffffffffffffffffffffffffffffffffffffffffffffffffffffffffffffffffffffffffffffffffffffffffffffffffff,0x0000000027fa5f4689b58ce61f9a34591bdc9096f52af5e198bf7d831141a673da92979e3bc6cf6244951780b907d0fc0103e8471fec8b59645154e50e4339ead4d8568c333c08e89507f656076d6ec29a6ca4675841a822b038d3a06edc3f219f6bb1ecc708476da13cf39fc57b875de34d2b5f0a8b3cd22d4b3dbc1b6242f1,0x000000001fc33c945551da3b5bd752da762cf4677f31f324cc0f585abe28419fe3880ca2ae86e48dc2d078844e702291f97d02f1fae516a4742ba5258a6c9647a14aff1b2b311c1a9db7f015bee0d061633266bf025c693471f09f1ba1ee3d6a9ff3985f130faa3f778333b9600382b33d06a2814129dc7ac2e7697b978e9d26,0x000000004a0a749b3649f62735e6333b854615ea0e31865f0247ec5ad485c370afd86f278026d1a3d0dd0feca9e7af712b74cb6794abf9b85f3f979b0d5279c673aeaeef19948844314195382a40dacc0d6d509695e40bf363d8692b4276cbe74430688af5c1958800babfda33205a4f718c6b8dc5f2642d62732993b611087f,0x000000004af6eb6592c1ccdd6631a42aa3d32c1656149ab4eb943d1affe2441ab6319400ba22d03edd74acee7efc47c0297554e9f93fcbc3a9b44af112cdfd776a95636d814daac5079b9b3a5ebce1c838e8ca3f449cb7f2156e42a66f143c4aaa148ab610816a1539fe109dd16f362ecb234003d47751077418f5249532be90
begin,5,1221,217,1566377599,27,1024,8,0x000000007fffffffffffffffffffffffffffffffffffffffffffffffffffffffffffffffffffffffffffffffffffffffffffffffffffffffffffffffffffffffffffffffffffffffffffffffffffffffffffffffffffffffffffffffffffffffffffffffffffffffffffffffffffffffffffffffffffffffffffffffffffffff,0x000000003aa4ce84b8fef6a578107868d33ca403bd507b2fff912c072cdbf14eddd658dbfc2f5cbce9e251bac499dbddfe09b514a22d91e6e8f5f3063ecea6489a0525da36d05093489e89f1b59b268f56c4802fec1bd4a4d665c22b168fb358412d8b300571e6314adc59a82e36637c3e187b21e6299b57766391f6198d1ea7,0x0000000025726b9f6c0a3a24627ffeebaeb64987dfaacd70dfb0cb1239376566407ce0d50ad944909659d9d29679150c6ca1576d950d48cf042abe98929cc0868a8627dccf65c113bb0d374f95f3fe540f065cfccf8673d89763bd1f9f21b6ad62da05d83319222c73aae23f617e1c7203eaa25a8eb41d6f6bd470ad84856a44,0x0000000066921e2ce309d8934e0e6403c415eacb1424a6b0e3dd5abd7e17a9294fc8a667892260f90f1a5a959ea83948e35766e95c242e9b4a1a21b6a63dc0276b598990906632bf15486e0fe7e70ededa31f4c4e43a4bff43c67bc660a3656792a5ab290f71d9d83a5fc5071a6263b35e387af823d7c9fb135f7c792cd9e704,0x000000006af521133b3ba2324c1d3434ea8fcea53a355cf4a40d6bbf9579494dd4ef8a2c83548d73a4750b974a6e3ab25fa15c1302ac31fddb7b0985060f3d828ce0854e842d3f2152456cc788a0aecd41f54bdc2750d9f263f5b9643041c39b63fd410d0eb18caa401a59ca1592418dde93555a32a8edf15240013dc042b609
begin,5,1221,217,1566377599,28,1024,8,0x000000007fffffffffffffffffffffffffffffffffffffffffffffffffffffffffffffffffffffffffffffffffffffffffffffffffffffffffffffffffffffffffffffffffffffffffffffffffffffffffffffffffffffffffffffffffffffffffffffffffffffffffffffffffffffffffffffffffffffffffffffffffffffff,0x00000000739fd30bfaa5f12dd02c46096f058253fef2e09491a0e481d4e7d0a17353918c6fe7402a6ea713ae65ab2a406b0ed496f4c92b7f61bd4ad4b29cfe276eebd78ae288cc4605e52245fe08aa747a050756d2689f49e7c6eff6b8284fffad492164d5eaad601df24f31a724a266bcbbfea04553e1eaf57140e1bcdfbfe0,0x000000002f853eb7293b8bc33d6782624f86c71bebe505a79287bff76bbbb8bf385a74b04a1bb0bd5e58868554d85d1b81e7846c38f11f4c8f4dc09061b955ad6e6a98dbc5321b8c9502b072a08f521f96ec859f4d8c176e4cdb7ab681ba2818ed3bbe756df4a1207dc085589e49a1bcf71956a1f0d5f9c499e96729aec67eb0,0x000000003bd96f857538e4ccac1154c702c9432f10d7213db4d31cb992455f1fb6968118bb932b55a108a7559ffcee5dd773e86970d2b00435c6fc34f6ff754652728aab9834eaeaa0b750d8aa021b6241ebe2d079e44d9ef3e8cbdc99d303d36ece6696d91df2cce0f003b005500a3f8043787f5d15ef5a01d9904e328b0659,0x000000007b31b5f4feefe3fb9d2fcc0c313b95c9b020aadb80de13f8c2de139bf2b24e95e7c2f796fdcfea0c2ddf4c7129b1da43d19ffc4cbcc3644addf5db528532ce7e3a0f7bad6ef3b509ace661e0aa97921f02bfee66636b77cfa528dc78fcbe86e983ba04b46ea55b9d5eee17a2906d8333ea79cfefbe43cfa26393cedd
begin,5,1221,217,1566377599,29,1024,8,0x000000007fffffffffffffffffffffffffffffffffffffffffffffffffffffffffffffffffffffffffffffffffffffffffffffffffffffffffffffffffffffffffffffffffffffffffffffffffffffffffffffffffffffffffffffffffffffffffffffffffffffffffffffffffffffffffffffffffffffffffffffffffffffff,0x000000004fd122ba2f91926d0035d513b1d4a46fb931d79209ca0697f4ef6744ace7508d41754ac5c205cfafffd63ad0db16e47c5fb87a7664dc7d406636c26bf401b9d1fd517f1cd1d017335238398b1bc9275e7485a63176d5e83a616f9129a81da17f947afe7380b068efc8579fcd2701fd52c5147fb1c5e9a252cd4b8f6a,0x000000007163999107bc85e1aeda8d1fa528b9a04f93fe74045d7c2cbc02be29138e63e53cbf6f2dd7c676cfcec785fe14d43145cef5141bac045cc548bfe05168cfcca68b2dcaecda6eec6c7c45eb920ab1b6fc7c6af7731cfeaf98e2597fe4472d106114f2200711f704816764dfdf12fa86581e1eb39f32a9e525b5485d77,0x00000000579a657ed3613a74e82a87df08b33c0c85143b612c2fe95909c670449ff3bf0fd3d9aee4af835644bd37b63e2daf78edff1e24a41be2c6ada54a14e028ab9645d90a53cb37403dc04b0c04c35e82fc5dc09a671c723cd288f6648d5594eb83aaa7173938429943a80130d52c992feaf3da69d4b0657a46f39655e2f5,0x000000002d597bab3231757e1fe1e4209270ac4735b9ac11d28b3b5d9b730038545265f0d7dbe5eb3336017becbf03ff820f4609c7076cac45146536da061c5c039cdd1e09e9f45885ed408e91bb2827626bf49033593320487695cb344e6a606f85b4dd7d046210705cbb8985af8a9c16753d0c27821994fad14e6bca2f7ae0
begin,5,1221,217,1566377599,30,1024,8,0x000000007fffffffffffffffffffffffffffffffffffffffffffffffffffffffffffffffffffffffffffffffffffffffffffffffffffffffffffffffffffffffffffffffffffffffffffffffffffffffffffffffffffffffffffffffffffffffffffffffffffffffffffffffffffffffffffffffffffffffffffffffffffffff,0x000000000cfee9f32d9b5965408c09f90bc74173dd2809c315c60444900c6563cb4594b97643333eacf9c0464fca5a25aa84185362bd3ba1c1dce60e8a527cd080eec14ba72db25a53cc96653a47de8f42731ace7d3fabf988f2d7ec6991c1961de72382671b4137b37d9e37134a1f32458fc9f1835a3f094e0b55001aabbed0,0x000000003d03dcb8b0832d3379f8738ef1e1bd8c20466c4d71617cb9e31d7cb2281d0378c70ff8c7b0be1f90d45362229b7c8679626506518b294e29ac8f4a05ddca7d7e960deacc55c6fd2dedf333125e790f82e1d5719f697dad080a11c6c4865ff693559322228e5d3a1cbb70416d88838deb0fd1e7b6f750f3d2645425cb,0x000000002c27064126808ed1e62785282945eb9bc5492d5778699a871ef18f330a84b30d9e974742e633b187ce93267744b8ec38d5370e45aed8c28c2c3613e792ce355c6b9e8e40ac1ceb8f7237400190a0f48043683f4149447d7eacd8feae5ae4eb78b7b9d725caa505db46af1c3c0dcb8f9c6cb78dc330b4ed3399ffcfee,0x0000000029ee2fcf5c149546ed36b5be317e665369762aa5c1986d17f77a322bb1e364ae38044664609376cb93c0bf1025892e096378ef4913ca6a1eb4e67dddc47832368230d4572378ac7ee3f7e6e3248e62dbe55f7443e66bd78581dc1f2fc1454eeee07233477be11a8bf5b5df64dd34c42b30b3d4a126f9e0f9c23c02b3
begin,5,1221,217,1566377599,31,1024,8,0x000000007fffffffffffffffffffffffffffffffffffffffffffffffffffffffffffffffffffffffffffffffffffffffffffffffffffffffffffffffffffffffffffffffffffffffffffffffffffffffffffffffffffffffffffffffffffffffffffffffffffffffffffffffffffffffffffffffffffffffffffffffffffffff,0x000000004f2a8e6bc0bb8766b880a1e746911fba1e3a6e330f6c099f80b75c7513d32aa739ed790a7d0e67bcb057b976dcb6246acc1f48fc79632f252e5083152b11974c39ebd4620995f09a5d4d00c7585b930b755015df18bed9873624280cdbcf4e41ae10e0d0f4cf4c48ca03a81e03ac7ada8c2035eba82598341ff1fdb4,0x000000004accae7ef27866c9172c063cbc9d40185b03ca93ffe6e5e8f908f381c7b4095d96eb4d2532a4964e0f2faac1c57f70d3a26a20f48a979ce0bf749024ecb5a9a60e00963a1be93b7c41b87fb7fbeee92ac69dedb01b3324e0c96a34bc5e2c2c6f0e4fb689870df4a85ba0a6c7e69a61a8f0bcf07eaff86b221b7375a7,0x000000001368b6760276c18bf24ed8e0d43d68c08d81cf4841056db6133b1f32d9956100e7939ab62c5edd6ba082e014916f7ccb382aa4fcf50ee385d22431079d067a504977e7599685ff73f8b5f18b44dbc84e285e0c5c8527483f3434450e9d0f35b67d1be7a3d980b6ff9b8462a2687d34fccc6394cce258b1adf3ff1ded,0x000000006f07bfcae03be833e4af5239d781b689ad64a3f169f4c02950e2aa161aa009e41effcfc7364f99f02bebbcc393703ce70deaa885a42bc455bcc99bbe5dc79be642f63b4b24363f87957da57c83396ecbcc13839eaf34961b9dcc62115b87e18c8ab95f77549a1f471cb70e9e8eef96ebca6312c10f28f82018d94499
end,6,1438,217,1566377599,0,1024,8,0x000000007fffffffffffffffffffffffffffffffffffffffffffffffffffffffffffffffffffffffffffffffffffffffffffffffffffffffffffffffffffffffffffffffffffffffffffffffffffffffffffffffffffffffffffffffffffffffffffffffffffffffffffffffffffffffffffffffffffffffffffffffffffffff,0x0000000043ef49a382cc26c8af5e896a6e0cc0ac28099191879c7644c6ac89f709dc3d4c4cbe0ceacd0146ba4af21cafaf2ad7a1d3212a72d79d37df19d33d75324c4b4777b8ee5cb50467c311dca845fa4f8dee01d0854390ce227f08a867639ff27893538635ec9626242d78e3e55b7b7b5b1a7aedd3ebfbe47b288bad87b1,0x00000000163095cd0dff5ad3885f629030daf0d2f0d846733b40a708fa7f10a395acedf615ccdd1362f8635b821f0cdfe04dfb56e895b9bed2019875708c71a81330132a4e126440f5d9af8309191a1cc58ca01d3313e1533c869365701bedb43848cf10c6b09b4038c6cc78b4b2f92039d1de217c226e4fc3398b4825d925b4,0x000000003ddfdd06e66bbdaef12554468603f5269335b1a4922ae29aaf1e87afa1cc7c7353eeae65bf4870448655b49cc757856639a09f088fe45410e6c21b1dbecf0e160d598b39027b65a2c7b9b0b9d4153a9e6811ef2377fc5db1063e6de099d18b84765a50c0ad38bb78d343ea84b39c99a210509281dcd963e287169f0c,0x000000007efcd861f8565f24b639fc80f854d28807aeb5a28f827ae3a11672eff6e43844530d5f121119482cf0ae4ba10311b8f1f7cfd1607c40405b942f633c7537f6bcd1099a619cb21a9069a39c6d1f255ece773f1e7c49ee69c750d7b30e4b364224c38736707befcc048bae404503e9becda933231065d620c59deca0a6
end,6,1438,217,1566377599,1,1024,8,0x000000007fffffffffffffffffffffffffffffffffffffffffffffffffffffffffffffffffffffffffffffffffffffffffffffffffffffffffffffffffffffffffffffffffffffffffffffffffffffffffffffffffffffffffffffffffffffffffffffffffffffffffffffffffffffffffffffffffffffffffffffffffffffff,0x000000001db6db2c9008a7b10dc470e54d58913953daf39dd410234dae303c894d49efd40a311c1ce4f9f107d86a9975a36fb7b07418431a8d3f1a00c6a7bfab7b17fbdc24bfd6dec742962362c5dd73119dcb9302da749897909735103fda194f6465fc44f57f845e45efed345c47b91e44ae3f1d4651145a4918075b7fafa7,0x000000004a82df515d9f4c635c9baf26658eccb92e4d3897cec1e017e354bd8dc35000e967be7e2febef0266fcfc709d689c221ba7aa031dc3245d2750c2dbd2d0ade719228207ae84bcca74f632daf2a99210b4f16a3e5a80f01eca6d5d42d3af7ffbafa29eb973155cbd67efef88a9a5ae5ae4a588c889fcc2aeab335cc498,0x000000007448e7831397e24c7571a792e47720eb673a9206f6b3ea9f1ccfad1a7cf51310aeb2d4f5f09b23b314530f099014ff7e1cfdbf07441e901edf4968d6144f1e1630c9f9025828e6b341e066ae7784939ef0c152586812943363164865245753a1932ab87aa05074ff70b7c1cb979dab8357b05a5adb95c06fc66ddaa9,0x0000000003bfd0e67392cee4ac20991eaad4d7e58d943f024213084fbde9c2177bd971abd72d5bbc75efa07e10a60d75765694ca9092349de8a1538b40eeb63bb13fdb616312bae17b6818aaa16f2328f73a8c7e09d4afd4b7706fe24e46708396ebf686493c0bf2e4ae7ff6bac7e23f3d7ad3eeff5400f33f00f0082240ef3b
end,6,1438,217,1566377599,2,1024,8,0x000000007fffffffffffffffffffffffffffffffffffffffffffffffffffffffffffffffffffffffffffffffffffffffffffffffffffffffffffffffffffffffffffffffffffffffffffffffffffffffffffffffffffffffffffffffffffffffffffffffffffffffffffffffffffffffffffffffffffffffffffffffffffffff,0x000000006a185369fcef70e2fd53298550bb2a9cf4d8f41d495b81121614cc68c9bb26acc9ccb4c6975cfbfbb106e62310afa93d02cd4d15cc1ec097497f4284ef1873a1b47ace6119cf22cbd1da2b67f46e500b2e2c20c29fbb6eddcaef9dada8d711d9e0b00449de53c59141923ce3e732978dea4261038c1b0f8fa4a94377,0x000000000cbb101f6be326a43d644f0ae3b952a8f21256bc57f335271e9cd1be1e4921931e4eeb9cb72d76012a884f1d438ef5131857a5b3ad6ca646f65465b25bdac4dca6e8468914ee95c1c01336bab65e2c7d01b231afbbd02d56455ee519c7c0d803d5c5c4615b1f7d099e5e814b21671c131aa42756dab589b3539b8bb6,0x000000001c6c1d9b18ce935bd181afd909b8479d9139006bb7d3ddfa4f336134939161d6fe691c330f8eb9a57c2f56557a7dfcbf253512aaae42fc2700f59eb993872c54852d856358594a18eb975598a30639d94aee7af03b90643b307180abe632cc9f995da36e4b057be87bbd62bb16795f18ee8615d998097afb62d4899f,0x000000003e615deb794e229f935f9e047bfb35b3c64617a1713596b7079b1062972e6cbb5b177347d669b27a3883bf32294344fc19de27d481a1081ccdd14e48d62774df66680a897404531a733cf62bce262c08fe95429fd6a01cd97e02f3529757cd5c98bdc11395f81046885785ab538f89fe0afd5924afbc6fd56b7980fa
end,6,1438,217,1566377599,3,1024,8,0x000000007fffffffffffffffffffffffffffffffffffffffffffffffffffffffffffffffffffffffffffffffffffffffffffffffffffffffffffffffffffffffffffffffffffffffffffffffffffffffffffffffffffffffffffffffffffffffffffffffffffffffffffffffffffffffffffffffffffffffffffffffffffffff,0x000000007db4a90c0edb4fe0cf18dc8d8e3dc4f685be85453a47004f2e3bf153521815254bb1f8501bd1822d5a4e73a4f9f491fd0934cce9304db7593afc7d5bb5cc76d28043f7772417b783d90a683204705dda2b9dbcc3cb3a23ac70a9627fdbbda2fc84a584b552ae00bd6b85b4d645ccde29261ef5a9ee99bb65c7b182f6,0x0000000047b39d98680a1a88c33220eb1c0fa1fe3596c2b2f014676234a2640da668f8a05dcdb43901772c25bea24e60b154a56e84aeca9327e8af4156166d988a2151a3f873c50f4dee74c3587ad554850db824a7e688b0af86a3c5015742339854fe9dbfc949b38b2c5615d84441cdf7d02291b9e457d5a18a0d9ca03e0d63,0x000000002ddc59512cd24f662bb6569f473ade76474867f9a39b675bce95d5231481e2a8fd40832e43dcb78113ef1351d65fe060741259f9cdf7e483149111e276c87c0657e092b962b2dd9f7f91e97074abbb0fcc71c3ef759abe549aba7d136671054ddcd91e8b6ecf8e6d34ebf1c1cab9ea8f7917e4d1d9d6c957e0d80da3,0x000000004dd9d410e800bb45df9aaeefebb736a9441fb3acd38377fa9639b7ed5b1d31f5c4eac870da3a3f872a9ad967d9d9a2f82c4bc80984e2fa2e702f6994ce12e21edee333ad54aeb6789d6f4b877a50a9e7e1992338cebe0facfc1da631645802a467e25b9e3faede0772d7f71ebb3f76980df437726a998cb6c3c1a183
end,6,1438,217,1566377599,4,1024,8,0x000000007fffffffffffffffffffffffffffffffffffffffffffffffffffffffffffffffffffffffffffffffffffffffffffffffffffffffffffffffffffffffffffffffffffffffffffffffffffffffffffffffffffffffffffffffffffffffffffffffffffffffffffffffffffffffffffffffffffffffffffffffffffffff,0x000000005701b62214c4a074b20a32738541abb92f7950661bc5fea48d54dcb94269a7652aa6ce70d1856b6acb56956f5d4cf5fc29861e5a5f27aaa0949b95ca81fbc9eceb99ee6b8687ee8845e935e5663a8a0e3298802ac2ba2864cdd1113268f266c103da68d4aea764b01ce9c7b568e28ea3bc1d73b51ca814ab308d62a0,0x000000000509cd63a3e3eb8be53535ecb423177ef841be334a2a9f56607afb052bbe542b778b52aeb626203f8f5ef007fb0398233659353a77b584a5462e8baa8c3e1cde0eee8de415a477c0057ad75b9d1245d49c3bcffc98ba5f4417d9c7ce1aa8d480880c8d4f18717c11ddb1e2888c26f84de313b0e4094a72e5bb47903b,0x000000007253a9b8bf391cb7b528d6df1150ce74cd970d0c97d4e6dcb1148437fde237eb8c065d8dd999a926bc2185b7e6e49f8861869de753611781b8e39a647b75abeb960a33eade92c1f02a0c3f810d9d77d0d57f9f9ab843e2cd2ab0e31add19f82ff25d3e4e88be847e5d162acc09dbb1f4cc793581d8ccdc02ddc14914,0x000000001263e6a538b0245ab15ff45c7662d1a0957faa8a04a10d296786b81c7651b82bd543a465b9603b9cecc2f3fdcf44516e7af1fc915823ecdcd3aedb29c6465b80d3f3d322fbebf90d28957b9a6847a5de580cbbed102e289588ffcf0617ddae99cf7d9a031f35b37752f2f8298196b3b0c81fc545a2f896bb76f43d92
end,6,1438,217,1566377599,5,1024,8,0x000000007fffffffffffffffffffffffffffffffffffffffffffffffffffffffffffffffffffffffffffffffffffffffffffffffffffffffffffffffffffffffffffffffffffffffffffffffffffffffffffffffffffffffffffffffffffffffffffffffffffffffffffffffffffffffffffffffffffffffffffffffffffffff,0x000000006d7d64f825e1f2fffcadc98a87e30d1788e7245797c5dc3f3de7a1dfcf57a07eb1bd4c18b3bb595e1ca30aa069befa27415d07014309f80a1c8d745834f5e9f91e3924475fb0608bf3acdb63ac6841a4b03538394ae9e157ece489aef4b599dee334ca499a2206beb40299556c48ef24e8a878efa889e97bab196708,0x000000005f206e3bd7b6fd45bff36a74bb323d9bba627493a10b98f4ada7a646ac9f74cc8d509241283c233c64a7c59f33e1df7e5d89cf99f91cbbc5ad578fe3419d0250a9859b1a3c1a700fc9d3dc5139b4fce951ffd5f1a800c74785c08333a93c490a56494ec1668afd58c3d5d83c97e4429a506eb20f3cef6eaf2770be7f,0x000000004b35ac944402d46a189a1bfc1f9f01b5699c515ed97c069fed9ec871b24b9d686bfca6434373d1a4a25b90dd4b5db8a68ff55aca956b403d150d7da043bb8bde2ab3646ae3a4f3f6157686d9939b8b5aee72eda3b6369003b86f0f5b65bd22f328bd85844c6f19381200160bb5085d647388746bb10a940d4b06a7b9,0x0000000030ca0316b40a16a7e5fbb62efbc3fabbe470bcca8eafcd580de0e96f3f868a445def441c38d802e7958bb2803a4a330a31d03ef01612a93e08582be16bbc59957ca93d7546fc100c2478add856487bea0a7103f3bc7df744adb404e4cc8e0dfebe88c4f9108813c2db8227c0290ad1f41c41f2ada4bc481eeccce2b1
end,6,1438,217,1566377599,6,1024,8,0x000000007fffffffffffffffffffffffffffffffffffffffffffffffffffffffffffffffffffffffffffffffffffffffffffffffffffffffffffffffffffffffffffffffffffffffffffffffffffffffffffffffffffffffffffffffffffffffffffffffffffffffffffffffffffffffffffffffffffffffffffffffffffffff,0x00000000696deadb87d719a4e89e8682f16fb2344d2d2d46270665bdc1873d5a8395027b46ff5ff3826a17ddd1ed10f81ccfded4c08c0b499a1d48238bb82468f2a614c36f1e948835e116d6dbcdc8610904efb6fd6d8edbc26fcef4ec24929c86c2702bc1ab99833836751aed5655c4ae1f9c43ec6566439053d7dac50729be,0x000000004cc875c79f0f8598b47d4db0572b82eaeb8b94acda1c979ea5402e02ebf8c849430326bd39351febc0181e66d8c5a56c776211ade1113bb2217299bcdcf53eabdfd39bbe04bb902b4c2f7ac4ef16d3a0c7ca5a43d6b309307039a39d2de72becfee7bdb7e60db5d99889cfb37dc1c693e72a67dc9faf9c90e698d7d1,0x000000007deade54106cdee9d43e34ea35dd598747f08a6d73dd12ac7db4c4b1c6a8307a035f31e629803916a2fbbc5abdce00c63916e8570da251c5a22b4aedaa2fa170c418f50d9a1de69aa2b59199292dfc7b223e893d6ae9deb5c3cd0846de55e702e5f8f1c318a89b631f6e09100437c14dc9c53fcd7b457efaab80517e,0x000000000ff025c03b87096906e2a1116b69b57ecb7d0858b6b710d1abef4097adf71c1f7cee369056cabf62f4443d05333a5d29d52395c67943a84c1414eca409b1a24da0879de0c8fef21273e040fa235250b2e40471d189a43b4d159f5f99530134b7f25c05c6f46838a473e22a26ed9e37afb76c45aef8631a66da046fd5
end,6,1438,217,1566377599,7,1024,8,0x000000007fffffffffffffffffffffffffffffffffffffffffffffffffffffffffffffffffffffffffffffffffffffffffffffffffffffffffffffffffffffffffffffffffffffffffffffffffffffffffffffffffffffffffffffffffffffffffffffffffffffffffffffffffffffffffffffffffffffffffffffffffffffff,0x00000000622c193b22560b836ce01dde5c2300b227cb2e88558bf820d7c59c243a3f0ea75954811ca3651486fbbc95b081be0dcc07aa412a1b4e3c52392491a9ca2cf185703b6a7a09faa97843ff272cc292d65820ce05bb6782df5ed729e1d67e651c4ca5ead3b3f3f0bfd1768459e554e7f7f21bf3a2522307edb42726aeb3,0x0000000025a2d1f239c2b6d1b937925ff04706eb3c4e5f1e5ae82402cc174322f1681d16fa4e10cf2620c225d4667ad798fe4548ed8a9a4cd70464dd4b819ff2e552db9b91e88ceaa0b181e6c0d393ee44656dad86f2c77a8ad2eceb60ad911edd451c6bf099a50bb6b6a8b3d47f04dcbb71e7ecd2583552c3bfaa4ed45fc980,0x00000000003ef92a4765e8f24e6965ec406207d39c59d81a13cbd3bc86cfeb912e9b4c5c71cc10078734ed1dc8f1566bf9329559e9b3ab7fce725cc0a21a2e79b4488158d2019613b24d5fad710f518200c2996afe108dac554da2c7f9a01fce58a9cd892c0382302b676662694ec74efcf7a01e285eda8d99a7bc6fe5663e8f,0x000000007a1e491f22bf50481157b8e8705e04fb4c65e26bf0e746e9463f4c0c32f5cecd802af2dd6fe8f84a75dc167f8d03cef4fe43bdfd0d91f31e6579249bbcab1dd52021936e55fc329be9023fcf3ef8265d74891ec947a592e515e58c550f35929d827872ad86a17abe5f6b05f922fa86c7055864236fdc42c6ab377adf
end,6,1438,217,1566377599,8,1024,8,0x000000007fffffffffffffffffffffffffffffffffffffffffffffffffffffffffffffffffffffffffffffffffffffffffffffffffffffffffffffffffffffffffffffffffffffffffffffffffffffffffffffffffffffffffffffffffffffffffffffffffffffffffffffffffffffffffffffffffffffffffffffffffffffff,0x0000000036c28c4bffc01e95cbfb5c5bde2674abcc8c378cf418664f94cd5589780ae8f404832d70c08592bef666f102027359f0526e7571c53e06fc9dfcf5479eb33f7181397e0c11379b7606c22c07b8e949cbb250327acbb5107f7c84254b74e8b11abf284ba3bb0db8f29e6a91b920e6ab252c47f81d2eba9d1f357ae36f,0x00000000045982225dd201f2e2af4b2338bb2d0a532c4466ac173e044dc41d2e1e0479f64729959b708d5965927b859f79a70f53459da410507cae57129a7f3b4c9405f4a6984ab31432b71294a2925eee93b1e4eac3099641bdc58dbe5b405a1d35cf2abebc52c9233727dcba7722c545c45f7c63186467e51ecf039394a754,0x00000000591850a54c2f39746fcaa0ef1c37297059c911f42ec99dd400ee398643e956f6933364d6e77a057e1503ca8842577eb5eed1e8cef92c350cfbae34f3c3c9bcd0cbfddc7f3f4a8ed9173af218c5f79778a25978ea252e10657600b0dad9dfe99a52d9f93e6d960a7736e9145a43ea21c9c4ef37855f0606a52b1612de,0x000000005cc69743c441119aaa66d53bf4eaa39e0aa9432a9408b9677219b0160dea30c09f2ba39d791434097e3e4af098d5ca2b249f2154e346ae26465fbbcc0349fd3fe62b6ccf4b4b17375e27b8330e7aa7d13c304a0a13173d765f07df04ddbb48a9d94d9d2210def11764c101b8088549bce99a0c34d024b2e375b53bdc
end,6,1438,217,1566377599,9,1024,8,0x000000007fffffffffffffffffffffffffffffffffffffffffffffffffffffffffffffffffffffffffffffffffffffffffffffffffffffffffffffffffffffffffffffffffffffffffffffffffffffffffffffffffffffffffffffffffffffffffffffffffffffffffffffffffffffffffffffffffffffffffffffffffffffff,0x0000000061e97899401e62dfef9cbe73fd3c7c994541191cbb3b6aaf38bf684de5544c4593e2333bb3530bd38a3b71d6d49542d25c3469e1ba0cb14a5ec1bec509107197ca5a98eb5f2a4262b0632af1a4c05db65ed67f621c59108a6c2d65e801c6080f3de049203e59b2c693e3765bc62b2544c74da7e25b7e223648918a1b,0x0000000025b26bc71218f4957c0aa7261c6ebde6416c0032ac8fc161024df3d965ff06f4059214de81f21ae7eeb44d12b54ec96652a69a49d202064ed4119e6942208a1297fdb20135520542a60251b65aea510bd1cc07ef8b8a52bb742d1aa3bcdd526b7a32ddf6708685a55fcd668f1e9fe1315a88a9d97703edbfa29fd7ca,0x00000000225c147d653adb87c88636de9415ee8ae14993b9e05d78663d01cb52b03d5d84be9c28b62aaf2e2069cfe213d2185decfa592fd8103fcf233ca587d965e9695d8630b0a8ea30aacf7af38d9869dd967c6cecfa9d43ca4a4abd73f8c1b88dc7902aee328b9aaa63d549e3c3e90051ba1e4146f6e8def9e9ba738e3691,0x0000000023c33aafe9a0cef434bf7c0771d69ee845e690aec3023b8387d6adc665b1519a9ba5da999b6f4233ac6fca1523cc380fa5c17d69ffddce0c2c7338b92b992ad5a597863a377be54f7ca99eb69f8593142e7f5f262986d3af4e4a5483e81548484139a0cfe60e2bb445c52eb4cb9631be39d7b852e9e19c4b795893c2
end,6,1438,217,1566377599,10,1024,8,0x000000007fffffffffffffffffffffffffffffffffffffffffffffffffffffffffffffffffffffffffffffffffffffffffffffffffffffffffffffffffffffffffffffffffffffffffffffffffffffffffffffffffffffffffffffffffffffffffffffffffffffffffffffffffffffffffffffffffffffffffffffffffffffff,0x000000002629eae4a4da89978a255169c8abbd09bfbdc58c1c1940d2d26b3a543fafd3c1988005f861743c87f1a9b7bd2b6bc6dfd551df8d1dc577689f5abb50ed829386a971169259510a6795d50cf98c5457703fe8abab1fb5241946f6c6071ff21a6570fb82cde338b6e31b87f3da04bdf8e85ff91b1d3232d3f210bdd752,0x0000000025a531d3f4701169aeb8c92d983d92d9252c7ef7c85d267757751d9db7f77283d87a1e57d6509317b7824b4691d72ae4637ab668637c731809aa429a28d0763ab93473d4a0622ebf97aa09d11dbd905e3ab3ffe82fdcc7b2b87cc94f59b1e01ef6f7b21f854789d82e9bdbfe7650675d4ed317e3f813bcaf2a48d9a2,0x0000000061384bfac7a2034bf0e6fc9491efdf8ca00d417c0b3b535c4a5210f2e480f792fa5ecc05ab28f33acc4defe4e65a9a73fd65372b6b93ed6f43e9e0f1067cba1701e3b756ea784d455c7c3609040052da5a3239535d635b3ed712079df16272baf3bdc51762c22a3787133a36b1a61e2a6afbf6548870899f19ff986e,0x000000001e8279f206c8e11e22c3689743771b5af55d8cfc9107f9264c662b9295471f6636c7a37322ae8c34936fa193173aa08734de6ab09aa92910876bccea16196fef0881b7c0299be6a44906364d67542af34bfc69c9e9422fd4a9e009952f6ae4a213dda3c6d068e78fc6dfdffa1d63efb7f3e84fb816e9e7a03db9341a
end,6,1438,217,1566377599,11,1024,8,0x000000007fffffffffffffffffffffffffffffffffffffffffffffffffffffffffffffffffffffffffffffffffffffffffffffffffffffffffffffffffffffffffffffffffffffffffffffffffffffffffffffffffffffffffffffffffffffffffffffffffffffffffffffffffffffffffffffffffffffffffffffffffffffff,0x0000000037a257cb45423a7c6ae93418e27ee13434906d42486db78bfba6c3ef2aa993b9580c683cc765e1a19edf68e065dba7d2fb8aeba1e51c073ac841a0e5e55fa6df6ca13bdf20950350d2278d9de017862928c81e02e0c911247818b9ff966dece13179d194d5d592dd9a123a53bf0b87f954e4203b3f6357dace2dba28,0x000000007beb2ed58d01163cc2d9fc0ecd6789f2055db0d83e162cd02f54aac2ca08aec72c306630ad4e8096a04dcc47cd3241b6b42060701cc0b7b402402193001794a2e843f53210af794169c122c7504aa489f2c18f6c517521850b07944647f5af697eecc40ab6227a5a0ed2d43bb17a57aaeb6b7b0a0976e8f8ab02dd47,0x000000004ceed58503b8a30bc7c852ced4572fc93085e68c1d75563c7274d843d5ca6f43b21ab3a580df06790850031fcefab16220fe571d96a46a9951a51f90512ddd073c2b2bdbb9e725a2bec2295eccb39c72ec369ce711eab5061d78019dbdc0b9edfa9799c8e2562badc664c851aee2743a845c1bc68829563685e02475,0x000000000b0a593e51a71f47b140804e669f84752fc913f533dcde142186c8eeea58dbcf92b49e9cd497d7280cbf4b4e7d905b64d43ae7cea416b96b0174080dff73b388b8458d5704c8424d2746caacadd01adcc65a544e020f28b2cabbd5b91ca14a34dd265838e387a703a2096377c61cb4036513a38d7945cac364e6a463
end,6,1438,217,1566377599,12,1024,8,0x000000007fffffffffffffffffffffffffffffffffffffffffffffffffffffffffffffffffffffffffffffffffffffffffffffffffffffffffffffffffffffffffffffffffffffffffffffffffffffffffffffffffffffffffffffffffffffffffffffffffffffffffffffffffffffffffffffffffffffffffffffffffffffff,0x000000003a3ee06e4429445c62227ecfb733dec044b57bde76aad45f54ea6efdf780e67d05d0e257d711cc1befcd0562a3f155cd65a83c3583d2ffb14f3bd4d47c96620460d858cb457cdab2269705b8f33d82156f7dee5c9ee336f724de1b5e0fa329a6059377905477f8a6979418dfeb6852372f64f49c8b66fc6974b3d765,0x000000001c80ec32500c7b3a7dda99ddfd0d121ced32a1dced072b22b4abcb556f9cd611c18dd23442d9c59fb8743bebc0d7816812aacb437a4e3036380b4d7d6ab10bc16ca3c852aa51da9609fad8f934489e2c915e35268dddbf38f099fe0e23625f58553900d6b56a5d3d1245656016ba5c8d888912115298cf129d6342c0,0x0000000051d482fe51ab62fc2a3899cdd54609a697171df9b3a68bc3e336d58b09b7e58d76874164eea1b4660c42d57c9a852f4ad7cc0a74b8983f8d90996db46995e2bfe0d71c18167888af46954e1042784d483adfa4660f6619095fded2df76066258d541caade8ef7d4407db76b24b53c50b07a2f93ef885e8171fc5e55f,0x000000000b20dbafad88b1a388bb3664a0fe7ea63ae3eee7c884d0661b02194324875e5855248f36af85d0c88431427dca6972201100014677d50c429765f7a30ab461c53a3633540367fd6def9876910e332666e5c3c6140a70f97ac96088a3731de4093871cde66bab949ac5f05102681209ba4d8f3660ec56f972810ec961
end,6,1438,217,1566377599,13,1024,8,0x000000007fffffffffffffffffffffffffffffffffffffffffffffffffffffffffffffffffffffffffffffffffffffffffffffffffffffffffffffffffffffffffffffffffffffffffffffffffffffffffffffffffffffffffffffffffffffffffffffffffffffffffffffffffffffffffffffffffffffffffffffffffffffff,0x0000000002f1f2cef6ff8907fc156f5eeccd29bd95cb513602826614048786f85e8a64b3b669f38bd91c4337d3bcb4fcc09791d671baf68b3a1d2a4b5303579b1bbc840fe97b5f8ac64692b011fde6de88949f91ad6b9954e33cd2d2b57deb736c33f30697faff59eb5af2907d71a2a8d8820eaad9c15122a63b70ef55d3015f,0x000000001326d6fa56bdc736a13e3ac1d2c5731927fed2916779a6cc65115be1c9b028cf287849cb2732249d705ff1c08f6e779e8f69ccca0df232c0e63fab061f4edfd192a7b1f649890432b66ad822da7c374fff383c2fd7f3836e0b31e9e7c7407355198ca9dd06d3c5c853fd0e0ef9f5c5689dba475a518c749849cbf5e8,0x000000002787a3795d45184d2f4fc228c8fb1418c4722ba2530ea32674296204cd96e8bd349ba2e425215458d6fc6618cc6c26bd7bce380fe6e5c28cacfa5962a037db2f0f5e069669aeed4fd7053623b0e588ac8261e85b42ca0b5785018ba390920a510cd21bcb01fb0c998fc58035fe8097ebf825f271e059b022a1700f5e,0x00000000551db24a96096c9faba60dd1ceecf00d08347a8f732aeda660fce2bc18fb21f26b63408df480d73ec12496f424106712f0325af48bcb2fa78384725f3a2ea4cd7e82ebe7c47f3e96519fbaf7994a651e7610a4bc5140e0814614fc9aa33acb22d470a2cee4efaf47fba892f28b0950b24f8099197c97d94a3fd0840a
end,6,1438,217,1566377599,14,1024,8,0x000000007fffffffffffffffffffffffffffffffffffffffffffffffffffffffffffffffffffffffffffffffffffffffffffffffffffffffffffffffffffffffffffffffffffffffffffffffffffffffffffffffffffffffffffffffffffffffffffffffffffffffffffffffffffffffffffffffffffffffffffffffffffffff,0x0000000078fd6be45af507eaa5631449847c3b76944eb626e70089d1c641b7ac7a39c3afb5c35362cb25145fc9335eeb6ef4065100a3d1ab445638928896025e73b332090d7530c51d57792dfa943d52142e297c76146600e82501a015ca9f3701409cf04ee19eaf5e22a1daf3e274453bda5278d6e0397451bfbae8d4a7088f,0x0000000000fb7f6b35fc9f6c642d3414dad3cb9e6609148a7d31a09aac5695d460f5af63f0f47db6d6f2fd00aa759a5f9a5daa551e8f75092ef472ac6086b6b1a8480aa188ec5c4180b80ccc9af6f2e0cd4bac008041533de97b79f9af439a57e472d5d3419e852e7b1e0280de4b010d0c3794736fe1ca23684f354f06dda125,0x000000004e1592d5816a810e7c940772ea41b980fd2cda902b0ce938823f3f4aae9ee601c573fc6086be9f31c801a2b029757a43095c25f5503a6e569fa2de2939b846192474be776356716647df4f7083471479c6913ef8250e1155a4296762ad0eb5d2b59a758afa77b197164494073c66e53625ee3f00011773a0c3d4f5c3,0x0000000004eff12f43687c386bfdb4d53f02a3ad3c4a8ba4a4840f6454a7df3f46fe47e3df267f33c2760cf5c9b45f0dc49cdef11c67a9551a01f05c883c683b1c20760b3171b790ad2b6d83a7ed6a778b8adec60f69a7518971e66768245d7193cf5952082dde8c764a431c437214b68b6725023dfa4e7e2dce0fd9779895c8
end,6,1438,217,1566377599,15,1024,8,0x000000007fffffffffffffffffffffffffffffffffffffffffffffffffffffffffffffffffffffffffffffffffffffffffffffffffffffffffffffffffffffffffffffffffffffffffffffffffffffffffffffffffffffffffffffffffffffffffffffffffffffffffffffffffffffffffffffffffffffffffffffffffffffff,0x00000000661a864b50420ba0b74576096318e0f7ce566be8118e8d50aa70a931154524d412c2948f3f17bef4048e7c7d1dc3e81bf2615daa6f2a4b339d09732f18235ff309d1a65e19bd1df792121da5b11bce6156d668b07140fdf300d3349c3190418a4dac964e6cb1c77964cdc4487f4d1d595f7973f2ef614b1ffb982786,0x000000004feb53b8ccb29619a6e4ca1d15acc69579f829d3fb101fcbfb5909718fd75a24d20ff6d4943c2338fd6ee38ca4931c860e1ab5c8e952d39e0bae8f82a96ca99552456d32ca79f5b1a13557425e82106b6361c422b2b505960046718217333ffc7697651d17810e529d52a5aef5737726a74a2b7062ecab6d5a052efa,0x0000000006c88981c603e51dc29efaf132edfaf9be698ad32097cb8bdef5728233557c0271f4d41c764fe2d779ffe4bccb46abf50e4c1cfdc93b0ddc0adee0bfb41bf9eb9b3f90616e289f927581cbeee0c1e92412312e398fadc346bebaf934f8803a5208f462d267ce8da95638a9f0e89d11d8a419ee9974a7232e4b5a8a63,0x000000002ddd126fe484ec2015a6f651db59bc0e4e2d65d8016ddeb94dbbd3c5f7071c31ee89b1bd14f4b195736fecb304b830c74ba87a06339be5126d7b59d13c53719816cd97d48c5ae8d79a0b464037cad2fd0f5ebfc98eb559b79ea6c1e5bce705ad0f9a59c5373c0ca82c7e82690c49e5ea3053b80ba2e40119d16de54c
end,6,1438,217,1566377599,16,1024,8,0x000000007fffffffffffffffffffffffffffffffffffffffffffffffffffffffffffffffffffffffffffffffffffffffffffffffffffffffffffffffffffffffffffffffffffffffffffffffffffffffffffffffffffffffffffffffffffffffffffffffffffffffffffffffffffffffffffffffffffffffffffffffffffffff,0x0000000013ede22825eb49f98a7b00efe286d210883acf492c3af698352eda3589134e51c63bcca2c45beb40b1d18872bd2b33178613205d75b93d3df11d137f99ef5a38696c746e9a6d49a2d47607ad67b11e4e193ea6108f1a65e4ed4735f2b4084546bcbd68ea23701e7959e4ccda6668571a873bfb1ae60cdd476f5c6295,0x000000001d181273690074ef6ff5ceb1f896b4db1557a0e8e72dae4cde7025ac2adf3c3eab8d03355b1c251683fbb4525cbdd20814855bd1ed41a293b025f9034061a15dbe91f5d9385ad6b6ee8c0466c0c379aa11974ec3bc5083d32d8dc7cf35b75dab2cfe30e5d0fd086611202d8a473f904401aff291426abfc5fda08fdb,0x000000004d42d24da69885ef230dc5ca9cfe57e27f69d8f33f9d4c08ea03896968206b98fca66cf9cf8a518bfaf4362f7536be42ce27c157ef6c140d1b0c9cb94ab57b93328eaaee90b48a0911f1033c5155104d58da10d24a4095f469d155e15c745ed330720a6c47f0d5250bee3b5a71aa731dffed3c5fd8752bdf84190356,0x000000007a098d1abe306ca2e05be3ee3afed2e9a338e30d17862facb8e97ea66328cd13accd9bf1c4198bb59248d52c041577db4cf19db8a028068c16c3474dc1ff0d244006419e34224599b9a7bc0b98d398bf24666254c07b5ab5f3a37e1642481873ce66bf8d5aefc7d4370daa99af4fe7cdcac8bc5780f7316e30049c03
end,6,1438,217,1566377599,17,1024,8,0x000000007fffffffffffffffffffffffffffffffffffffffffffffffffffffffffffffffffffffffffffffffffffffffffffffffffffffffffffffffffffffffffffffffffffffffffffffffffffffffffffffffffffffffffffffffffffffffffffffffffffffffffffffffffffffffffffffffffffffffffffffffffffffff,0x0000000060d55d5617db9c4cc14b083c40c4d9abb9423726ca825fd2e9a25062e7e01958617b0b819604c430d036c2c222460a8428192a6957f0859bf7bd8418a804b50b79ef3f9a66c588314a85e63f1d176cba801ae5b75177380b1ed24ce74cc7e5e182781f86bc90e170387b70367f93879e956157267c786b6ec9567dfd,0x00000000675a70c0560d1135c85fd7fcc33ab1a438c3510ae60ff1021e3ce78214cc8c065014774b19c630502a78bba93f9d9d03b580876abad09cc6d211992796aa77cefb9670d01bba9dd1bce77c76df523edae55c531e834d4f180cb35fac707d4af30853fcb6973cd6de1781e127acb9dd9e086ac73190d1fc49417916a1,0x000000002276d5d37198290e16266424910771708220b8201418f1a29026e2c33502c141b7020da178b405ef9c771559e992293a588dba5275d4f0b787584fb4437f9e7c36116ae9582377716b0d914e3bd7a93313114c6ad28bd1b9ed231c258fa56c5bf975b1bd471024d1999ea3ab2bccb250c61b8abef885d9086e7e6513,0x0000000039e248267cc12c0b9b3cd4c77415302f9a9ed6785a374d2f583f82b9d42b5ed93ffde86ff3178c90e647b1b1ff03d1ff8f9eca5728183aebc22c6d894ca4b47d9d54f0bff0001067df9f56070e321818c2622b359ee6c52aa0347c72fab247ea03875eda9c67a0363b761bed78cb1349fb7d4a45ba196fdb447aa627
end,6,1438,217,1566377599,18,1024,8,0x000000007fffffffffffffffffffffffffffffffffffffffffffffffffffffffffffffffffffffffffffffffffffffffffffffffffffffffffffffffffffffffffffffffffffffffffffffffffffffffffffffffffffffffffffffffffffffffffffffffffffffffffffffffffffffffffffffffffffffffffffffffffffffff,0x000000007aba5c5c3f8504660de192c6999a033062d485cfeced888b8d1253657d54ed780db47c1dbc20d1157ecba9d3e74aa5678d8348af2ce6d7613087838c3fdab3059cee1c05713d1a13f5fc2773cf2f1de0087d77f77397c3fc9314bbcab86d398be75cb900f161da1d5a9a1ff95a6410e43e1e0276e6c1521b600e4fd2,0x0000000049bf3eb455a66897c508ce77d68308fc2a312f987c628f4f3adfa445d446f4d16a7b83f8900d80e4d7cb09d42a45a0b0c05089f4d859abdfce64ec50f1c4578a0e594ad2830728c87716d8cff154bc7496660ccbd20808badea58e43e0b283872809e7af8dea3759b4d3631bad2a7daa5f9b42c18714ae97cd977e59,0x0000000047a6e7fc31ab18af9cdc4a5cd2c1bc3d544a1a5e85997cb5e6a68216be6836a83c8ab1a744f13b0d68a4075f03868464363099c3fb8e7d4868bdb71ae6b82249fbcbe0303eb82b6cbef9aed6f8757efae948ac3fe7b666bf92b97485747bb32d07459f07cc23710a03c664c9abb404c8a40e00dce8240b75458e6d43,0x00000000452031c87eab37663dee6377075431574d862aba7603a17ae8d1587e3015e4806ac2fc59b57e5c25985aa6345d64597e0966983ee3cf505e60e64f9ba18d58309a8b64fa6780ede9521fc86d1e055dabff42469f8bcf661be92def7286e77c7a6976d123f9f2182e00c5f001bd46ab630dd284c3374acc2bfd82a2ab
end,6,1438,217,1566377599,19,1024,8,0x000000007fffffffffffffffffffffffffffffffffffffffffffffffffffffffffffffffffffffffffffffffffffffffffffffffffffffffffffffffffffffffffffffffffffffffffffffffffffffffffffffffffffffffffffffffffffffffffffffffffffffffffffffffffffffffffffffffffffffffffffffffffffffff,0x000000006d4bd8c40e6e4173362f48886827a0118b76d1ffd250cb029436fc485aa21ec6bdc0981687ebdcf9192494bdac25227bf4e27f01cc86b9269c9128ae3bc21c795c01211e6bb061666b1385ad5b513dd4fcd8fb26d593894aa84c0c0f386a927b7b55d03efef381c1073d8e0152a5feeab4172090c7ba8ee3c3f97880,0x0000000009b175f8ea644ab326426a2e6a60f99e69b65d35f59d304ee100b4dcf0054c6426d1cfe7dbf887cc1fc598a27901c60d8eda5f3e714a1c9dfa2d4e28fa76983016e79724e893c12046c4f33a88b50c932dbc13d75437b172673924b42543d2f4db73228e97e136474e869e504bcc09580853509115531f05ba640661,0x00000000679c3b18dc2279a0319f5654124cbc25ea6c3bc4f5c2823e47fa41f1ed15b20250cc7ed200b6f42bde99b60c8c6a1557690bdccd3fe01333397a48f16ec4a94425e8d90445281543d327b1e70e679df53e84e6e38aa824049f45039bb8d851458c7e7bd5588f842d555f6207aa067048f32a483cab804ffce21ac2bf,0x000000005b815d892f99218802b0ff9f396a80ad34e3d6f1e33f9269ff499da7dd0478fdf99c9f5f8b2572b29d08cf83c91a119e6185891b74b86201124319873ee1f741b459253d32e87a4a243e85c5686a835608a79404a2b61305348cbcd8c81f7bfb33bc927517d11c1b25bc579618d452be076f3542e30a74d58cfdc5ce
end,6,1438,217,1566377599,20,1024,8,0x000000007fffffffffffffffffffffffffffffffffffffffffffffffffffffffffffffffffffffffffffffffffffffffffffffffffffffffffffffffffffffffffffffffffffffffffffffffffffffffffffffffffffffffffffffffffffffffffffffffffffffffffffffffffffffffffffffffffffffffffffffffffffffff,0x000000002adc7b22fcb53d4798eed738581d115805bf7a7c3406e6c0e2164fffdc29b2d3b57d6107aa8e25f337da1ecab1e2355ffb5be5fca39cedec0ff840010dd81dab3834b5da8da1198a8001c73194661e65c1d6089cc2d73f6d5720583a28db98212c5063ee0c508ba5a4417947a3ac2088af758d6adf574df33e7dff2e,0x00000000728ddf91c7945492b4d7d7fb30aad8eaffeca43ee0987bbcc39fa1eb12196d8401c0a18ee3bb9415dd155ad5052903616f000adf77675d72d204a2830f323da122b99a685fbe2a2622b2d6f3f4e153a1a2b9cc9cbed992b6917ca60552bf9f16a8dacd8530a04a69ea046a9e6945cc5ff300834afbdc3307fd8ca19e,0x0000000073cdb422faa2912e53413d14cfc765e5f85c5079ca9da6102f39e82b8eed2cb894d4feb72f4b053e46b530ad445ecd1e5ec6f69b19675cd59acbcb80b3e501547d4f5bd48502f2aeb2bd1e076fccf30705b9b31c45d41567793d6833b1d6ee4e509a95c0fd3c82d85da3d8e8f985858a9e81db5eb8267744830bf158,0x00000000079ceedbf1b3f24d63d18f9996db19d5599382a24bda3db0c4fde48169ceb0d030f2b6a40c0f39e94e41d12a08a036b34cb5be060dfdd97aa2cfe286dfdbbee31d2decd8e5573a1c4958a1c35f2a98219936138df8901cba3e6c372ec61da7a712029979a77b3045e3f2e7651c31ba9ceb4abc972d8cedc43e68b81c
end,6,1438,217,1566377599,21,1024,8,0x000000007fffffffffffffffffffffffffffffffffffffffffffffffffffffffffffffffffffffffffffffffffffffffffffffffffffffffffffffffffffffffffffffffffffffffffffffffffffffffffffffffffffffffffffffffffffffffffffffffffffffffffffffffffffffffffffffffffffffffffffffffffffffff,0x0000000055516f7064f77343fcae005318d3f1534c4425c258cec060156c1c676d00cc0943a73fdbcee634722bf193b956d3135b8ef040ea028586bdf5d786c10378356f106d241801575b7cb682fcf2fe819da03d1aeccf4ac80a5853a8268cc9f92f2be10e99d4f6af22a0f2796face193f63a645f7d325fada75a9797fec3,0x000000002de4599ce4463be37c6d330bc04ce89ebaf111112339f218e05fe391bed465ab3b9ddd6e40ff95ca924e22e8b18f23dcad2abbb20481522a807a796c1485cb80494dea9534ddf012fff02c7b8731b6132d00d40a9a7b6fd129390d27c48812bd15b7d2d5ac7fa90c55bcecb8839ce7114e395fda7f4a1d8cd05b356f,0x0000000028eb06542fbf1d2174e14d61df46258448deff804550800437c54959204fa330b7b124a8e6f84f95a1e8e45923cdffd43e70d71708476451483f54f1c55fea276e9e9f6bff2d850b31cf6a319e913b75302915febb00e6f83f32178d6672cb51d5a5538e35b0bc7941722a0f104c6b273bf30a771a2afbcbda90d7b5,0x000000000287217cd4b8649770866cd6f3dee1088c43b744b2290b97bb9e5fc7dfaf0dcdcb4ab052496d65b0d41f9da739857d580c9b1179d0a35886d16420dcf4d3decab3266af29403afd06c2b3c2cf4f969b32ca13931f8a4b983594cfacccdc9cef099d5d674e42d3d300a4b2b13b8d79d030fc32b78ae1ba22cc83e05f4
end,6,1438,217,1566377599,22,1024,8,0x000000007fffffffffffffffffffffffffffffffffffffffffffffffffffffffffffffffffffffffffffffffffffffffffffffffffffffffffffffffffffffffffffffffffffffffffffffffffffffffffffffffffffffffffffffffffffffffffffffffffffffffffffffffffffffffffffffffffffffffffffffffffffffff,0x0000000036dcbfe02391b412d35d94ae9a449957cec435a357fe79654142bab3ca0fa11cd029cd283aced8a05d1cfa528ae27d6f6df0b129cdbbb61031172eb21a8725867693b0c314a689fe540e3bd90c5812d80701db0aaf49da388c4d19573fc62e7a4c270e26bff0251e593dc5d87338f20f9b6444ba6c040e0be3675400,0x0000000055f96ba3296f3f7c56b94d587f851c2263f7f91ffb9daf0b585ae166d03d7407890e9f11b73c28820c0c9d45bd74cdcb2c0d6415a4bea57015229ba133a3a7f7c31b2fb7496a8203c2ca9fced17f1cf4908ccad4cd61ce551fe28c505fe3737c3e2b13106c013999356ef00fc7afe64f04f216da6fc1f7ca6a7c5277,0x0000000071da99d4675ac45c8eccfbf913d24a9845183773d128138cfa1fa05a8161222d192bb4b389561eeb6980aa16039e4be5b108ad3ef93bf55bf1e43174d44ea1dca1b64b93414a5c519bbeff3e37d54b38aa0a90d6908cf3d4cf0b056ad90a5effe5edd59c4accb463b1a044fac9232470efb671c3a7e5ed5d2138ee00,0x00000000452d5e08cc89d4314128556c2a1d79a4dfa65243d6eaf22329f31a1542e5252b6a5ae15b8e43f76e4e48541b0da4e958c8b3fe395837d8e316ce3f5cbf8f9b92bf9a318a4700a81e73d989a15770668ebf07a8be4c7c89b52817c582468df73deb896f8d4e0d28712b7284af41a1798600009e329b43c96e90ff3041
end,6,1438,217,1566377599,23,1024,8,0x000000007fffffffffffffffffffffffffffffffffffffffffffffffffffffffffffffffffffffffffffffffffffffffffffffffffffffffffffffffffffffffffffffffffffffffffffffffffffffffffffffffffffffffffffffffffffffffffffffffffffffffffffffffffffffffffffffffffffffffffffffffffffffff,0x000000004374555a52143f5a85a2b1e7fcf089d1c6ac655d35033ed55aeafebc1635002ab372360bba7bad299963035bc6e9d5a66bf19fe63be3f7c9c7590128b6f537309e34cc000d649881d1f9ce251bd35a254f6c4e1fb9b45e5538f0b2573bb991a66ec5b4e83db7c69fa4b58a7432af84890adcc3fba287a69afec8597c,0x000000002c5d8206773e0c47bd8df4948673705a169db974a879165fc6a5cc2f428a8d353563c60fbee724ff128e18d1d1ac1ba99c1b339030ee9f0f634bc9095e000f924065112f93bc472c80d77a7c4d3c2ef2ee443b82cb429147b3083782cf9dfb953754259980922bee09bfe6abb13eb1c78492a808f538afc6d03c5afb,0x000000002170d8df4cb8c1ed578ebbfc1a29d42c5671b1a83b66b74827af3a788f9695e9ebb3345c0cb0e51cdb24c01ff7ae7c26c8eb2d43485c10ebe456b15467cec0b0fb349edbf81b4ca8406d7b0ff1eb98850f95dade598c982f1dd19a52683c484c4f95c4a18d239d61536039540efe2e4bd217a3919c72a19d7672e9b1,0x0000000045812d8e56c8d7cd29f60acd370ccd37870fd749930eb4f751614e591383dde30a56e4e5ee7603f3bd8cbfa4372fe2fe68d7592edc8bbafc3e9e6e2aa79fbad3ec604e36fb4569caac471f98e81934b00557830a15793d54b04c625c49525cb85eaaec309dd4a6b490a3bb4c10c0e67b1496d428e3d830c2dd2506e1
end,6,1438,217,1566377599,24,1024,8,0x000000007fffffffffffffffffffffffffffffffffffffffffffffffffffffffffffffffffffffffffffffffffffffffffffffffffffffffffffffffffffffffffffffffffffffffffffffffffffffffffffffffffffffffffffffffffffffffffffffffffffffffffffffffffffffffffffffffffffffffffffffffffffffff,0x0000000016e873b802982c16a705c806b6b8ca2df70387bff74bc8e9e733f7879e10c9771f9d8b7ca36f54b176da1a2ee44230b5b2d048030642e0cb3a7f8f768b15789d7a20f74296cf328fe2cc3bfee39ca28ef0f8c428ea16286436862516d676bb89b8ada2394101136a06ff52f3dce808e6b91ad53f64e22257ac89abe0,0x00000000748cefc2ebbb7a8236647dc9b86ecb9fc0cfd36bafc27bae2167f8c8421be9e3ad33e249659c411e9ad4e3bcaaccaee8c261c628973ca581454f9f4a9c63167ec08e79568e461e7b31d7414d563392a1666cea5a324091b87fa45f07169954b8662e3763f20654bbf1e380a04ba775fe3bffe9f1e65fb4bb64722150,0x0000000075f716906ac73b82014c2052baa78b17b6ab698afbeec761c736b25d7f5e8d88f624e16b9f19d0eaeb693d29f56f616254cceadab4cbea00562f98229c1eb62b2b654df48fee5ef8a16c3ba14fb0f0d0f0952c0cf8f92cefdc02d179d98ada2dca772b925f78bb57ee629c16c38b7780ab8c759debd8cd1170663ebd,0x000000002a03705076ba84ed1cccca7d7376a3ded9d02adf523942cc88c28856207628ad95715b7b7c5759a023b4f6a8cee82719888a28039ca7797eb567ab506ec811fdfded6d973afaf8bde117aa4ef489ac8cf6abeb594297681a5fa39216490c5f5fab575d284b15fa8e19de21f4bd99da7a4e6467a847b3d2607006c10d
end,6,1438,217,1566377599,25,1024,8,0x000000007fffffffffffffffffffffffffffffffffffffffffffffffffffffffffffffffffffffffffffffffffffffffffffffffffffffffffffffffffffffffffffffffffffffffffffffffffffffffffffffffffffffffffffffffffffffffffffffffffffffffffffffffffffffffffffffffffffffffffffffffffffffff,0x000000005ba1b67e121c5a7c016478c81f50d10149deb3a950dbb541b4005ec0f872109d3d933a939c15f3cbaac270f453ff45cc2e06bc4678877a02b35c90f7f29a96a2d651538feec4e84294a93a08680f31d20a0fbe421d5b24d309ae89766782ea5ace282c842763984484c4aef66e46087b5484ae345c15a83a62af7380,0x000000004f8cedb53e0d3fe56c8aa19f9c6a7a51cdc2ae20f647240570b3f7d5ad5cf776674fd2d4845dff4616eaacde20c3bc182eff8159551fc683296661d09056f0f198f3dca46c3ead94dce29174893fdc39616eef912a06dbe7aaf0ad998bddbb1c11c2d5ba0ddacba9f5cf8cacb41d8c64eb5a32186e8e61c54a570d0a,0x00000000363595b650286e7adb88f276ff027724af4e2b81ffa0aa0bda46242d8c017515fc37f72030deecc1db3c099fbd4e17fb8ab1cf8af82cbef9a828639e408acf905aa55ede650ca4903b26835a40d7fdbfe9a89fb64330038a376094a4a267fc9249c2dcd82589f2ac2686f1d0275f36f152a99974a1385eb455c4ecdf,0x000000000118163aa2f2c51232b8fef05150bf699e32ddb44a9b905d2adb735c0ddbd35b4127be655e72b88aa2f3102d97b13c4bbe6a212cd814cb9d819965f71f1617c77274a3063bb91c83622b2df96f6e5493e6349ceafa84b09a2b0176cd353ac65e23f1aaca6547d69a7b7a499ec4f2fb3105667d98823b52f5217a9aa4
end,6,1438,217,1566377599,26,1024,8,0x000000007fffffffffffffffffffffffffffffffffffffffffffffffffffffffffffffffffffffffffffffffffffffffffffffffffffffffffffffffffffffffffffffffffffffffffffffffffffffffffffffffffffffffffffffffffffffffffffffffffffffffffffffffffffffffffffffffffffffffffffffffffffffff,0x00000000534804ba74d10b2d84af4f2d9b268f0d9fe630dc893d6900a26c4a426676f255afef81633c590995d735061b0fb81f98366606dd55fecae4a7fb62ff1239117134cd28d41b2e59be976b6fc406eda7f3c08d6d37b4133bf9795f535d2703ee3513c9aa890732e3c8fd75a72f287e513a5dac79106248b44ce512dfc9,0x000000001cd9ed7d3dab1495e22d0295d820f1e4f760c5744c847839344b0d72a4472becb153e288407397eb131aeddff0a1a85e026c3cf4ec3bfe398beefc378c5c0ae7f8715986b0e229403f6979e9c120f4a292ab2f98e589c1ea4d3197593ebb302930c052d7d56e2baff012d67977c3b948e133eb1bc6f0b24c59836ce4,0x0000000003e0c76b6a6609e83d0b48aa09ebb5193e607c8f5ed265c4d5d57e9b0858e5e4384e6973260ba80262435231743d5ef5d5021bad55c7c794075edd3412b35fd0ec7c19e18332f23255cb1350bb8e15efb29d7ff59285d9e11293305edd6d6921bffb031a626e6bb184af6809eacc08cb564dd5dd42211a7c2ecafb44,0x000000002f12e828af34eaa3b8928e9cbe4296211634101d58418dc463f3dd55b79aa129fad1f714e9e47788bb0964595977c64f57537149bc191ea0c5da4c64133297c97ad1e6995e843c9ed1df5a794e53385a828c50541e45dbdd82bff4f7d9d7de41549f80709748099bb02838ea265f65adf147c22ee7cc223c81df7a55
end,6,1438,217,1566377599,27,1024,8,0x000000007fffffffffffffffffffffffffffffffffffffffffffffffffffffffffffffffffffffffffffffffffffffffffffffffffffffffffffffffffffffffffffffffffffffffffffffffffffffffffffffffffffffffffffffffffffffffffffffffffffffffffffffffffffffffffffffffffffffffffffffffffffffff,0x00000000339e90cc3e6a0d6c7a97db6ed9aca0fdcb48e02f246995113cd9536a4bf62fcbce6f35ad1a5110977892b6c072f896327f189e1191d665a743f2483ad9843738f9b6052cb8100f9928abce728480b926f0b3a810a6559b406330e3bffc0fb46bc6903adec55da5082d978ea2b1cbce6444c93251a68e9e64b44354f9,0x000000003034fe47aed2966cd5d00c709122779f735477ac984c74e08dafac0db1ae9415abdc16905bd0379b5eaba6c1cbf43878eec27bb7b7e6902389a9bad54d64d1cf486cab6e976d95934149c04f08717f8dad4e71fcb7a199472b1986638f4e4e854e024e08a0f356098c54d40b07af349fefce0d1de7b2837e8ca035d7,0x00000000650a1b6eb0f6279e895ff816d9ea6921a94592c4733fb1ae4bd17c0a867d73e220aac41ea657f00809e58edfc1b3d8723bb92c36562d053bb90ad969d391451297d36fcdf017e29f87bb03db732d74bac7a8ee303e4884697f8bc9c1570620354f32f93c242dbb8a136c03071332d450492a4d2a0aeca0615e7073fa,0x000000002d0fa38ee84ce4e56e3e2ca2fcd3b0ee2ef09e45f06be6e78245f6bd93db361d9bccf5bbc6c8073832a1cda4eecec3f2d44875b85ecd4177537a82ffb9791fc738ea47c9f8241c03bce6652e9b612b08c77d1d11b3bdcacd660db8fa1572b9e9112fab5bc0bf2081199858667b375ab3679380788295c239daa0b251
end,6,1438,217,1566377599,28,1024,8,0x000000007fffffffffffffffffffffffffffffffffffffffffffffffffffffffffffffffffffffffffffffffffffffffffffffffffffffffffffffffffffffffffffffffffffffffffffffffffffffffffffffffffffffffffffffffffffffffffffffffffffffffffffffffffffffffffffffffffffffffffffffffffffffff,0x000000006720a8f19f469e5d57564d1a2b0f505cc24106faea7b473c18bba16ad8419a6ec0f7a8c189d63868da3b9391a099028236189df731b2a095ea11812d45d714e20cec5d79434f33f7a20ef9f46d2c28c87331e555c1e1168f786f44b6213cc46af0636898c67abf577e52cc0d02732badcea2d4991ea9ae34b94ba7a5,0x0000000071091521133d5943ebc9f7dd4ab554de650de53e7427cb557f1f2666b8e02b99ce3aade551143ae69e6095ae6782250abf5a2cf10b477f9baa8c3c58ab44923fe17e21aea26d8bcd0452b5c87c0cda346ff4741d569b4c3d1edbfbdd268b2cbe33ce8d7b8961c9048dfb3f53bc7c721b47899c71b2392838825d84b2,0x000000000debe20595cec37499ed3493d2d7d363a366c6d1a836bc6b2ed220b3f74d91e7a91dfde909ed32a537d6e76d76f385a081a61691daae1a7237531bb6ed771facc7a5204b6ff491dcff91328961d86f0cf0b6fafed632226cf8822be6431164f28369babee9644f998bceab5763768cbeed6e49a24fec9f0025028814,0x000000004ece4b83c3be6983606b420fd3eebb600bb17ca5388b36cdc43379e4f5d73913d5f8b7a79c113d04a3f136dc62cc8365e37bbdb78a8119fe3d757786b1c50a0946511d1768dfbf096faedd49d5b386d7dd4514aa42283bfd5449294a560d60982de6bd84fa71a400853202ec9a1705441adc0013679a696ba6bb57ae
end,6,1438,217,1566377599,29,1024,8,0x000000007fffffffffffffffffffffffffffffffffffffffffffffffffffffffffffffffffffffffffffffffffffffffffffffffffffffffffffffffffffffffffffffffffffffffffffffffffffffffffffffffffffffffffffffffffffffffffffffffffffffffffffffffffffffffffffffffffffffffffffffffffffffff,0x0000000079faed24464d8d199a7a7deed98af2a732678ababfdb95937c7884b08adfa702eaff3f5e8c7cea3f842acb4d7fafd2ba47dd0df0cc9a410ba39d52b813acc0daeb3bcb5b86272f00a0b2bb4f4fed5813370e579818918def02d3e4e41db8e0ef8d0e76e36d530a5b66f6846788fa0320a6f2f75a73964c160da629cc,0x0000000061e53e04845dddec14a5cf0d7505431895781574bbd87916ef7fad74b0720a47086cf1ab92c64e7585329abe5e34fb4dbfa7a8ee496e9600af0d3d35785cf129d5c9874c2f7f181fd5c24161cd6d37f512c2b6c871434be78aac521ed11d2a69f6ba395e6008ba40788139a85fac51310617572108d2bb378825e7e7,0x0000000072d816284484b965731d63993b4d8d6f01c7d185d997441656e95b45b2a6ea5b0a723425155d903f1469aaf96071d735ef92b083b0ce7ec61db5756f308e055ae0b7692dc1ab395a9197b8c88c346af0529d2e7dab86e9e69f0f63972bfa1a8e6a0db0d3e445de813cf3ff0c88915e752423d58d611515125244327f,0x000000007fce309de982a85900a1d6e41215f8891627fdd82b0d1b8b2e5be4f6110f7e1bfc8a29f96cafbed7e0dc200ac1ec0733b793d19cae9339bdeaa2a9a26eb14da11064a5bcf08a3d09de61bec6275f71cd30894cc139aacfdff8141e832b42a19c972b0f73347018b05433938e5736d0f4f60a4333a74bcb3b7c696c7f
end,6,1438,217,1566377599,30,1024,8,0x000000007fffffffffffffffffffffffffffffffffffffffffffffffffffffffffffffffffffffffffffffffffffffffffffffffffffffffffffffffffffffffffffffffffffffffffffffffffffffffffffffffffffffffffffffffffffffffffffffffffffffffffffffffffffffffffffffffffffffffffffffffffffffff,0x00000000778d4ff85867a7d96d3a2d64e55be84d58c5f464e9ad89d83da01a823c4d07aac2adb9ab3720154ac3dedf4226025d6a50c7a91fd7225ddc631fe5b1ef6ffb91779d331e1233cb6fcd0f69d31ea228bf47fc7f99e2c4c22caf1dee711db234079c7230a665e394ef83d51e4a8c52357f2ba57288251d3a1e9fbc6415,0x000000007998ec7fd68d051e0ef026966c2c2839df24ef344f73d92e211c3fd6916330755f4321802caeeae73d40164054e5a7f59f2965252141c93b6f507d86531f8208be35f7e4720f89cdafa9b055975fe5d5f99edb35a80b4b8546b4a10e0edf251e90fcdfc5d23cfc0003782bdc94def81021ae25db0b1436a78a8f034f,0x000000006fece166c9b407601b5c9d986d00cbdf6200227eb19ea81fc72a2e3161b9a4c88df703a6ad145d48f60fc4eca482b4d235d9ad408861eff5890c7989400e07f735c5b55223b8d69c706436775c66532effbd55dab2a28ba9ef515a5cfc5bc09bf3133722b5abf60f608a0de7c683265cbaa7d1883e100b23e8da6ce9,0x000000003855655f9ce8e725e2930144b90f2491c4090c74a48963ac5bda531bf5b68e147a1ddb852074136dacb827806b17ae9e26736f00a0144f7b4900b088ed69e1e5340b326472aee74d16221f2447b0d9bd6977e288efef216c846fa3d65ca14072aeb5f71667f946fa686e36ce38d0f3850bd4de6362835532886f82f7
end,6,1438,217,1566377599,31,1024,8,0x000000007fffffffffffffffffffffffffffffffffffffffffffffffffffffffffffffffffffffffffffffffffffffffffffffffffffffffffffffffffffffffffffffffffffffffffffffffffffffffffffffffffffffffffffffffffffffffffffffffffffffffffffffffffffffffffffffffffffffffffffffffffffffff,0x00000000534c4d84793242365e86221a0992560c47b61d2f57118ac6c9bfe9894ec900f71604843dd7b0627cf0c4fa601c06a9f72d8953da50b5555f03f47494aca7972e04d813552bf4012eeb447accea59436c4a09fa27e1d7e53668a2f23d9beb29b494ff44722951e1de1feb1df132a666914e31d5c5c1357855b244a617,0x000000005266f215f2b761066a8d1e60fd598408a5c8c8a2c6382bc1cec75b19445a2d5f184cdfb38e1a396dfcdd139f89681590e735465b7b1469800eb8442c28bc8f8252970c62db990ad233b5236cd22171c79f89f2f65a6bada43dabc23bccb1008a5bc50ebb52504ccfdb624ad843df7c5909d83e40beff4adf052f40e5,0x0000000040f27dee1366bb52139008ff89be78c19ba76868c592fcc8fca7de60702530c3541f3e7f5b5a779a21bdf7472e130d15209a686648c7bd0b6306e7d00ce07991414658b3bd37710d7771c2d0d9320ca2adae83d3abc80a332d05d06366184a2a46cb4172108796ceffc2c8276f725417d4ae406f38e93814eee011b2,0x00000000059f0ccb52e96645e57fac54df36214b868bdbf71385f541af487583657e1571fd1a7564b0561b8cd2b065beab0e5b2be2d12e8a8131233f783755a0fa966799964e73443d364f418d7b2213cd9160e7b64b8424e0ad7aef799095961ebde475d8245d1f054edd890a90adc3cc5c7b6e39ad8261c2109014fd6b3d96
